Regions,Prefecture,Municipalities(Japanese),Municipalities(English),Dish_Name_JP,Dish_Name_EN,Dish_Subtitle,Pronunciation_Guide,Audio_File_URL,Is_Quick_Bite,Is_Vegeterian,Is_Dine_In,Is_Halal,Is_Seasonal_Peak,Season,Main_Description,Dietary_Info,Price_Min,Price_Max,Visual_Cues,History_Summary,Did_You_Know,Key_Ingredients,Cooking_Method,Toppings,Google_Maps_Query,Image 1,Image 2,Image 3
Hokkaido,Hokkaido,愛別町,Aibetsu Town,,,,,,,,,,,,,,,,,,,,,,,,,
,Hokkaido,赤井川村,Akaigawa Village,,,,,,,,,,,,,,,,,,,,,,,,,
,Hokkaido,赤平市,Akabira City,,,,,,,,,,,,,,,,,,,,,,,,,
,Hokkaido,旭川市,Asahikawa City,,,,,,,,,,,,,,,,,,,,,,,,,
,Hokkaido,芦別市,Ashibetsu City,,,,,,,,,,,,,,,,,,,,,,,,,
,Hokkaido,足寄町,Ashoro Town,,,,,,,,,,,,,,,,,,,,,,,,,
,Hokkaido,厚岸町,Akkeshi Town,,,,,,,,,,,,,,,,,,,,,,,,,
,Hokkaido,厚沢部町,Assabu Town,,,,,,,,,,,,,,,,,,,,,,,,,
,Hokkaido,厚真町,Atsuma Town,,,,,,,,,,,,,,,,,,,,,,,,,
,Hokkaido,網走市,Abashiri City,,,,,,,,,,,,,,,,,,,,,,,,,
,Hokkaido,安平町,Abira Town,,,,,,,,,,,,,,,,,,,,,,,,,
,Hokkaido,池田町,Ikeda Town,,,,,,,,,,,,,,,,,,,,,,,,,
,Hokkaido,石狩市,Ishikari City,,,,,,,,,,,,,,,,,,,,,,,,,
,Hokkaido,今金町,Imakane Town,,,,,,,,,,,,,,,,,,,,,,,,,
,Hokkaido,岩内町,Iwanai Town,,,,,,,,,,,,,,,,,,,,,,,,,
,Hokkaido,岩見沢市,Iwamizawa City,,,,,,,,,,,,,,,,,,,,,,,,,
,Hokkaido,歌志内市,Utashinai City,,,,,,,,,,,,,,,,,,,,,,,,,
,Hokkaido,浦臼町,Urausu Town,,,,,,,,,,,,,,,,,,,,,,,,,
,Hokkaido,浦河町,Urakawa Town,,,,,,,,,,,,,,,,,,,,,,,,,
,Hokkaido,浦幌町,Urahoro Town,,,,,,,,,,,,,,,,,,,,,,,,,
,Hokkaido,雨竜町,Uryu Town,,,,,,,,,,,,,,,,,,,,,,,,,
,Hokkaido,江差町,Esashi Town,,,,,,,,,,,,,,,,,,,,,,,,,
,Hokkaido,枝幸町,Esashi Town,,,,,,,,,,,,,,,,,,,,,,,,,
,Hokkaido,恵庭市,Eniwa City,,,,,,,,,,,,,,,,,,,,,,,,,
,Hokkaido,江別市,Ebetsu City,,,,,,,,,,,,,,,,,,,,,,,,,
,Hokkaido,えりも町,Erimo Town,,,,,,,,,,,,,,,,,,,,,,,,,
,Hokkaido,遠軽町,Engaru Town,,,,,,,,,,,,,,,,,,,,,,,,,
,Hokkaido,遠別町,Embetsu Town,,,,,,,,,,,,,,,,,,,,,,,,,
,Hokkaido,雄武町,Oumu Town,,,,,,,,,,,,,,,,,,,,,,,,,
,Hokkaido,大空町,Ozora Town,,,,,,,,,,,,,,,,,,,,,,,,,
,Hokkaido,奥尻町,Okushiri Town,,,,,,,,,,,,,,,,,,,,,,,,,
,Hokkaido,置戸町,Oketo Town,,,,,,,,,,,,,,,,,,,,,,,,,
,Hokkaido,興部町,Okoppe Town,,,,,,,,,,,,,,,,,,,,,,,,,
,Hokkaido,長万部町,Oshamambe Town,,,,,,,,,,,,,,,,,,,,,,,,,
,Hokkaido,小樽市,Otaru City,,,,,,,,,,,,,,,,,,,,,,,,,
,Hokkaido,音威子府村,Otoineppu Village,,,,,,,,,,,,,,,,,,,,,,,,,
,Hokkaido,音更町,Otofuke Town,,,,,,,,,,,,,,,,,,,,,,,,,
,Hokkaido,乙部町,Otobe Town,,,,,,,,,,,,,,,,,,,,,,,,,
,Hokkaido,帯広市,Obihiro City,,,,,,,,,,,,,,,,,,,,,,,,,
,Hokkaido,小平町,Obira Town,,,,,,,,,,,,,,,,,,,,,,,,,
,Hokkaido,上川町,Kamikawa Town,,,,,,,,,,,,,,,,,,,,,,,,,
,Hokkaido,上士幌町,Kamishihoro Town,,,,,,,,,,,,,,,,,,,,,,,,,
,Hokkaido,上砂川町,Kamisunagawa Town,,,,,,,,,,,,,,,,,,,,,,,,,
,Hokkaido,上ノ国町,Kaminokuni Town,,,,,,,,,,,,,,,,,,,,,,,,,
,Hokkaido,上富良野町,Kamifurano Town,,,,,,,,,,,,,,,,,,,,,,,,,
,Hokkaido,神恵内村,Kamoenai Village,,,,,,,,,,,,,,,,,,,,,,,,,
,Hokkaido,木古内町,Kikonai Town,,,,,,,,,,,,,,,,,,,,,,,,,
,Hokkaido,北広島市,Kitahiroshima City,,,,,,,,,,,,,,,,,,,,,,,,,
,Hokkaido,北見市,Kitami City,,,,,,,,,,,,,,,,,,,,,,,,,
,Hokkaido,喜茂別町,Kimobetsu Town,,,,,,,,,,,,,,,,,,,,,,,,,
,Hokkaido,京極町,Kyogoku Town,,,,,,,,,,,,,,,,,,,,,,,,,
,Hokkaido,共和町,Kyowa Town,,,,,,,,,,,,,,,,,,,,,,,,,
,Hokkaido,清里町,Kiyosato Town,,,,,,,,,,,,,,,,,,,,,,,,,
,Hokkaido,釧路市,Kushiro City,,,,,,,,,,,,,,,,,,,,,,,,,
,Hokkaido,釧路町,Kushiro Town,,,,,,,,,,,,,,,,,,,,,,,,,
,Hokkaido,倶知安町,Kutchan Town,,,,,,,,,,,,,,,,,,,,,,,,,
,Hokkaido,栗山町,Kuriyama Town,,,,,,,,,,,,,,,,,,,,,,,,,
,Hokkaido,黒松内町,Kuromatsunai Town,,,,,,,,,,,,,,,,,,,,,,,,,
,Hokkaido,訓子府町,Kunneppu Town,,,,,,,,,,,,,,,,,,,,,,,,,
,Hokkaido,剣淵町,Kembuchi Town,,,,,,,,,,,,,,,,,,,,,,,,,
,Hokkaido,小清水町,Koshimizu Town,,,,,,,,,,,,,,,,,,,,,,,,,
,Hokkaido,札幌市,Sapporo City,,,,,,,,,,,,,,,,,,,,,,,,,
,Hokkaido,様似町,Samani Town,,,,,,,,,,,,,,,,,,,,,,,,,
,Hokkaido,更別村,Sarabetsu Village,,,,,,,,,,,,,,,,,,,,,,,,,
,Hokkaido,猿払村,Sarufutsu Village,,,,,,,,,,,,,,,,,,,,,,,,,
,Hokkaido,佐呂間町,Saroma Town,,,,,,,,,,,,,,,,,,,,,,,,,
,Hokkaido,鹿追町,Shikaoi Town,,,,,,,,,,,,,,,,,,,,,,,,,
,Hokkaido,鹿部町,Shikabe Town,,,,,,,,,,,,,,,,,,,,,,,,,
,Hokkaido,色丹村,Shikotan Village,,,,,,,,,,,,,,,,,,,,,,,,,
,Hokkaido,標茶町,Shibecha Town,,,,,,,,,,,,,,,,,,,,,,,,,
,Hokkaido,士別市,Shibetsu City,,,,,,,,,,,,,,,,,,,,,,,,,
,Hokkaido,標津町,Shibetsu Town,,,,,,,,,,,,,,,,,,,,,,,,,
,Hokkaido,蘂取村,Shibetoro Village,,,,,,,,,,,,,,,,,,,,,,,,,
,Hokkaido,士幌町,Shihoro Town,,,,,,,,,,,,,,,,,,,,,,,,,
,Hokkaido,島牧村,Shimamaki Village,,,,,,,,,,,,,,,,,,,,,,,,,
,Hokkaido,清水町,Shimizu Town,,,,,,,,,,,,,,,,,,,,,,,,,
,Hokkaido,占冠村,Shimukappu Village,,,,,,,,,,,,,,,,,,,,,,,,,
,Hokkaido,下川町,Shimokawa Town,,,,,,,,,,,,,,,,,,,,,,,,,
,Hokkaido,積丹町,Shakotan Town,,,,,,,,,,,,,,,,,,,,,,,,,
,Hokkaido,紗那村,Shana Village,,,,,,,,,,,,,,,,,,,,,,,,,
,Hokkaido,斜里町,Shari Town,,,,,,,,,,,,,,,,,,,,,,,,,
,Hokkaido,初山別村,Shosanbetsu Village,,,,,,,,,,,,,,,,,,,,,,,,,
,Hokkaido,白老町,Shiraoi Town,,,,,,,,,,,,,,,,,,,,,,,,,
,Hokkaido,白糠町,Shiranuka Town,,,,,,,,,,,,,,,,,,,,,,,,,
,Hokkaido,知内町,Shiriuchi Town,,,,,,,,,,,,,,,,,,,,,,,,,
,Hokkaido,新篠津村,Shinshinotsu Village,,,,,,,,,,,,,,,,,,,,,,,,,
,Hokkaido,新得町,Shintoku Town,,,,,,,,,,,,,,,,,,,,,,,,,
,Hokkaido,新十津川町,Shintotsukawa Town,,,,,,,,,,,,,,,,,,,,,,,,,
,Hokkaido,新ひだか町,Shinhidaka Town,,,,,,,,,,,,,,,,,,,,,,,,,
,Hokkaido,寿都町,Suttsu Town,,,,,,,,,,,,,,,,,,,,,,,,,
,Hokkaido,砂川市,Sunagawa City,,,,,,,,,,,,,,,,,,,,,,,,,
,Hokkaido,せたな町,Setana Town,,,,,,,,,,,,,,,,,,,,,,,,,
,Hokkaido,壮瞥町,Sobetsu Town,,,,,,,,,,,,,,,,,,,,,,,,,
,Hokkaido,大樹町,Taiki Town,,,,,,,,,,,,,,,,,,,,,,,,,
,Hokkaido,鷹栖町,Takasu Town,,,,,,,,,,,,,,,,,,,,,,,,,
,Hokkaido,滝川市,Takikawa City,,,,,,,,,,,,,,,,,,,,,,,,,
,Hokkaido,滝上町,Takinoue Town,,,,,,,,,,,,,,,,,,,,,,,,,
,Hokkaido,伊達市,Date City,,,,,,,,,,,,,,,,,,,,,,,,,
,Hokkaido,秩父別町,Chippubetsu Town,,,,,,,,,,,,,,,,,,,,,,,,,
,Hokkaido,千歳市,Chitose City,,,,,,,,,,,,,,,,,,,,,,,,,
,Hokkaido,月形町,Tsukigata Town,,,,,,,,,,,,,,,,,,,,,,,,,
,Hokkaido,津別町,Tsubetsu Town,,,,,,,,,,,,,,,,,,,,,,,,,
,Hokkaido,鶴居村,Tsurui Village,,,,,,,,,,,,,,,,,,,,,,,,,
,Hokkaido,天塩町,Teshio Town,,,,,,,,,,,,,,,,,,,,,,,,,
,Hokkaido,弟子屈町,Teshikaga Town,,,,,,,,,,,,,,,,,,,,,,,,,
,Hokkaido,当別町,Tobetsu Town,,,,,,,,,,,,,,,,,,,,,,,,,
,Hokkaido,当麻町,Tohma Town,,,,,,,,,,,,,,,,,,,,,,,,,
,Hokkaido,洞爺湖町,Toyako Town,,,,,,,,,,,,,,,,,,,,,,,,,
,Hokkaido,苫小牧市,Tomakomai City,,,,,,,,,,,,,,,,,,,,,,,,,
,Hokkaido,苫前町,Tomamae Town,,,,,,,,,,,,,,,,,,,,,,,,,
,Hokkaido,泊村,Tomari Village,,,,,,,,,,,,,,,,,,,,,,,,,
,Hokkaido,泊村(国後島),Tomari Village (Kunashir Island),,,,,,,,,,,,,,,,,,,,,,,,,
,Hokkaido,豊浦町,Toyoura Town,,,,,,,,,,,,,,,,,,,,,,,,,
,Hokkaido,豊頃町,Toyokoro Town,,,,,,,,,,,,,,,,,,,,,,,,,
,Hokkaido,豊富町,Toyotomi Town,,,,,,,,,,,,,,,,,,,,,,,,,
,Hokkaido,奈井江町,Naie Town,,,,,,,,,,,,,,,,,,,,,,,,,
,Hokkaido,中川町,Nakagawa Town,,,,,,,,,,,,,,,,,,,,,,,,,
,Hokkaido,中札内村,Nakasatsunai Village,,,,,,,,,,,,,,,,,,,,,,,,,
,Hokkaido,中標津町,Nakashibetsu Town,,,,,,,,,,,,,,,,,,,,,,,,,
,Hokkaido,中頓別町,Nakatombetsu Town,,,,,,,,,,,,,,,,,,,,,,,,,
,Hokkaido,長沼町,Naganuma Town,,,,,,,,,,,,,,,,,,,,,,,,,
,Hokkaido,中富良野町,Nakafurano Town,,,,,,,,,,,,,,,,,,,,,,,,,
,Hokkaido,七飯町,Nanae Town,,,,,,,,,,,,,,,,,,,,,,,,,
,Hokkaido,名寄市,Nayoro City,,,,,,,,,,,,,,,,,,,,,,,,,
,Hokkaido,南幌町,Nanporo Town,,,,,,,,,,,,,,,,,,,,,,,,,
,Hokkaido,新冠町,Niikappu Town,,,,,,,,,,,,,,,,,,,,,,,,,
,Hokkaido,仁木町,Niki Town,,,,,,,,,,,,,,,,,,,,,,,,,
,Hokkaido,西興部村,Nishiokoppe Village,,,,,,,,,,,,,,,,,,,,,,,,,
,Hokkaido,ニセコ町,Niseko Town,,,,,,,,,,,,,,,,,,,,,,,,,
,Hokkaido,沼田町,Numata Town,,,,,,,,,,,,,,,,,,,,,,,,,
,Hokkaido,根室市,Nemuro City,,,,,,,,,,,,,,,,,,,,,,,,,
,Hokkaido,登別市,Noboribetsu City,,,,,,,,,,,,,,,,,,,,,,,,,
,Hokkaido,函館市,Hakodate City,,,,,,,,,,,,,,,,,,,,,,,,,
,Hokkaido,羽幌町,Haboro Town,,,,,,,,,,,,,,,,,,,,,,,,,
,Hokkaido,浜頓別町,Hamatonbetsu Town,,,,,,,,,,,,,,,,,,,,,,,,,
,Hokkaido,浜中町,Hamanaka Town,,,,,,,,,,,,,,,,,,,,,,,,,
,Hokkaido,美瑛町,Biei Town,,,,,,,,,,,,,,,,,,,,,,,,,
,Hokkaido,東神楽町,Higashikagura Town,,,,,,,,,,,,,,,,,,,,,,,,,
,Hokkaido,東川町,Higashikawa Town,,,,,,,,,,,,,,,,,,,,,,,,,
,Hokkaido,日高町,Hidaka Town,,,,,,,,,,,,,,,,,,,,,,,,,
,Hokkaido,比布町,Pippu Town,,,,,,,,,,,,,,,,,,,,,,,,,
,Hokkaido,美唄市,Bibai City,,,,,,,,,,,,,,,,,,,,,,,,,
,Hokkaido,美深町,Bifuka Town,,,,,,,,,,,,,,,,,,,,,,,,,
,Hokkaido,美幌町,Bihoro Town,,,,,,,,,,,,,,,,,,,,,,,,,
,Hokkaido,平取町,Biratori Town,,,,,,,,,,,,,,,,,,,,,,,,,
,Hokkaido,広尾町,Hiroo Town,,,,,,,,,,,,,,,,,,,,,,,,,
,Hokkaido,深川市,Fukagawa City,,,,,,,,,,,,,,,,,,,,,,,,,
,Hokkaido,福島町,Fukushima Town,,,,,,,,,,,,,,,,,,,,,,,,,
,Hokkaido,富良野市,Furano City,,,,,,,,,,,,,,,,,,,,,,,,,
,Hokkaido,古平町,Furubira Town,,,,,,,,,,,,,,,,,,,,,,,,,
,Hokkaido,別海町,Betsukai Town,,,,,,,,,,,,,,,,,,,,,,,,,
,Hokkaido,北斗市,Hokuto City,,,,,,,,,,,,,,,,,,,,,,,,,
,Hokkaido,北竜町,Hokuryu Town,,,,,,,,,,,,,,,,,,,,,,,,,
,Hokkaido,幌加内町,Horokanai Town,,,,,,,,,,,,,,,,,,,,,,,,,
,Hokkaido,幌延町,Horonobe Town,,,,,,,,,,,,,,,,,,,,,,,,,
,Hokkaido,本別町,Honbetsu Town,,,,,,,,,,,,,,,,,,,,,,,,,
,Hokkaido,幕別町,Makubetsu Town,,,,,,,,,,,,,,,,,,,,,,,,,
,Hokkaido,増毛町,Mashike Town,,,,,,,,,,,,,,,,,,,,,,,,,
,Hokkaido,真狩村,Makkari Village,,,,,,,,,,,,,,,,,,,,,,,,,
,Hokkaido,松前町,Matsumae Town,,,,,,,,,,,,,,,,,,,,,,,,,
,Hokkaido,三笠市,Mikasa City,,,,,,,,,,,,,,,,,,,,,,,,,
,Hokkaido,南富良野町,Minamifurano Town,,,,,,,,,,,,,,,,,,,,,,,,,
,Hokkaido,むかわ町,Mukawa Town,,,,,,,,,,,,,,,,,,,,,,,,,
,Hokkaido,室蘭市,Muroran City,,,,,,,,,,,,,,,,,,,,,,,,,
,Hokkaido,芽室町,Memuro Town,,,,,,,,,,,,,,,,,,,,,,,,,
,Hokkaido,妹背牛町,Moseushi Town,,,,,,,,,,,,,,,,,,,,,,,,,
,Hokkaido,森町,Mori Town,,,,,,,,,,,,,,,,,,,,,,,,,
,Hokkaido,紋別市,Mombetsu City,,,,,,,,,,,,,,,,,,,,,,,,,
,Hokkaido,八雲町,Yakumo Town,,,,,,,,,,,,,,,,,,,,,,,,,
,Hokkaido,夕張市,Yubari City,,,,,,,,,,,,,,,,,,,,,,,,,
,Hokkaido,湧別町,Yubetsu Town,,,,,,,,,,,,,,,,,,,,,,,,,
,Hokkaido,由仁町,Yuni Town,,,,,,,,,,,,,,,,,,,,,,,,,
,Hokkaido,余市町,Yoichi Town,,,,,,,,,,,,,,,,,,,,,,,,,
,Hokkaido,羅臼町,Rausu Town,,,,,,,,,,,,,,,,,,,,,,,,,
,Hokkaido,蘭越町,Rankoshi Town,,,,,,,,,,,,,,,,,,,,,,,,,
,Hokkaido,陸別町,Rikubetsu Town,,,,,,,,,,,,,,,,,,,,,,,,,
,Hokkaido,利尻町,Rishiri Town,,,,,,,,,,,,,,,,,,,,,,,,,
,Hokkaido,利尻富士町,Rishirifuji Town,,,,,,,,,,,,,,,,,,,,,,,,,
,Hokkaido,留寿都村,Rusutsu Village,,,,,,,,,,,,,,,,,,,,,,,,,
,Hokkaido,留別村,Rubetsu Village,,,,,,,,,,,,,,,,,,,,,,,,,
,Hokkaido,留萌市,Rumoi City,,,,,,,,,,,,,,,,,,,,,,,,,
,Hokkaido,留夜別村,Ruyobetsu Village,,,,,,,,,,,,,,,,,,,,,,,,,
,Hokkaido,礼文町,Rebun Town,,,,,,,,,,,,,,,,,,,,,,,,,
,Hokkaido,稚内市,Wakkanai City,,,,,,,,,,,,,,,,,,,,,,,,,
,Hokkaido,和寒町,Wassamu Town,,,,,,,,,,,,,,,,,,,,,,,,,
Tohoku,Aomori,青森市,Aomori City,,,,,,,,,,,,,,,,,,,,,,,,,
,Aomori,鰺ヶ沢町,Ajigasawa Town,,,,,,,,,,,,,,,,,,,,,,,,,
,Aomori,板柳町,Itayanagi Town,,,,,,,,,,,,,,,,,,,,,,,,,
,Aomori,田舎館村,Inakadate Village,,,,,,,,,,,,,,,,,,,,,,,,,
,Aomori,今別町,Imabetsu Town,,,,,,,,,,,,,,,,,,,,,,,,,
,Aomori,おいらせ町,Oirase Town,,,,,,,,,,,,,,,,,,,,,,,,,
,Aomori,大間町,Oma Town,,,,,,,,,,,,,,,,,,,,,,,,,
,Aomori,大鰐町,Owani Town,,,,,,,,,,,,,,,,,,,,,,,,,
,Aomori,風間浦村,Kazamaura Village,,,,,,,,,,,,,,,,,,,,,,,,,
,Aomori,黒石市,Kuroishi City,,,,,,,,,,,,,,,,,,,,,,,,,
,Aomori,五所川原市,Goshogawara City,,,,,,,,,,,,,,,,,,,,,,,,,
,Aomori,五戸町,Gonohe Town,,,,,,,,,,,,,,,,,,,,,,,,,
,Aomori,佐井村,Sai Village,,,,,,,,,,,,,,,,,,,,,,,,,
,Aomori,三戸町,Sannohe Town,,,,,,,,,,,,,,,,,,,,,,,,,
,Aomori,七戸町,Shichinohe Town,,,,,,,,,,,,,,,,,,,,,,,,,
,Aomori,新郷村,Shingo Village,,,,,,,,,,,,,,,,,,,,,,,,,
,Aomori,外ヶ浜町,Sotogahama Town,,,,,,,,,,,,,,,,,,,,,,,,,
,Aomori,田子町,Takko Town,,,,,,,,,,,,,,,,,,,,,,,,,
,Aomori,つがる市,Tsugaru City,,,,,,,,,,,,,,,,,,,,,,,,,
,Aomori,鶴田町,Tsuruta Town,,,,,,,,,,,,,,,,,,,,,,,,,
,Aomori,東北町,Tohoku Town,,,,,,,,,,,,,,,,,,,,,,,,,
,Aomori,十和田市,Towada City,,,,,,,,,,,,,,,,,,,,,,,,,
,Aomori,中泊町,Nakadomari Town,,,,,,,,,,,,,,,,,,,,,,,,,
,Aomori,南部町,Nanbu Town,,,,,,,,,,,,,,,,,,,,,,,,,
,Aomori,西目屋村,Nishimeya Village,,,,,,,,,,,,,,,,,,,,,,,,,
,Aomori,野辺地町,Noheji Town,,,,,,,,,,,,,,,,,,,,,,,,,
,Aomori,階上町,Hashikami Town,,,,,,,,,,,,,,,,,,,,,,,,,
,Aomori,八戸市,Hachinohe City,,,,,,,,,,,,,,,,,,,,,,,,,
,Aomori,東通村,Higashidori Village,,,,,,,,,,,,,,,,,,,,,,,,,
,Aomori,平川市,Hirakawa City,,,,,,,,,,,,,,,,,,,,,,,,,
,Aomori,平内町,Hiranai Town,,,,,,,,,,,,,,,,,,,,,,,,,
,Aomori,弘前市,Hirosaki City,,,,,,,,,,,,,,,,,,,,,,,,,
,Aomori,深浦町,Fukaura Town,,,,,,,,,,,,,,,,,,,,,,,,,
,Aomori,藤崎町,Fujisaki Town,,,,,,,,,,,,,,,,,,,,,,,,,
,Aomori,三沢市,Misawa City,,,,,,,,,,,,,,,,,,,,,,,,,
,Aomori,むつ市,Mutsu City,,,,,,,,,,,,,,,,,,,,,,,,,
,Aomori,横浜町,Yokohama Town,,,,,,,,,,,,,,,,,,,,,,,,,
,Aomori,蓬田村,Yomogita Village,,,,,,,,,,,,,,,,,,,,,,,,,
,Aomori,六戸町,Rokunohe Town,,,,,,,,,,,,,,,,,,,,,,,,,
,Aomori,六ヶ所村,Rokkasho Village,,,,,,,,,,,,,,,,,,,,,,,,,
,Iwate,一関市,Ichinoseki City,,,,,,,,,,,,,,,,,,,,,,,,,
,Iwate,一戸町,Ichinohe Town,,,,,,,,,,,,,,,,,,,,,,,,,
,Iwate,岩泉町,Iwaizumi Town,,,,,,,,,,,,,,,,,,,,,,,,,
,Iwate,岩手町,Iwate Town,,,,,,,,,,,,,,,,,,,,,,,,,
,Iwate,奥州市,Oshu City,,,,,,,,,,,,,,,,,,,,,,,,,
,Iwate,大槌町,Otsuchi Town,,,,,,,,,,,,,,,,,,,,,,,,,
,Iwate,大船渡市,Ofunato City,,,,,,,,,,,,,,,,,,,,,,,,,
,Iwate,金ケ崎町,Kanegasaki Town,,,,,,,,,,,,,,,,,,,,,,,,,
,Iwate,釜石市,Kamaishi City,,,,,,,,,,,,,,,,,,,,,,,,,
,Iwate,軽米町,Karumai Town,,,,,,,,,,,,,,,,,,,,,,,,,
,Iwate,北上市,Kitakami City,,,,,,,,,,,,,,,,,,,,,,,,,
,Iwate,久慈市,Kuji City,,,,,,,,,,,,,,,,,,,,,,,,,
,Iwate,葛巻町,Kuzumaki Town,,,,,,,,,,,,,,,,,,,,,,,,,
,Iwate,九戸村,Kunohe Village,,,,,,,,,,,,,,,,,,,,,,,,,
,Iwate,雫石町,Shizukuishi Town,,,,,,,,,,,,,,,,,,,,,,,,,
,Iwate,紫波町,Shiwa Town,,,,,,,,,,,,,,,,,,,,,,,,,
,Iwate,住田町,Sumita Town,,,,,,,,,,,,,,,,,,,,,,,,,
,Iwate,滝沢市,Takizawa City,,,,,,,,,,,,,,,,,,,,,,,,,
,Iwate,田野畑村,Tanohata Village,,,,,,,,,,,,,,,,,,,,,,,,,
,Iwate,遠野市,Tono City,,,,,,,,,,,,,,,,,,,,,,,,,
,Iwate,西和賀町,Nishiwaga Town,,,,,,,,,,,,,,,,,,,,,,,,,
,Iwate,二戸市,Ninohe City,,,,,,,,,,,,,,,,,,,,,,,,,
,Iwate,野田村,Noda Village,,,,,,,,,,,,,,,,,,,,,,,,,
,Iwate,八幡平市,Hachimantai City,,,,,,,,,,,,,,,,,,,,,,,,,
,Iwate,花巻市,Hanamaki City,,,,,,,,,,,,,,,,,,,,,,,,,
,Iwate,平泉町,Hiraizumi Town,,,,,,,,,,,,,,,,,,,,,,,,,
,Iwate,洋野町,Hirono Town,,,,,,,,,,,,,,,,,,,,,,,,,
,Iwate,普代村,Fudai Village,,,,,,,,,,,,,,,,,,,,,,,,,
,Iwate,宮古市,Miyako City,,,,,,,,,,,,,,,,,,,,,,,,,
,Iwate,盛岡市,Morioka City,,,,,,,,,,,,,,,,,,,,,,,,,
,Iwate,矢巾町,Yahaba Town,,,,,,,,,,,,,,,,,,,,,,,,,
,Iwate,山田町,Yamada Town,,,,,,,,,,,,,,,,,,,,,,,,,
,Iwate,陸前高田市,Rikuzentakata City,,,,,,,,,,,,,,,,,,,,,,,,,
,Miyagi,石巻市,Ishinomaki City,,,,,,,,,,,,,,,,,,,,,,,,,
,Miyagi,岩沼市,Iwanuma City,,,,,,,,,,,,,,,,,,,,,,,,,
,Miyagi,大河原町,Ogawara Town,,,,,,,,,,,,,,,,,,,,,,,,,
,Miyagi,大崎市,Osaki City,,,,,,,,,,,,,,,,,,,,,,,,,
,Miyagi,大郷町,Osato Town,,,,,,,,,,,,,,,,,,,,,,,,,
,Miyagi,大衡村,Ohira Village,,,,,,,,,,,,,,,,,,,,,,,,,
,Miyagi,女川町,Onagawa Town,,,,,,,,,,,,,,,,,,,,,,,,,
,Miyagi,角田市,Kakuda City,,,,,,,,,,,,,,,,,,,,,,,,,
,Miyagi,加美町,Kami Town,,,,,,,,,,,,,,,,,,,,,,,,,
,Miyagi,川崎町,Kawasaki Town,,,,,,,,,,,,,,,,,,,,,,,,,
,Miyagi,栗原市,Kurihara City,,,,,,,,,,,,,,,,,,,,,,,,,
,Miyagi,気仙沼市,Kesennuma City,,,,,,,,,,,,,,,,,,,,,,,,,
,Miyagi,蔵王町,Zao Town,,,,,,,,,,,,,,,,,,,,,,,,,
,Miyagi,塩竈市,Shiogama City,,,,,,,,,,,,,,,,,,,,,,,,,
,Miyagi,色麻町,Shikama Town,,,,,,,,,,,,,,,,,,,,,,,,,
,Miyagi,七ヶ宿町,Shichikashuku Town,,,,,,,,,,,,,,,,,,,,,,,,,
,Miyagi,七ヶ浜町,Shichigahama Town,,,,,,,,,,,,,,,,,,,,,,,,,
,Miyagi,柴田町,Shibata Town,,,,,,,,,,,,,,,,,,,,,,,,,
,Miyagi,白石市,Shiroishi City,,,,,,,,,,,,,,,,,,,,,,,,,
,Miyagi,仙台市,Sendai City,,,,,,,,,,,,,,,,,,,,,,,,,
,Miyagi,大和町,Taiwa Town,,,,,,,,,,,,,,,,,,,,,,,,,
,Miyagi,多賀城市,Tagajo City,,,,,,,,,,,,,,,,,,,,,,,,,
,Miyagi,富谷市,Tomiya City,,,,,,,,,,,,,,,,,,,,,,,,,
,Miyagi,登米市,Tome City,,,,,,,,,,,,,,,,,,,,,,,,,
,Miyagi,名取市,Natori City,,,,,,,,,,,,,,,,,,,,,,,,,
,Miyagi,東松島市,Higashimatsushima City,,,,,,,,,,,,,,,,,,,,,,,,,
,Miyagi,松島町,Matsushima Town,,,,,,,,,,,,,,,,,,,,,,,,,
,Miyagi,丸森町,Marumori Town,,,,,,,,,,,,,,,,,,,,,,,,,
,Miyagi,美里町,Misato Town,,,,,,,,,,,,,,,,,,,,,,,,,
,Miyagi,南三陸町,Minamisanriku Town,,,,,,,,,,,,,,,,,,,,,,,,,
,Miyagi,村田町,Murata Town,,,,,,,,,,,,,,,,,,,,,,,,,
,Miyagi,山元町,Yamamoto Town,,,,,,,,,,,,,,,,,,,,,,,,,
,Miyagi,利府町,Rifu Town,,,,,,,,,,,,,,,,,,,,,,,,,
,Miyagi,涌谷町,Wakuya Town,,,,,,,,,,,,,,,,,,,,,,,,,
,Miyagi,亘理町,Watari Town,,,,,,,,,,,,,,,,,,,,,,,,,
,Akita,秋田市,Akita City,,,,,,,,,,,,,,,,,,,,,,,,,
,Akita,井川町,Ikawa Town,,,,,,,,,,,,,,,,,,,,,,,,,
,Akita,羽後町,Ugo Town,,,,,,,,,,,,,,,,,,,,,,,,,
,Akita,大潟村,Ogata Village,,,,,,,,,,,,,,,,,,,,,,,,,
,Akita,大館市,Odate City,,,,,,,,,,,,,,,,,,,,,,,,,
,Akita,男鹿市,Oga City,,,,,,,,,,,,,,,,,,,,,,,,,
,Akita,潟上市,Katagami City,,,,,,,,,,,,,,,,,,,,,,,,,
,Akita,鹿角市,Kazuno City,,,,,,,,,,,,,,,,,,,,,,,,,
,Akita,上小阿仁村,Kamikoani Village,,,,,,,,,,,,,,,,,,,,,,,,,
,Akita,北秋田市,Kitaakita City,,,,,,,,,,,,,,,,,,,,,,,,,
,Akita,小坂町,Kosaka Town,,,,,,,,,,,,,,,,,,,,,,,,,
,Akita,五城目町,Gojome Town,,,,,,,,,,,,,,,,,,,,,,,,,
,Akita,仙北市,Semboku City,,,,,,,,,,,,,,,,,,,,,,,,,
,Akita,大仙市,Daisen City,,,,,,,,,,,,,,,,,,,,,,,,,
,Akita,にかほ市,Nikaho City,,,,,,,,,,,,,,,,,,,,,,,,,
,Akita,能代市,Noshiro City,,,,,,,,,,,,,,,,,,,,,,,,,
,Akita,八郎潟町,Hachirogata Town,,,,,,,,,,,,,,,,,,,,,,,,,
,Akita,八峰町,Happo Town,,,,,,,,,,,,,,,,,,,,,,,,,
,Akita,東成瀬村,Higashinaruse Village,,,,,,,,,,,,,,,,,,,,,,,,,
,Akita,藤里町,Fujisato Town,,,,,,,,,,,,,,,,,,,,,,,,,
,Akita,美郷町,Misato Town,,,,,,,,,,,,,,,,,,,,,,,,,
,Akita,三種町,Mitane Town,,,,,,,,,,,,,,,,,,,,,,,,,
,Akita,湯沢市,Yuzawa City,,,,,,,,,,,,,,,,,,,,,,,,,
,Akita,由利本荘市,Yurihonjo City,,,,,,,,,,,,,,,,,,,,,,,,,
,Akita,横手市,Yokote City,,,,,,,,,,,,,,,,,,,,,,,,,
,Yamagata,朝日町,Asahi Town,,,,,,,,,,,,,,,,,,,,,,,,,
,Yamagata,飯豊町,Iide Town,,,,,,,,,,,,,,,,,,,,,,,,,
,Yamagata,大石田町,Oishida Town,,,,,,,,,,,,,,,,,,,,,,,,,
,Yamagata,大江町,Oe Town,,,,,,,,,,,,,,,,,,,,,,,,,
,Yamagata,大蔵村,Okura Village,,,,,,,,,,,,,,,,,,,,,,,,,
,Yamagata,小国町,Oguni Town,,,,,,,,,,,,,,,,,,,,,,,,,
,Yamagata,尾花沢市,Obanazawa City,,,,,,,,,,,,,,,,,,,,,,,,,
,Yamagata,金山町,Kaneyama Town,,,,,,,,,,,,,,,,,,,,,,,,,
,Yamagata,河北町,Kahoku Town,,,,,,,,,,,,,,,,,,,,,,,,,
,Yamagata,上山市,Kaminoyama City,,,,,,,,,,,,,,,,,,,,,,,,,
,Yamagata,川西町,Kawanishi Town,,,,,,,,,,,,,,,,,,,,,,,,,
,Yamagata,寒河江市,Sagae City,,,,,,,,,,,,,,,,,,,,,,,,,
,Yamagata,酒田市,Sakata City,,,,,,,,,,,,,,,,,,,,,,,,,
,Yamagata,鮭川村,Sakegawa Village,,,,,,,,,,,,,,,,,,,,,,,,,
,Yamagata,庄内町,Shonai Town,,,,,,,,,,,,,,,,,,,,,,,,,
,Yamagata,白鷹町,Shirataka Town,,,,,,,,,,,,,,,,,,,,,,,,,
,Yamagata,新庄市,Shinjo City,,,,,,,,,,,,,,,,,,,,,,,,,
,Yamagata,高畠町,Takahata Town,,,,,,,,,,,,,,,,,,,,,,,,,
,Yamagata,鶴岡市,Tsuruoka City,,,,,,,,,,,,,,,,,,,,,,,,,
,Yamagata,天童市,Tendo City,,,,,,,,,,,,,,,,,,,,,,,,,
,Yamagata,戸沢村,Tozawa Village,,,,,,,,,,,,,,,,,,,,,,,,,
,Yamagata,長井市,Nagai City,,,,,,,,,,,,,,,,,,,,,,,,,
,Yamagata,中山町,Nakayama Town,,,,,,,,,,,,,,,,,,,,,,,,,
,Yamagata,南陽市,Nanyo City,,,,,,,,,,,,,,,,,,,,,,,,,
,Yamagata,西川町,Nishikawa Town,,,,,,,,,,,,,,,,,,,,,,,,,
,Yamagata,東根市,Higashine City,,,,,,,,,,,,,,,,,,,,,,,,,
,Yamagata,舟形町,Funagata Town,,,,,,,,,,,,,,,,,,,,,,,,,
,Yamagata,真室川町,Mamurogawa Town,,,,,,,,,,,,,,,,,,,,,,,,,
,Yamagata,三川町,Mikawa Town,,,,,,,,,,,,,,,,,,,,,,,,,
,Yamagata,村山市,Murayama City,,,,,,,,,,,,,,,,,,,,,,,,,
,Yamagata,最上町,Mogami Town,,,,,,,,,,,,,,,,,,,,,,,,,
,Yamagata,山形市,Yamagata City,,,,,,,,,,,,,,,,,,,,,,,,,
,Yamagata,山辺町,Yamanobe Town,,,,,,,,,,,,,,,,,,,,,,,,,
,Yamagata,遊佐町,Yuza Town,,,,,,,,,,,,,,,,,,,,,,,,,
,Yamagata,米沢市,Yonezawa City,,,,,,,,,,,,,,,,,,,,,,,,,
,Fukushima,会津坂下町,Aizubange Town,,,,,,,,,,,,,,,,,,,,,,,,,
,Fukushima,会津美里町,Aizumisato Town,,,,,,,,,,,,,,,,,,,,,,,,,
,Fukushima,会津若松市,Aizuwakamatsu City,,,,,,,,,,,,,,,,,,,,,,,,,
,Fukushima,浅川町,Asakawa Town,,,,,,,,,,,,,,,,,,,,,,,,,
,Fukushima,飯舘村,Iitate Village,,,,,,,,,,,,,,,,,,,,,,,,,
,Fukushima,石川町,Ishikawa Town,,,,,,,,,,,,,,,,,,,,,,,,,
,Fukushima,泉崎村,Izumizaki Village,,,,,,,,,,,,,,,,,,,,,,,,,
,Fukushima,猪苗代町,Inawashiro Town,,,,,,,,,,,,,,,,,,,,,,,,,
,Fukushima,いわき市,Iwaki City,,,,,,,,,,,,,,,,,,,,,,,,,
,Fukushima,大熊町,Okuma Town,,,,,,,,,,,,,,,,,,,,,,,,,
,Fukushima,大玉村,Otama Village,,,,,,,,,,,,,,,,,,,,,,,,,
,Fukushima,小野町,Ono Town,,,,,,,,,,,,,,,,,,,,,,,,,
,Fukushima,鏡石町,Kagamiishi Town,,,,,,,,,,,,,,,,,,,,,,,,,
,Fukushima,葛尾村,Katsurao Village,,,,,,,,,,,,,,,,,,,,,,,,,
,Fukushima,金山町,Kaneyama Town,,,,,,,,,,,,,,,,,,,,,,,,,
,Fukushima,川内村,Kawauchi Village,,,,,,,,,,,,,,,,,,,,,,,,,
,Fukushima,川俣町,Kawamata Town,,,,,,,,,,,,,,,,,,,,,,,,,
,Fukushima,喜多方市,Kitakata City,,,,,,,,,,,,,,,,,,,,,,,,,
,Fukushima,北塩原村,Kitashiobara Village,,,,,,,,,,,,,,,,,,,,,,,,,
,Fukushima,国見町,Kunimi Town,,,,,,,,,,,,,,,,,,,,,,,,,
,Fukushima,桑折町,Koori Town,,,,,,,,,,,,,,,,,,,,,,,,,
,Fukushima,郡山市,Koriyama City,,,,,,,,,,,,,,,,,,,,,,,,,
,Fukushima,鮫川村,Samegawa Village,,,,,,,,,,,,,,,,,,,,,,,,,
,Fukushima,下郷町,Shimogo Town,,,,,,,,,,,,,,,,,,,,,,,,,
,Fukushima,昭和村,Showa Village,,,,,,,,,,,,,,,,,,,,,,,,,
,Fukushima,白河市,Shirakawa City,,,,,,,,,,,,,,,,,,,,,,,,,
,Fukushima,新地町,Shinchi Town,,,,,,,,,,,,,,,,,,,,,,,,,
,Fukushima,須賀川市,Sukagawa City,,,,,,,,,,,,,,,,,,,,,,,,,
,Fukushima,相馬市,Soma City,,,,,,,,,,,,,,,,,,,,,,,,,
,Fukushima,只見町,Tadami Town,,,,,,,,,,,,,,,,,,,,,,,,,
,Fukushima,伊達市,Date City,,,,,,,,,,,,,,,,,,,,,,,,,
,Fukushima,棚倉町,Tanagura Town,,,,,,,,,,,,,,,,,,,,,,,,,
,Fukushima,玉川村,Tamakawa Village,,,,,,,,,,,,,,,,,,,,,,,,,
,Fukushima,田村市,Tamura City,,,,,,,,,,,,,,,,,,,,,,,,,
,Fukushima,天栄村,Tenei Village,,,,,,,,,,,,,,,,,,,,,,,,,
,Fukushima,富岡町,Tomioka Town,,,,,,,,,,,,,,,,,,,,,,,,,
,Fukushima,中島村,Nakajima Village,,,,,,,,,,,,,,,,,,,,,,,,,
,Fukushima,浪江町,Namie Town,,,,,,,,,,,,,,,,,,,,,,,,,
,Fukushima,楢葉町,Naraha Town,,,,,,,,,,,,,,,,,,,,,,,,,
,Fukushima,西会津町,Nishiaizu Town,,,,,,,,,,,,,,,,,,,,,,,,,
,Fukushima,西郷村,Nishigo Village,,,,,,,,,,,,,,,,,,,,,,,,,
,Fukushima,二本松市,Nihonmatsu City,,,,,,,,,,,,,,,,,,,,,,,,,
,Fukushima,塙町,Hanawa Town,,,,,,,,,,,,,,,,,,,,,,,,,
,Fukushima,磐梯町,Bandai Town,,,,,,,,,,,,,,,,,,,,,,,,,
,Fukushima,檜枝岐村,Hinoemata Village,,,,,,,,,,,,,,,,,,,,,,,,,
,Fukushima,平田村,Hirata Village,,,,,,,,,,,,,,,,,,,,,,,,,
,Fukushima,広野町,Hirono Town,,,,,,,,,,,,,,,,,,,,,,,,,
,Fukushima,福島市,Fukushima City,,,,,,,,,,,,,,,,,,,,,,,,,
,Fukushima,双葉町,Futaba Town,,,,,,,,,,,,,,,,,,,,,,,,,
,Fukushima,古殿町,Furudono Town,,,,,,,,,,,,,,,,,,,,,,,,,
,Fukushima,三島町,Mishima Town,,,,,,,,,,,,,,,,,,,,,,,,,
,Fukushima,南会津町,Minamiaizu Town,,,,,,,,,,,,,,,,,,,,,,,,,
,Fukushima,南相馬市,Minamisoma City,,,,,,,,,,,,,,,,,,,,,,,,,
,Fukushima,三春町,Miharu Town,,,,,,,,,,,,,,,,,,,,,,,,,
,Fukushima,本宮市,Motomiya City,,,,,,,,,,,,,,,,,,,,,,,,,
,Fukushima,柳津町,Yanaizu Town,,,,,,,,,,,,,,,,,,,,,,,,,
,Fukushima,矢吹町,Yabuki Town,,,,,,,,,,,,,,,,,,,,,,,,,
,Fukushima,矢祭町,Yamatsuri Town,,,,,,,,,,,,,,,,,,,,,,,,,
,Fukushima,湯川村,Yugawa Village,,,,,,,,,,,,,,,,,,,,,,,,,
Kanto,Ibaraki,阿見町,Ami Town,,,,,,,,,,,,,,,,,,,,,,,,,
Kanto,Ibaraki,石岡市,Ishioka City,,,,,,,,,,,,,,,,,,,,,,,,,
Kanto,Ibaraki,潮来市,Itako City,,,,,,,,,,,,,,,,,,,,,,,,,
Kanto,Ibaraki,稲敷市,Inashiki City,,,,,,,,,,,,,,,,,,,,,,,,,
Kanto,Ibaraki,茨城町,Ibaraki Town,,,,,,,,,,,,,,,,,,,,,,,,,
Kanto,Ibaraki,牛久市,Ushiku City,,,,,,,,,,,,,,,,,,,,,,,,,
Kanto,Ibaraki,大洗町,Oarai Town,,,,,,,,,,,,,,,,,,,,,,,,,
Kanto,Ibaraki,小美玉市,Omitama City,,,,,,,,,,,,,,,,,,,,,,,,,
Kanto,Ibaraki,笠間市,Kasama City,,,,,,,,,,,,,,,,,,,,,,,,,
Kanto,Ibaraki,鹿嶋市,Kashima City,,,,,,,,,,,,,,,,,,,,,,,,,
Kanto,Ibaraki,かすみがうら市,Kasumigaura City,,,,,,,,,,,,,,,,,,,,,,,,,
Kanto,Ibaraki,神栖市,Kamisu City,,,,,,,,,,,,,,,,,,,,,,,,,
Kanto,Ibaraki,河内町,Kawachi Town,,,,,,,,,,,,,,,,,,,,,,,,,
Kanto,Ibaraki,北茨城市,Kitaibaraki City,,,,,,,,,,,,,,,,,,,,,,,,,
Kanto,Ibaraki,古河市,Koga City,,,,,,,,,,,,,,,,,,,,,,,,,
Kanto,Ibaraki,五霞町,Goka Town,,,,,,,,,,,,,,,,,,,,,,,,,
Kanto,Ibaraki,境町,Sakai Town,,,,,,,,,,,,,,,,,,,,,,,,,
Kanto,Ibaraki,桜川市,Sakuragawa City,,,,,,,,,,,,,,,,,,,,,,,,,
Kanto,Ibaraki,下妻市,Shimotsuma City,,,,,,,,,,,,,,,,,,,,,,,,,
Kanto,Ibaraki,常総市,Joso City,,,,,,,,,,,,,,,,,,,,,,,,,
Kanto,Ibaraki,城里町,Shirosato Town,,,,,,,,,,,,,,,,,,,,,,,,,
Kanto,Ibaraki,大子町,Daigo Town,,,,,,,,,,,,,,,,,,,,,,,,,
Kanto,Ibaraki,高萩市,Takahagi City,,,,,,,,,,,,,,,,,,,,,,,,,
Kanto,Ibaraki,筑西市,Chikusei City,,,,,,,,,,,,,,,,,,,,,,,,,
Kanto,Ibaraki,つくば市,Tsukuba City,,,,,,,,,,,,,,,,,,,,,,,,,
Kanto,Ibaraki,つくばみらい市,Tsukubamirai City,,,,,,,,,,,,,,,,,,,,,,,,,
Kanto,Ibaraki,土浦市,Tsuchiura City,,,,,,,,,,,,,,,,,,,,,,,,,
Kanto,Ibaraki,東海村,Tokai Village,,,,,,,,,,,,,,,,,,,,,,,,,
Kanto,Ibaraki,利根町,Tone Town,,,,,,,,,,,,,,,,,,,,,,,,,
Kanto,Ibaraki,取手市,Toride City,,,,,,,,,,,,,,,,,,,,,,,,,
Kanto,Ibaraki,那珂市,Naka City,,,,,,,,,,,,,,,,,,,,,,,,,
Kanto,Ibaraki,行方市,Namegata City,,,,,,,,,,,,,,,,,,,,,,,,,
Kanto,Ibaraki,坂東市,Bando City,,,,,,,,,,,,,,,,,,,,,,,,,
Kanto,Ibaraki,常陸太田市,Hitachiota City,,,,,,,,,,,,,,,,,,,,,,,,,
Kanto,Ibaraki,常陸大宮市,Hitachiomiya City,,,,,,,,,,,,,,,,,,,,,,,,,
Kanto,Ibaraki,日立市,Hitachi City,,,,,,,,,,,,,,,,,,,,,,,,,
Kanto,Ibaraki,ひたちなか市,Hitachinaka City,,,,,,,,,,,,,,,,,,,,,,,,,
Kanto,Ibaraki,鉾田市,Hokota City,,,,,,,,,,,,,,,,,,,,,,,,,
Kanto,Ibaraki,水戸市,Mito City,,,,,,,,,,,,,,,,,,,,,,,,,
Kanto,Ibaraki,美浦村,Miho Village,,,,,,,,,,,,,,,,,,,,,,,,,
Kanto,Ibaraki,守谷市,Moriya City,,,,,,,,,,,,,,,,,,,,,,,,,
Kanto,Ibaraki,八千代町,Yachiyo Town,,,,,,,,,,,,,,,,,,,,,,,,,
Kanto,Ibaraki,結城市,Yuki City,,,,,,,,,,,,,,,,,,,,,,,,,
Kanto,Ibaraki,龍ケ崎市,Ryugasaki City,,,,,,,,,,,,,,,,,,,,,,,,,
Kanto,Tochigi,足利市,Ashikaga City,,,,,,,,,,,,,,,,,,,,,,,,,
Kanto,Tochigi,市貝町,Ichikai Town,,,,,,,,,,,,,,,,,,,,,,,,,
Kanto,Tochigi,宇都宮市,Utsunomiya City,,,,,,,,,,,,,,,,,,,,,,,,,
Kanto,Tochigi,大田原市,Otawara City,,,,,,,,,,,,,,,,,,,,,,,,,
Kanto,Tochigi,小山市,Oyama City,,,,,,,,,,,,,,,,,,,,,,,,,
Kanto,Tochigi,鹿沼市,Kanuma City,,,,,,,,,,,,,,,,,,,,,,,,,
Kanto,Tochigi,上三川町,Kaminokawa Town,,,,,,,,,,,,,,,,,,,,,,,,,
Kanto,Tochigi,さくら市,Sakura City,,,,,,,,,,,,,,,,,,,,,,,,,
Kanto,Tochigi,佐野市,Sano City,,,,,,,,,,,,,,,,,,,,,,,,,
Kanto,Tochigi,塩谷町,Shioya Town,,,,,,,,,,,,,,,,,,,,,,,,,
Kanto,Tochigi,下野市,Shimotsuke City,,,,,,,,,,,,,,,,,,,,,,,,,
Kanto,Tochigi,高根沢町,Takanezawa Town,,,,,,,,,,,,,,,,,,,,,,,,,
Kanto,Tochigi,栃木市,Tochigi City,,,,,,,,,,,,,,,,,,,,,,,,,
Kanto,Tochigi,那珂川町,Nakagawa Town,,,,,,,,,,,,,,,,,,,,,,,,,
Kanto,Tochigi,那須烏山市,Nasukarasuyama City,,,,,,,,,,,,,,,,,,,,,,,,,
Kanto,Tochigi,那須塩原市,Nasushiobara City,,,,,,,,,,,,,,,,,,,,,,,,,
Kanto,Tochigi,那須町,Nasu Town,,,,,,,,,,,,,,,,,,,,,,,,,
Kanto,Tochigi,日光市,Nikko City,,,,,,,,,,,,,,,,,,,,,,,,,
Kanto,Tochigi,野木町,Nogi Town,,,,,,,,,,,,,,,,,,,,,,,,,
Kanto,Tochigi,芳賀町,Haga Town,,,,,,,,,,,,,,,,,,,,,,,,,
Kanto,Tochigi,益子町,Mashiko Town,,,,,,,,,,,,,,,,,,,,,,,,,
Kanto,Tochigi,壬生町,Mibu Town,,,,,,,,,,,,,,,,,,,,,,,,,
Kanto,Tochigi,真岡市,Moka City,,,,,,,,,,,,,,,,,,,,,,,,,
Kanto,Tochigi,茂木町,Motegi Town,,,,,,,,,,,,,,,,,,,,,,,,,
Kanto,Tochigi,矢板市,Yaita City,,,,,,,,,,,,,,,,,,,,,,,,,
Kanto,Gunma,安中市,Annaka City,,,,,,,,,,,,,,,,,,,,,,,,,
Kanto,Gunma,伊勢崎市,Isesaki City,,,,,,,,,,,,,,,,,,,,,,,,,
Kanto,Gunma,板倉町,Itakura Town,,,,,,,,,,,,,,,,,,,,,,,,,
Kanto,Gunma,上野村,Ueno Village,,,,,,,,,,,,,,,,,,,,,,,,,
Kanto,Gunma,邑楽町,Ora Town,,,,,,,,,,,,,,,,,,,,,,,,,
Kanto,Gunma,大泉町,Oizumi Town,,,,,,,,,,,,,,,,,,,,,,,,,
Kanto,Gunma,太田市,Ota City,,,,,,,,,,,,,,,,,,,,,,,,,
Kanto,Gunma,片品村,Katashina Village,,,,,,,,,,,,,,,,,,,,,,,,,
Kanto,Gunma,川場村,Kawaba Village,,,,,,,,,,,,,,,,,,,,,,,,,
Kanto,Gunma,神流町,Kanna Town,,,,,,,,,,,,,,,,,,,,,,,,,
Kanto,Gunma,甘楽町,Kanra Town,,,,,,,,,,,,,,,,,,,,,,,,,
Kanto,Gunma,桐生市,Kiryu City,,,,,,,,,,,,,,,,,,,,,,,,,
Kanto,Gunma,草津町,Kusatsu Town,,,,,,,,,,,,,,,,,,,,,,,,,
Kanto,Gunma,渋川市,Shibukawa City,,,,,,,,,,,,,,,,,,,,,,,,,
Kanto,Gunma,下仁田町,Shimonita Town,,,,,,,,,,,,,,,,,,,,,,,,,
Kanto,Gunma,昭和村,Showa Village,,,,,,,,,,,,,,,,,,,,,,,,,
Kanto,Gunma,榛東村,Shinto Village,,,,,,,,,,,,,,,,,,,,,,,,,
Kanto,Gunma,高崎市,Takasaki City,,,,,,,,,,,,,,,,,,,,,,,,,
Kanto,Gunma,高山村,Takayama Village,,,,,,,,,,,,,,,,,,,,,,,,,
Kanto,Gunma,館林市,Tatebayashi City,,,,,,,,,,,,,,,,,,,,,,,,,
Kanto,Gunma,玉村町,Tamamura Town,,,,,,,,,,,,,,,,,,,,,,,,,
Kanto,Gunma,千代田町,Chiyoda Town,,,,,,,,,,,,,,,,,,,,,,,,,
Kanto,Gunma,嬬恋村,Tsumagoi Village,,,,,,,,,,,,,,,,,,,,,,,,,
Kanto,Gunma,富岡市,Tomioka City,,,,,,,,,,,,,,,,,,,,,,,,,
Kanto,Gunma,中之条町,Nakanojo Town,,,,,,,,,,,,,,,,,,,,,,,,,
Kanto,Gunma,長野原町,Naganohara Town,,,,,,,,,,,,,,,,,,,,,,,,,
Kanto,Gunma,南牧村,Nanmoku Village,,,,,,,,,,,,,,,,,,,,,,,,,
Kanto,Gunma,沼田市,Numata City,,,,,,,,,,,,,,,,,,,,,,,,,
Kanto,Gunma,東吾妻町,Higashiagatsuma Town,,,,,,,,,,,,,,,,,,,,,,,,,
Kanto,Gunma,藤岡市,Fujioka City,,,,,,,,,,,,,,,,,,,,,,,,,
Kanto,Gunma,前橋市,Maebashi City,,,,,,,,,,,,,,,,,,,,,,,,,
Kanto,Gunma,みどり市,Midori City,,,,,,,,,,,,,,,,,,,,,,,,,
Kanto,Gunma,みなかみ町,Minakami Town,,,,,,,,,,,,,,,,,,,,,,,,,
Kanto,Gunma,明和町,Meiwa Town,,,,,,,,,,,,,,,,,,,,,,,,,
Kanto,Gunma,吉岡町,Yoshioka Town,,,,,,,,,,,,,,,,,,,,,,,,,
Kanto,Saitama,上尾市,Ageo City,,,,,,,,,,,,,,,,,,,,,,,,,
Kanto,Saitama,朝霞市,Asaka City,,,,,,,,,,,,,,,,,,,,,,,,,
Kanto,Saitama,伊奈町,Ina Town,,,,,,,,,,,,,,,,,,,,,,,,,
Kanto,Saitama,入間市,Iruma City,,,,,,,,,,,,,,,,,,,,,,,,,
Kanto,Saitama,小鹿野町,Ogano Town,,,,,,,,,,,,,,,,,,,,,,,,,
Kanto,Saitama,小川町,Ogawa Town,,,,,,,,,,,,,,,,,,,,,,,,,
Kanto,Saitama,桶川市,Okegawa City,,,,,,,,,,,,,,,,,,,,,,,,,
Kanto,Saitama,越生町,Ogose Town,,,,,,,,,,,,,,,,,,,,,,,,,
Kanto,Saitama,春日部市,Kasukabe City,,,,,,,,,,,,,,,,,,,,,,,,,
Kanto,Saitama,加須市,Kazo City,,,,,,,,,,,,,,,,,,,,,,,,,
Kanto,Saitama,神川町,Kamikawa Town,,,,,,,,,,,,,,,,,,,,,,,,,
Kanto,Saitama,上里町,Kamisato Town,,,,,,,,,,,,,,,,,,,,,,,,,
Kanto,Saitama,川口市,Kawaguchi City,,,,,,,,,,,,,,,,,,,,,,,,,
Kanto,Saitama,川越市,Kawagoe City,,,,,,,,,,,,,,,,,,,,,,,,,
Kanto,Saitama,川島町,Kawajima Town,,,,,,,,,,,,,,,,,,,,,,,,,
Kanto,Saitama,北本市,Kitamoto City,,,,,,,,,,,,,,,,,,,,,,,,,
Kanto,Saitama,行田市,Gyoda City,,,,,,,,,,,,,,,,,,,,,,,,,
Kanto,Saitama,久喜市,Kuki City,,,,,,,,,,,,,,,,,,,,,,,,,
Kanto,Saitama,熊谷市,Kumagaya City,,,,,,,,,,,,,,,,,,,,,,,,,
Kanto,Saitama,鴻巣市,Konosu City,,,,,,,,,,,,,,,,,,,,,,,,,
Kanto,Saitama,越谷市,Koshigaya City,,,,,,,,,,,,,,,,,,,,,,,,,
Kanto,Saitama,さいたま市,Saitama City,,,,,,,,,,,,,,,,,,,,,,,,,
Kanto,Saitama,坂戸市,Sakado City,,,,,,,,,,,,,,,,,,,,,,,,,
Kanto,Saitama,幸手市,Satte City,,,,,,,,,,,,,,,,,,,,,,,,,
Kanto,Saitama,狭山市,Sayama City,,,,,,,,,,,,,,,,,,,,,,,,,
Kanto,Saitama,志木市,Shiki City,,,,,,,,,,,,,,,,,,,,,,,,,
Kanto,Saitama,白岡市,Shiraoka City,,,,,,,,,,,,,,,,,,,,,,,,,
Kanto,Saitama,杉戸町,Sugito Town,,,,,,,,,,,,,,,,,,,,,,,,,
Kanto,Saitama,草加市,Soka City,,,,,,,,,,,,,,,,,,,,,,,,,
Kanto,Saitama,秩父市,Chichibu City,,,,,,,,,,,,,,,,,,,,,,,,,
Kanto,Saitama,鶴ヶ島市,Tsurugashima City,,,,,,,,,,,,,,,,,,,,,,,,,
Kanto,Saitama,ときがわ町,Tokigawa Town,,,,,,,,,,,,,,,,,,,,,,,,,
Kanto,Saitama,所沢市,Tokorozawa City,,,,,,,,,,,,,,,,,,,,,,,,,
Kanto,Saitama,戸田市,Toda City,,,,,,,,,,,,,,,,,,,,,,,,,
Kanto,Saitama,長瀞町,Nagatoro Town,,,,,,,,,,,,,,,,,,,,,,,,,
Kanto,Saitama,滑川町,Namegawa Town,,,,,,,,,,,,,,,,,,,,,,,,,
Kanto,Saitama,新座市,Niiza City,,,,,,,,,,,,,,,,,,,,,,,,,
Kanto,Saitama,蓮田市,Hasuda City,,,,,,,,,,,,,,,,,,,,,,,,,
Kanto,Saitama,鳩山町,Hatoyama Town,,,,,,,,,,,,,,,,,,,,,,,,,
Kanto,Saitama,羽生市,Hanyu City,,,,,,,,,,,,,,,,,,,,,,,,,
Kanto,Saitama,飯能市,Hanno City,,,,,,,,,,,,,,,,,,,,,,,,,
Kanto,Saitama,東秩父村,Higashichichibu Village,,,,,,,,,,,,,,,,,,,,,,,,,
Kanto,Saitama,東松山市,Higashimatsuyama City,,,,,,,,,,,,,,,,,,,,,,,,,
Kanto,Saitama,日高市,Hidaka City,,,,,,,,,,,,,,,,,,,,,,,,,
Kanto,Saitama,深谷市,Fukaya City,,,,,,,,,,,,,,,,,,,,,,,,,
Kanto,Saitama,富士見市,Fujimi City,,,,,,,,,,,,,,,,,,,,,,,,,
Kanto,Saitama,ふじみ野市,Fujimino City,,,,,,,,,,,,,,,,,,,,,,,,,
Kanto,Saitama,本庄市,Honjo City,,,,,,,,,,,,,,,,,,,,,,,,,
Kanto,Saitama,松伏町,Matsubushi Town,,,,,,,,,,,,,,,,,,,,,,,,,
Kanto,Saitama,三郷市,Misato City,,,,,,,,,,,,,,,,,,,,,,,,,
Kanto,Saitama,美里町,Misato Town,,,,,,,,,,,,,,,,,,,,,,,,,
Kanto,Saitama,皆野町,Minano Town,,,,,,,,,,,,,,,,,,,,,,,,,
Kanto,Saitama,宮代町,Miyashiro Town,,,,,,,,,,,,,,,,,,,,,,,,,
Kanto,Saitama,三芳町,Miyoshi Town,,,,,,,,,,,,,,,,,,,,,,,,,
Kanto,Saitama,毛呂山町,Moroyama Town,,,,,,,,,,,,,,,,,,,,,,,,,
Kanto,Saitama,八潮市,Yashio City,,,,,,,,,,,,,,,,,,,,,,,,,
Kanto,Saitama,横瀬町,Yokoze Town,,,,,,,,,,,,,,,,,,,,,,,,,
Kanto,Saitama,吉川市,Yoshikawa City,,,,,,,,,,,,,,,,,,,,,,,,,
Kanto,Saitama,吉見町,Yoshimi Town,,,,,,,,,,,,,,,,,,,,,,,,,
Kanto,Saitama,寄居町,Yorii Town,,,,,,,,,,,,,,,,,,,,,,,,,
Kanto,Saitama,嵐山町,Ranzan Town,,,,,,,,,,,,,,,,,,,,,,,,,
Kanto,Saitama,和光市,Wako City,,,,,,,,,,,,,,,,,,,,,,,,,
Kanto,Saitama,蕨市,Warabi City,,,,,,,,,,,,,,,,,,,,,,,,,
Kanto,Chiba,旭市,Asahi City,,,,,,,,,,,,,,,,,,,,,,,,,
Kanto,Chiba,我孫子市,Abiko City,,,,,,,,,,,,,,,,,,,,,,,,,
Kanto,Chiba,いすみ市,Isumi City,,,,,,,,,,,,,,,,,,,,,,,,,
Kanto,Chiba,市川市,Ichikawa City,,,,,,,,,,,,,,,,,,,,,,,,,
Kanto,Chiba,一宮町,Ichinomiya Town,,,,,,,,,,,,,,,,,,,,,,,,,
Kanto,Chiba,市原市,Ichihara City,,,,,,,,,,,,,,,,,,,,,,,,,
Kanto,Chiba,印西市,Inzai City,,,,,,,,,,,,,,,,,,,,,,,,,
Kanto,Chiba,浦安市,Urayasu City,,,,,,,,,,,,,,,,,,,,,,,,,
Kanto,Chiba,大網白里市,Oamishirasato City,,,,,,,,,,,,,,,,,,,,,,,,,
Kanto,Chiba,大多喜町,Otaki Town,,,,,,,,,,,,,,,,,,,,,,,,,
Kanto,Chiba,御宿町,Onjuku Town,,,,,,,,,,,,,,,,,,,,,,,,,
Kanto,Chiba,柏市,Kashiwa City,,,,,,,,,,,,,,,,,,,,,,,,,
Kanto,Chiba,勝浦市,Katsuura City,,,,,,,,,,,,,,,,,,,,,,,,,
Kanto,Chiba,香取市,Katori City,,,,,,,,,,,,,,,,,,,,,,,,,
Kanto,Chiba,鎌ケ谷市,Kamagaya City,,,,,,,,,,,,,,,,,,,,,,,,,
Kanto,Chiba,鴨川市,Kamogawa City,,,,,,,,,,,,,,,,,,,,,,,,,
Kanto,Chiba,木更津市,Kisarazu City,,,,,,,,,,,,,,,,,,,,,,,,,
Kanto,Chiba,君津市,Kimitsu City,,,,,,,,,,,,,,,,,,,,,,,,,
Kanto,Chiba,鋸南町,Kyonan Town,,,,,,,,,,,,,,,,,,,,,,,,,
Kanto,Chiba,九十九里町,Kujukuri Town,,,,,,,,,,,,,,,,,,,,,,,,,
Kanto,Chiba,神崎町,Kozaki Town,,,,,,,,,,,,,,,,,,,,,,,,,
Kanto,Chiba,栄町,Sakae Town,,,,,,,,,,,,,,,,,,,,,,,,,
Kanto,Chiba,佐倉市,Sakura City,,,,,,,,,,,,,,,,,,,,,,,,,
Kanto,Chiba,山武市,Sammu City,,,,,,,,,,,,,,,,,,,,,,,,,
Kanto,Chiba,酒々井町,Shisui Town,,,,,,,,,,,,,,,,,,,,,,,,,
Kanto,Chiba,芝山町,Shibayama Town,,,,,,,,,,,,,,,,,,,,,,,,,
Kanto,Chiba,白子町,Shirako Town,,,,,,,,,,,,,,,,,,,,,,,,,
Kanto,Chiba,白井市,Shiroi City,,,,,,,,,,,,,,,,,,,,,,,,,
Kanto,Chiba,匝瑳市,Sosa City,,,,,,,,,,,,,,,,,,,,,,,,,
Kanto,Chiba,袖ケ浦市,Sodegaura City,,,,,,,,,,,,,,,,,,,,,,,,,
Kanto,Chiba,多古町,Tako Town,,,,,,,,,,,,,,,,,,,,,,,,,
Kanto,Chiba,館山市,Tateyama City,,,,,,,,,,,,,,,,,,,,,,,,,
Kanto,Chiba,千葉市,Chiba City,,,,,,,,,,,,,,,,,,,,,,,,,
Kanto,Chiba,銚子市,Choshi City,,,,,,,,,,,,,,,,,,,,,,,,,
Kanto,Chiba,長生村,Chosei Village,,,,,,,,,,,,,,,,,,,,,,,,,
Kanto,Chiba,長南町,Chonan Town,,,,,,,,,,,,,,,,,,,,,,,,,
Kanto,Chiba,東金市,Togane City,,,,,,,,,,,,,,,,,,,,,,,,,
Kanto,Chiba,東庄町,Tonosho Town,,,,,,,,,,,,,,,,,,,,,,,,,
Kanto,Chiba,富里市,Tomisato City,,,,,,,,,,,,,,,,,,,,,,,,,
Kanto,Chiba,長柄町,Nagara Town,,,,,,,,,,,,,,,,,,,,,,,,,
Kanto,Chiba,流山市,Nagareyama City,,,,,,,,,,,,,,,,,,,,,,,,,
Kanto,Chiba,習志野市,Narashino City,,,,,,,,,,,,,,,,,,,,,,,,,
Kanto,Chiba,成田市,Narita City,,,,,,,,,,,,,,,,,,,,,,,,,
Kanto,Chiba,野田市,Noda City,,,,,,,,,,,,,,,,,,,,,,,,,
Kanto,Chiba,富津市,Futtsu City,,,,,,,,,,,,,,,,,,,,,,,,,
Kanto,Chiba,船橋市,Funabashi City,,,,,,,,,,,,,,,,,,,,,,,,,
Kanto,Chiba,松戸市,Matsudo City,,,,,,,,,,,,,,,,,,,,,,,,,
Kanto,Chiba,南房総市,Minamiboso City,,,,,,,,,,,,,,,,,,,,,,,,,
Kanto,Chiba,睦沢町,Mutsuzawa Town,,,,,,,,,,,,,,,,,,,,,,,,,
Kanto,Chiba,茂原市,Mobara City,,,,,,,,,,,,,,,,,,,,,,,,,
Kanto,Chiba,八街市,Yachimata City,,,,,,,,,,,,,,,,,,,,,,,,,
Kanto,Chiba,八千代市,Yachiyo City,,,,,,,,,,,,,,,,,,,,,,,,,
Kanto,Chiba,横芝光町,Yokoshibahikari Town,,,,,,,,,,,,,,,,,,,,,,,,,
Kanto,Chiba,四街道市,Yotsukaido City,,,,,,,,,,,,,,,,,,,,,,,,,
Kanto,Kanagawa,愛川町,Aikawa Town,,,,,,,,,,,,,,,,,,,,,,,,,
Kanto,Kanagawa,厚木市,Atsugi City,,,,,,,,,,,,,,,,,,,,,,,,,
Kanto,Kanagawa,綾瀬市,Ayase City,,,,,,,,,,,,,,,,,,,,,,,,,
Kanto,Kanagawa,伊勢原市,Isehara City,,,,,,,,,,,,,,,,,,,,,,,,,
Kanto,Kanagawa,海老名市,Ebina City,,,,,,,,,,,,,,,,,,,,,,,,,
Kanto,Kanagawa,大磯町,Oiso Town,,,,,,,,,,,,,,,,,,,,,,,,,
Kanto,Kanagawa,大井町,Oi Town,,,,,,,,,,,,,,,,,,,,,,,,,
Kanto,Kanagawa,小田原市,Odawara City,,,,,,,,,,,,,,,,,,,,,,,,,
Kanto,Kanagawa,開成町,Kaisei Town,,,,,,,,,,,,,,,,,,,,,,,,,
Kanto,Kanagawa,鎌倉市,Kamakura City,,,,,,,,,,,,,,,,,,,,,,,,,
Kanto,Kanagawa,川崎市,Kawasaki City,,,,,,,,,,,,,,,,,,,,,,,,,
Kanto,Kanagawa,清川村,Kiyokawa Village,,,,,,,,,,,,,,,,,,,,,,,,,
Kanto,Kanagawa,相模原市,Sagamihara City,,,,,,,,,,,,,,,,,,,,,,,,,
Kanto,Kanagawa,座間市,Zama City,,,,,,,,,,,,,,,,,,,,,,,,,
Kanto,Kanagawa,寒川町,Samukawa Town,,,,,,,,,,,,,,,,,,,,,,,,,
Kanto,Kanagawa,逗子市,Zushi City,,,,,,,,,,,,,,,,,,,,,,,,,
Kanto,Kanagawa,茅ヶ崎市,Chigasaki City,,,,,,,,,,,,,,,,,,,,,,,,,
Kanto,Kanagawa,中井町,Nakai Town,,,,,,,,,,,,,,,,,,,,,,,,,
Kanto,Kanagawa,二宮町,Ninomiya Town,,,,,,,,,,,,,,,,,,,,,,,,,
Kanto,Kanagawa,箱根町,Hakone Town,,,,,,,,,,,,,,,,,,,,,,,,,
Kanto,Kanagawa,秦野市,Hadano City,,,,,,,,,,,,,,,,,,,,,,,,,
Kanto,Kanagawa,葉山町,Hayama Town,,,,,,,,,,,,,,,,,,,,,,,,,
Kanto,Kanagawa,平塚市,Hiratsuka City,,,,,,,,,,,,,,,,,,,,,,,,,
Kanto,Kanagawa,藤沢市,Fujisawa City,,,,,,,,,,,,,,,,,,,,,,,,,
Kanto,Kanagawa,松田町,Matsuda Town,,,,,,,,,,,,,,,,,,,,,,,,,
Kanto,Kanagawa,真鶴町,Manazuru Town,,,,,,,,,,,,,,,,,,,,,,,,,
Kanto,Kanagawa,三浦市,Miura City,,,,,,,,,,,,,,,,,,,,,,,,,
Kanto,Kanagawa,南足柄市,Minamiashigara City,,,,,,,,,,,,,,,,,,,,,,,,,
Kanto,Kanagawa,山北町,Yamakita Town,,,,,,,,,,,,,,,,,,,,,,,,,
Kanto,Kanagawa,大和市,Yamato City,,,,,,,,,,,,,,,,,,,,,,,,,
Kanto,Kanagawa,湯河原町,Yugawara Town,,,,,,,,,,,,,,,,,,,,,,Link,Image,Image,Image
Kanto,Kanagawa,横須賀市,Yokosuka City,,,,,,,,,,,,,,,,,,,,,,Link,Image,Image,Image
Kanto,Kanagawa,横浜市,Yokohama City,,,,,,,,,,,,,,,,,,,,,,Link,Image,Image,Image
Kanto,Tokyo,青ヶ島村,Aogashima Village,青酎,Aochu,Volcanic Island Sweet Potato Shochu,ah-oh-choo,,FALSE,TRUE,FALSE,TRUE,FALSE,,"A rare artisanal sweet potato shochu distilled exclusively on the isolated volcanic island of Aogashima. Crafted by local islanders using indigenous yeast strains and sweet potatoes, it delivers a robust earthy aroma with a complex, velvety finish.",Contains none. Vegan-friendly.,2000,5000,"Crystal Clear Spirit
A pristine transparent liquid that presents clean clarity when poured into a glass.

Hand-Labeled Glass Bottle
Enclosed in traditional heavy glass bottles featuring distinct island calligraphy seals.

Gentle Viscous Rim
Forms slow-dripping legs along the inner rim of the tasting glass upon swirling.","Distilled since the Edo period by island women as a household drink, it evolved into a prized craft spirit shaped by the island's fertile volcanic soil and subtropical climate.","Because production is strictly limited to Aogashima's tiny population, it is nationally revered as the phantom shochu.","01 Local Sweet Potatoes
Sun-ripened sweet potatoes harvested from the rich volcanic soil of Aogashima.

02 Barley Koji
Steamed barley inoculated with koji mold to initiate natural starch conversion.

03 Volcanic Basalt Water
Pure rainfall filtered through porous subterranean layers of volcanic basalt rock.",Distillation,N/A,Link,Image,Image,Image
Kanto,Tokyo,青ヶ島村,Aogashima Village,ひんぎゃの塩,Hingya no Shio,Geothermal Volcanic Sea Salt Flakes,heen-gyah no shee-oh,,TRUE,TRUE,FALSE,TRUE,FALSE,,"A mineral-rich gourmet sea salt crystallized using the natural geothermal steam of Aogashima volcano. Deep Kuroshio ocean water is slowly evaporated over gentle volcanic steam vents to yield crunchy, savory salt pyramids.",Contains none. Vegan-friendly.,600,1500,"Coarse White Crystals
Fluffy pyramid-shaped white salt crystals showcasing a soft translucent sheen.

Craft Paper Pouch
Packaged in minimalist brown kraft pouches stamped with official island seals.

Uneven Flake Texture
Distinctly varied crystal sizes that crumble effortlessly between fingertips.","The name 'Hingya' refers to the volcanic steam vents on the island. This salt-making method harnesses the island's natural geothermal energy, a practice deeply tied to Aogashima's volcanic landscape.","It takes weeks of slow evaporation over the volcanic vents to produce this salt, resulting in its signature large, crunchy crystals.","01 Kuroshio Pacific Water
Pure deep ocean water drawn directly from the swift Pacific Kuroshio current.

02 Natural Sea Minerals
Naturally occurring calcium and magnesium retained during low-temperature evaporation.",Evaporation via geothermal heat,N/A,Link,Image,Image,Image
Kanto,Tokyo,昭島市,Akishima City,拝島ハイボール,Haijima Highball,Refreshing Local Craft Whisky Cocktail,hah-ee-jee-mah hye-bohl,,TRUE,TRUE,TRUE,FALSE,FALSE,,"A signature local highball crafted in Akishima City using crisp underground spring water. Mixed with quality Japanese whisky and effervescent soda, it offers a clean, ultra-refreshing taste.",Contains none. Vegetarian-friendly.,500,900,"Effervescent Amber Liquid
Golden amber whisky cocktail brimming with tight carbonation bubbles rising to the top.

Tall Chilled Glassware
Served over crystalline ice blocks in a heavy-bottomed frosted highball glass.

Fresh Citrus Slice
Garnished with a crisp wedge of fresh yellow lemon resting on the ice.","Created to celebrate the local drinking culture around Haijima Station, this highball has become a beloved staple in the area's izakayas.",Akishima is famous for being the only municipality in Tokyo providing 100% pure underground water for tap supply.,"01 Japanese Blended Whisky
Smooth oak-aged Japanese malt whisky selected for clean aromatic balance.

02 Akishima Spring Water Soda
Highly carbonated sparkling water crafted from pure Akishima deep subterranean wells.

03 Fresh Lemon Wedge
Freshly sliced citrus wedge adding bright acidity and aromatic zest.",Mixing,Lemon slice,Link,Image,Image,Image
Kanto,Tokyo,昭島市,Akishima City,拝島ねぎみそ,Haijima Negi Miso,Green Onion Miso Paste,hah-ee-jee-mah neh-gee mee-so,,TRUE,TRUE,FALSE,TRUE,FALSE,,A rich savory condiment prepared by sautéing locally grown green onions with aromatic fermented miso paste. It delivers an intense umami punch with sweet caramelized onion notes perfect over warm rice.,"Contains Soy, Sesame. Vegan-friendly.",450,850,"Deep Glossy Brown Paste
A thick caramelized dark brown miso paste with visible specks of green scallions.

Traditional Glass Jar
Sealed inside compact glass jars labeled with traditional Japanese brushed brushwork.

Chunky Onion Pieces
Features tender translucent pieces of diced green onion folded throughout the paste.",Originating as a farmstead preserving method in western Tokyo to extend the shelf life of seasonal scallion harvests.,This versatile miso paste is commonly spread over rice balls before charcoal grilling to create fragrant yaki-onigiri.,"01 Fresh Haijima Scallions
Locally harvested sweet green onions chopped fine for tender texture.

02 Fermented Rice Miso
Aged red and white soy miso paste delivering deep savory depth.

03 Toasted Sesame Oil
Pure roasted sesame oil added during pan-sautéing for nutty fragrance.",Simmering,N/A,Link,Image,Image,Image
Kanto,Tokyo,あきる野市,Akiruno City,秋川とうもろこし,Akigawa Sweet Corn,Sweet Tender Akigawa Valley Corn,ah-kee-gah-wah toh-moh-roh-koh-she,,TRUE,TRUE,FALSE,TRUE,TRUE,Summer,"Exceptionally sweet and juicy corn cultivated along the fertile riverbanks of the Akigawa Valley in Akiruno City. Plucked early in the morning, these golden kernels are so crisp and sweet they can even be enjoyed raw.",Contains none. Vegan-friendly.,250,500,"Plump Golden Kernels
Tightly packed rows of shiny bright yellow kernels glowing with fresh moisture.

Bright Green Husk
Wrapped in crisp leafy green husks with dark brown corn silk at the tip.

Charred Butter Glaze
When grilled, features attractive brown char marks coated in glistening melted butter.",The pure waters of the Akigawa River and the valley's distinct temperature differences create the perfect environment for cultivating this premium corn.,"During the summer harvest season, you'll find local farmers boiling or grilling these sweet cobs right by the roadside!","01 Fresh Sweet Corn Ears
Morning-harvested sweet corn grown in river mineral soils.

02 Sweet Butter Dip
Creamy Hokkaido butter melted over grilled cob ears.

03 Soy Sauce Drizzle
Aged soy sauce brushed over open flame for savory glaze.","Boiling, grilling",Soy sauce glaze (if grilled),Link,Image,Image,Image
Kanto,Tokyo,あきる野市,Akiruno City,のらぼう菜,Norabou-na,Edo Heirloom Leafy Green,noh-rah-boh-nah,,FALSE,TRUE,FALSE,TRUE,TRUE,Spring,"A tender local leafy green with crisp stems and a mild, sweet flavor, traditionally grown in western Tokyo. Norabou-na is valued for its edible stems and leaves and is commonly prepared simply by boiling, blanching, or stir-frying so its fresh green flavor remains clear.","Vegan, Gluten-free",150,400,"Long Tender Stems
 Sturdy pale-green stems support clusters of soft leaves and are fully edible.
 

 Fresh Leafy Green
 The leaves range from medium to deep green and look succulent rather than fibrous.
 

 Simple Cooked Presentation
 A lightly cooked serving keeps the vegetable's natural color and clean, mild appearance.",Norabou-na is an old Tokyo-area vegetable associated with western suburban farming and has been cultivated in the Akiruno area for generations. Its continued use reflects traditional household vegetable growing and seasonal spring cooking rather than a single inventor.,"The stalks and leaves can be eaten together, making it less wasteful than greens that require extensive trimming. Harvested stems are especially prized for their tender bite.","01 Norabou-na Leaves
 Tender leaves provide a mild green flavor and soft texture.
 

 02 Norabou-na Stems
 The thick stems add crispness and remain pleasantly firm after brief cooking.
 

 03 Light Seasoning
 Soy sauce, sesame, or simple dashi-based seasoning lets the vegetable's sweetness remain noticeable.","Boiling, stir-frying",Sesame dressing,Link,Image,Image,Image
Kanto,Tokyo,足立区,Adachi Ward,文化フライ,Bunka Fry,Retro Fried Snack,boon-kah foo-rye,,TRUE,FALSE,FALSE,FALSE,FALSE,,"A distinctive Adachi street snack made from seasoned wheat dough shaped into a flat, sandal-like form, coated with breadcrumbs, and deep-fried. The finished fritter is lightly sweet, crisp outside, soft inside, and traditionally served hot with a generous amount of special sauce.","Contains wheat, soy",100,300,"Flat Oval Fritter
 A thin, elongated fried piece has the characteristic flattened shape.
 

 Crisp Breadcrumb Crust
 Fine breadcrumbs form a golden exterior around the soft flour-based center.
 

 Sauce-Finished Surface
 A dark, glossy sauce is brushed or poured over the freshly fried snack.","Bunka Fry was devised by Hasegawa Shoten in Umeda, Adachi Ward, and became a familiar festival-stall snack in the postwar period. It survived mainly through local memory after regular street-stall production declined around 2001.","Despite its name, Bunka Fry contains no meat or fish in the basic preparation. It is a flour-based snack whose character comes from the crisp coating, slight sweetness, and savory sauce.","01 Wheat Dough
 A simple wheat-flour dough forms the soft, chewy center.
 

 02 Breadcrumbs
 Breadcrumbs create the crisp fried shell and browned exterior.
 

 03 Special Sauce
 The signature sauce adds sweetness, saltiness, and concentrated savory flavor.",Deep-frying,Sweet and savory sauce,Link,Image,Image,Image
Kanto,Tokyo,足立区,Adachi Ward,千住のすずめ焼き,Senju no Suzumeyaki,Senju Glazed Small Fish,sen-joo no soo-zoo-meh-yah-kee,,FALSE,FALSE,TRUE,FALSE,FALSE,,"A traditional Senju-style small-fish dish in which whole small fish are skewered and grilled with a savory-sweet glaze. The name refers to their small, sparrow-like appearance, while the preparation belongs to the old river-and-market food culture of the Senju area.","Contains fish, soy",500,1200,"Small Whole Fish
 Tiny fish are arranged whole on narrow bamboo skewers.
 

 Dark Soy Glaze
 Repeated brushing gives the grilled fish a deep brown, glossy surface.
 

 Compact Skewered Serve
 The small format makes the dish visually similar to a row of roasted birds.","Suzumeyaki is associated with the historic food culture around Senju, where small freshwater fish were preserved and sold as a practical local food. The surviving style reflects Edo-period riverine cooking rather than a single documented inventor.","The name evokes grilled sparrows, but it describes the fish's small appearance, not the bird itself. Eating it with the glaze highlights the contrast between crisp edges and tender fish.","01 Small Freshwater Fish
 Small fish such as crucian carp or similar local species form the traditional base.
 

 02 Soy Sauce-Based Glaze
 Soy sauce provides saltiness and umami while developing a dark finish during grilling.
 

 03 Sweet Cooking Seasoning
 Sugar or mirin balances the glaze and helps it adhere to the fish.",Grilling,Sansho pepper,Link,Image,Image,Image
Kanto,Tokyo,足立区,Adachi Ward,槍かけだんご,Yarikake Dango,Spear-Resting Dumplings,yah-ree-kah-keh dahn-goh,,TRUE,TRUE,FALSE,TRUE,FALSE,,"A traditional rice dumpling specialty associated with Senju, formed from chewy rice-flour dumplings on skewers and finished with a sweet or savory topping. The name is linked to a local story about resting a spear, while the dumplings are enjoyed as a simple old-fashioned snack.","Vegan, Gluten-free",150,500,"Three-Dumpling Skewer
 Round dumplings are lined up closely on a bamboo stick for an immediately recognizable silhouette.
 

 Glossy Sweet-Soy Finish
 The savory version is coated in a dark, glossy sauce that clings to the rice cakes.
 

 Soft White Rice Cakes
 The dumplings retain a smooth, compact surface with a pleasantly chewy bite.",Yarikake Dango is tied to the old Senju travel and lodging area and its famous legend about a spear being rested nearby. The dumpling tradition belongs to the historic neighborhood food culture and is preserved through long-running local confectionery shops.,The name connects the confection to a travel-era story rather than to an ingredient. Freshly made dumplings are at their best while the surface is still soft and the glaze glossy.,"01 Rice Flour Dumplings
 Steamed and shaped rice dough provides the soft, chewy body.
 

 02 Sweet Bean or Soy-Based Topping
 Depending on the style, the dumplings may be finished with sweet red bean paste or a savory-sweet glaze.
 

 03 Sugar
 Sugar balances the toppings and gives the finished skewer its characteristic sweetness.","Steaming, grilling",N/A,Link,Image,Image,Image
Kanto,Tokyo,荒川区,Arakawa Ward,ゆうゆう都電（和菓子）,Yuyu Toden - Wagashi,Toden Tram Sweets,yoo-yoo toh-den wah-gah-she,,TRUE,TRUE,FALSE,TRUE,FALSE,,"A traditional Japanese confection shaped like the tramcars of the Toden Arakawa Line, created as a playful local souvenir from Arakawa. Sold as a shop-exclusive wagashi in Machiya, it connects a familiar streetcar image with a soft, sweet confectionary format.","Vegan, contains wheat",200,600,"Tram-Shaped Silhouette
 Each confection uses a small streetcar form that is immediately recognizable.
 

 Soft Wagashi Exterior
 The surface is smooth and carefully molded to hold the vehicle shape.
 

 Compact Souvenir Size
 Individual pieces are sized for easy gifting and casual snacking.",Yuyu Toden was developed as a confection associated with the Toden Arakawa Line and is sold exclusively at the Machiya shop of Chikuryuan Okano. Its design turns a well-known Arakawa transport symbol into a local sweet.,The confection is especially popular with children because the tram shape is easy to recognize. It is also a local souvenir tied directly to the neighborhood where the streetcar runs.,"01 Sweet Bean Filling
 Sweet bean paste provides the familiar wagashi center.
 

 02 Rice-Based Confectionery Dough
 A soft Japanese confectionery exterior holds the molded tram shape.
 

 03 Sugar
 Sugar provides the characteristic sweetness of the finished wagashi.","Molding, baking",N/A,Link,Image,Image,Image
Kanto,Tokyo,荒川区,Arakawa Ward,あらかわもんじゃ,Arakawa Monja,Arakawa-style Monjayaki,ah-rah-kah-wah mon-jah,,FALSE,FALSE,TRUE,FALSE,FALSE,,"A sizzling monjayaki style associated with Arakawa Ward, where a thin dashi-rich batter cooks into a loose, savory mixture on a hot griddle. Cabbage and other ingredients are cooked together, producing the soft texture and concentrated browned edges that define monjayaki.","Contains wheat, soy, various toppings",800,2000,"Hot Iron Griddle
 The dish is cooked directly on a tabletop griddle and served bubbling hot.
 

 Loose Savory Mixture
 A thin batter surrounds finely cut cabbage and other chosen fillings.
 

 Crisped Edges
 Small browned patches form where the mixture contacts the hot plate.","Monjayaki became deeply established in Tokyo's working-class neighborhoods, and Arakawa developed its own local eating culture around the dish. The ward's style reflects the broader shitamachi tradition rather than a single inventor.","A tiny metal spatula is used both to cook and eat monjayaki. The most prized bites are often the small, crisp pieces that form against the griddle.","01 Dashi-Flavored Batter
 A thin mixture of flour and dashi creates the characteristic loose texture.
 

 02 Cabbage
 Finely chopped cabbage adds sweetness, moisture, and texture.
 

 03 Local Toppings
 Seafood, meat, vegetables, cheese, or other additions create the chosen flavor profile.",Griddle frying,"Aonori, dried bonito",Link,Image,Image,Image
Kanto,Tokyo,板橋区,Itabashi Ward,おからと豆乳のかりんとう,Okara & Soy Milk Karinto,Soybean Pulp Karinto,oh-kah-rah to toh-nyoo no kah-reen-toh,,TRUE,TRUE,FALSE,TRUE,FALSE,,"A crunchy karinto made with okara and soy milk, turning familiar soybean by-products into a sweet, crisp snack. The version produced by Nakano Confectionery in Itabashi is recognized locally for its practical use of soy ingredients and its light, pleasantly crumbly bite.","Vegan, contains soy, wheat",300,700,"Slim Fried Sticks
 Short, narrow pieces show the irregular handmade character of the snack.
 

 Light Golden Brown
 The fried surface develops a warm golden color without a heavy coating.
 

 Dry Crisp Texture
 The pieces have a firm exterior that breaks cleanly when bitten.","The product is made by Nakano Confectionery and is listed among Itabashi's recognized local specialty foods. Its concept combines traditional karinto-making with okara and soy milk, reflecting an effort to use more of the soybean after tofu production.",Okara is the soybean pulp left after making soy milk or tofu. Using it in confectionery gives the snack a distinctive crumb and turns a tofu-making by-product into part of the finished food.,"01 Okara
 Soybean pulp adds body and a slightly nutty, crumbly character.
 

 02 Soy Milk
 Soy milk enriches the dough and reinforces the soybean flavor.
 

 03 Wheat Flour and Sugar
 Flour provides structure while sugar supplies the characteristic sweetness of karinto.",Deep-frying,N/A,Link,Image,Image,Image
Kanto,Tokyo,板橋区,Itabashi Ward,肉のマルサン 自家製ハムカツ,Niku no Marusan Homemade Ham Cutlet,Marusan's Ham Cutlet,nee-koo no mah-roo-sahn hah-moo-kah-tsoo,,TRUE,FALSE,FALSE,FALSE,FALSE,,"A thick, butcher-shop-style ham cutlet made from a substantial slice of ham, coated and fried until the outside is crisp and golden. Niku no Marusan in Kamitabashi sells this house-made version as one of the products recognized by the Itabashi local specialty program.","Contains meat, wheat, egg",150,400,"Thick Ham Center
 The cutlet shows a noticeably generous interior of sliced ham rather than a paper-thin filling.
 

 Golden Panko Crust
 A crisp breadcrumb coating forms an even fried shell around the ham.
 

 Fresh Butcher-Shop Serve
 The cutlet is best shown hot and freshly fried, when the crust is most delicate.","Ham cutlets became a familiar Japanese butcher-shop food during the twentieth century, and Niku no Marusan developed its own house-made version for its Kamitabashi customers. The shop's cutlet was later selected for Itabashi's local specialty program.","Niku no Marusan is a neighborhood butcher that also prepares cooked foods in-house. The ham cutlet is designed as an everyday, ready-to-eat side rather than a formal restaurant dish.","01 Ham
 A thick slice of cured ham supplies the savory center.
 

 02 Egg and Flour
 The standard cutlet coating uses flour and egg to help the crumbs adhere.
 

 03 Panko Breadcrumbs
 Japanese breadcrumbs create the crisp, light-textured crust after frying.",Deep-frying,Tonkatsu sauce,Link,Image,Image,Image
Kanto,Tokyo,稲城市,Inagi City,稲城の梨,Inagi Pears,Inagi Nashi,ee-nah-gee no nah-she,,TRUE,TRUE,FALSE,TRUE,TRUE,Fall,"Large, juicy Japanese pears grown in Inagi, a long-established pear-growing area in Tokyo. Local fruit is prized for abundant juice, pronounced sweetness, and a crisp texture, with farm stands becoming especially busy during the harvest period from late summer into autumn.","Vegan, Gluten-free",500,3000,"Large Round Fruit
 Inagi pears are often notably large and round compared with many supermarket pears.
 

 Pale Crisp Flesh
 The cut surface is pale, firm, and visibly juicy.
 

 Fresh Orchard Finish
 Smooth skin and a clean stem end emphasize the freshness expected from direct farm sales.","Pear cultivation in Inagi is traced by the city to the Genroku era, when two local men are said to have brought back a pear cultivar from the Kyoto region. Commercial production became established later in the nineteenth century, leading to today's regional brand.",The city says local pear stalls begin appearing prominently around mid-August. Inagi pears are also widely purchased as gifts and shipped outside Tokyo during the harvest season.,"01 Japanese Pears
 Crisp Japanese pears provide the signature juicy sweetness and clean aroma.
 

 02 Orchard Fruit
 Fruit is harvested at orchard ripeness for direct sale and local distribution.
 

 03 Natural Fruit Juice
 The pear's high natural juice content creates the refreshing texture associated with the Inagi brand.",Raw,N/A,Link,Image,Image,Image
Kanto,Tokyo,稲城市,Inagi City,稲城の昔ばなしまんじゅう,Inagi Mukashibanashi Manju,Inagi Folktale Buns,ee-nah-gee moo-kah-she-bah-nah-she mahn-joo,,TRUE,TRUE,FALSE,TRUE,FALSE,,"A soft Japanese steamed bun created as an Inagi souvenir around local folktales and storytelling. The confection pairs a tender outer cake with a sweet filling, turning the city's traditional narratives into a compact gift suitable for visitors and everyday tea service.","Vegan, contains wheat",150,500,"Round Steamed Bun
 The small, rounded form gives the confection the familiar silhouette of a manju.
 

 Stamped Local Motif
 A decorative mark or printed design connects the sweet with Inagi's folktale theme.
 

 Soft Filled Center
 The cut surface reveals a smooth sweet filling inside the tender cake.","The confection was developed as a local Inagi souvenir inspired by the city's traditional folktales. Its purpose is cultural as well as culinary, using wagashi to give local stories a portable form.",The phrase old folktales refers to traditional local stories passed between generations. The manju turns that cultural theme into a food souvenir rather than representing a single historic recipe.,"01 Wheat Flour
 Flour forms the soft steamed outer cake.
 

 02 Sweet Bean Filling
 Sweet bean paste supplies the traditional wagashi-style filling.
 

 03 Sugar
 Sugar balances the filling and dough and gives the manju its gentle sweetness.",Steaming,N/A,Link,Image,Image,Image
Kanto,Tokyo,江戸川区,Edogawa Ward,小松菜,Komatsuna,Japanese Mustard Spinach,koh-mah-tsoo-nah,,FALSE,TRUE,FALSE,TRUE,TRUE,Winter,"A dark green leafy vegetable strongly associated with Edogawa, where the Komatsugawa area gave the crop its name. Komatsuna has crisp stems and a mild sweetness, and today it is grown year-round, although its original peak season is winter when cool weather intensifies its flavor.","Vegan, Gluten-free",100,300,"Deep Green Leaves
 Broad, dark leaves create a fresh, substantial appearance.
 

 Pale Crisp Stems
 The thick stems remain crunchy and add contrast to the softer leaves.
 

 Tightly Bunched Greens
 Whole plants are commonly sold with stems intact to preserve freshness.","Komatsuna's name is traditionally linked to the eighth shogun Tokugawa Yoshimune, who is said to have eaten local winter greens during a hawking visit and named them after Komatsugawa. Historical texts later confirm the reputation of the vegetable in the area.","Komatsuna can be harvested several times a year in modern cultivation, but winter remains its traditional season. Frost is said to make the leaves sweeter and more flavorful.","01 Komatsuna Leaves
 The dark leaves provide a mild mustardy note and high vegetable freshness.
 

 02 Komatsuna Stems
 Crisp stems give the vegetable its characteristic crunch.
 

 03 Natural Vegetable Sugars
 Cool-season growth concentrates sweetness, especially in traditional winter crops.","Boiling, stir-frying","Bonito flakes, soy sauce",Link,Image,Image,Image
Kanto,Tokyo,江戸川区,Edogawa Ward,サラダ小松菜,Salad Komatsuna,Raw Edible Komatsuna,sah-rah-dah koh-mah-tsoo-nah,,FALSE,TRUE,FALSE,TRUE,FALSE,,"A tender, mild form of komatsuna developed specifically for comfortable raw eating, with less bitterness and more perceived sweetness than traditional mature greens. The product was developed through an Edogawa agricultural-academic-public partnership and is marketed for salads, juices, and other uncooked uses.","Vegan, Gluten-free",150,400,"Tender Bright Leaves
 Leaves appear softer and more delicate than mature cooking komatsuna.
 

 Slim Pale Stems
 The stems remain crisp but are fine enough to eat raw.
 

 Fresh Salad Presentation
 Whole leaves are easy to arrange in salads without lengthy trimming or cooking.","Salad Komatsuna was developed through a joint Edogawa agricultural, academic, and public-sector project studying the safety and nutritional value of eating komatsuna raw. After two years of research, the product was commercialized as a milder salad-oriented form.","The project specifically tested raw-eating suitability, which is why this version is much less assertive in taste than mature cooking greens. It can also be blended directly into juice.","01 Salad Komatsuna
 Tender leaves provide a mild flavor designed for raw eating.
 

 02 Crisp Stems
 The young stems add fresh crunch without requiring boiling.
 

 03 Natural Vegetable Sugars
 A sweeter taste helps the greens work in salads and fresh juices.",Raw,Salad dressing,Link,Image,Image,Image
Kanto,Tokyo,青梅市,Ome City,青梅せんべい,Ome Senbei,Ome Rice Crackers,oh-meh sen-bay,,TRUE,TRUE,FALSE,TRUE,FALSE,,"A traditional rice-cracker-style confection associated with Ome, known for its light sweetness and crisp, delicate bite. The local souvenir is shaped and baked into thin pieces that travel well, making it a familiar tea-time gift from western Tokyo.","Vegan, contains wheat",300,1000,"Thin Pale Cracker
 The finished senbei is thin, light, and lightly browned.
 

 Curved Crisp Profile
 Many pieces have a gentle curve that makes them visually distinctive.
 

 Simple Gift Packaging
 The crackers are commonly presented as stackable souvenir pieces for tea service.",Ome Senbei is a long-standing local confection associated with the city's souvenir culture rather than a single documented inventor. Its style reflects the broader Japanese tradition of crisp baked sweets made for tea and gifting.,The crackers are particularly suited to tea because their modest sweetness lets the roasted grain aroma remain noticeable. Their dry texture also makes them easy to carry as a travel souvenir.,"01 Rice Flour
 Rice provides the crisp, light structure associated with senbei.
 

 02 Wheat Flour
 A small amount of wheat-based flour contributes structure in the local recipe.
 

 03 Sugar
 Sugar gives the cracker its gently sweet finish.",Baking,N/A,Link,Image,Image,Image
Kanto,Tokyo,青梅市,Ome City,のしこん,Noshikon,Rolled Konjac,noh-she-kon,,FALSE,TRUE,FALSE,TRUE,FALSE,,"A locally made konnyaku specialty associated with Ome, produced in thin rolled sheets rather than the standard rectangular blocks. The translucent pieces have a springy, pleasantly firm texture and are typically served chilled with a savory sauce or alongside other simple Japanese foods.","Vegan, Gluten-free",200,500,"Translucent Rolled Sheets
 Thin sheets of konnyaku show a clear, slightly gray appearance.
 

 Springy Surface
 The pieces hold their shape while revealing the characteristic elastic bite of konnyaku.
 

 Neat Chilled Slices
 Sliced portions are easy to serve with dipping sauce or as a light side dish.","Noshikon is a specialized local konnyaku product whose name comes from its rolled form. It belongs to Ome's regional food tradition of working with konnyaku as a practical, low-cost staple ingredient.","Konnyaku has almost no inherent flavor, so texture is the main attraction. Chilling the slices and adding a concentrated dipping sauce makes the springy bite more pronounced.","01 Konnyaku Flour
 Konnyaku powder provides the gelatinous, elastic base.
 

 02 Water
 Water hydrates the konnyaku flour and creates the final firm gel texture.
 

 03 Alkaline Setting Agent
 A traditional alkaline ingredient helps the konnyaku mixture set into a stable gel.",Boiling,N/A,Link,Image,Image,Image
Kanto,Tokyo,大島町,Oshima Town,べっこう寿司,Bekko Sushi,Tortoiseshell Sushi,bek-koh zoo-she,,FALSE,FALSE,TRUE,FALSE,FALSE,,"A distinctive island sushi from Izu Oshima made by marinating slices of local fish in a sweet-savory soy sauce before placing them over vinegared rice. The marinade gives the fish a glossy amber-brown appearance, which explains the name referring to tortoiseshell.","Contains fish, soy",1000,2000,"Amber-Marinated Fish
 Thin fish slices develop a deep, translucent brown sheen from the marinade.
 

 Compact Nigiri Form
 Each slice sits neatly over a small mound of seasoned rice.
 

 Clean Island Presentation
 The restrained arrangement highlights the fish's color and glossy surface.",Bekko sushi developed as a practical island preparation for seasoning fish with soy sauce and keeping its flavor appealing. The style became characteristic of Oshima's food culture and is now treated as one of the island's representative dishes.,"The name bekko refers to tortoiseshell, a reference to the amber-brown shine created by the soy marinade. In Oshima, mustard is traditionally preferred with the sushi instead of wasabi.","01 Local White Fish
 Fish such as sawara is sliced thinly for marinating.
 

 02 Soy Sauce Marinade
 Soy sauce provides saltiness, umami, and the characteristic amber color.
 

 03 Vinegared Sushi Rice
 Lightly sweetened vinegared rice balances the savory fish and marinade.",Marinating,N/A,Link,Image,Image,Image
Kanto,Tokyo,大島町,Oshima Town,ざこ定食,Zako Teishoku,Local Fish Set Meal,zah-koh tay-shoh-koo,,FALSE,FALSE,TRUE,FALSE,FALSE,,"A casual island set meal built around small local fish, often served grilled, fried, or simmered with rice and everyday side dishes. The concept reflects Oshima's practical seafood cooking, where modest catches are turned into a satisfying complete meal rather than treated as luxury ingredients.","Contains fish, soy",800,1500,"Local Fish Main
 A plate of simply prepared small fish anchors the meal.
 

 Rice and Side Dishes
 Steamed rice, soup, and small seasonal sides create the visual structure of a Japanese set meal.
 

 Home-Style Arrangement
 Simple ceramics and separated portions emphasize the everyday island character.",Zako teishoku is best understood as a local set-meal style using small fish rather than as one fixed historical recipe. Its roots lie in Oshima's fishing households and the practical use of readily available catches.,"The word zako refers broadly to small fish rather than one exact species. Because the term is flexible, the fish and preparation can vary with the day's catch and the restaurant.","01 Small Local Fish
 The day's small catch provides the central protein and can be grilled, fried, or simmered.
 

 02 Steamed Rice
 Plain rice provides a neutral base for the strongly flavored fish.
 

 03 Miso Soup and Seasonal Sides
 Soup and small vegetable dishes complete the balanced set-meal format.","Frying, simmering",Pickles,Link,Image,Image,Image
Kanto,Tokyo,大島町,Oshima Town,牛乳せんべい,Gyunu Senbei,Milk Crackers,gyoo-nyoo sen-bay,,TRUE,TRUE,FALSE,TRUE,FALSE,,"A crisp, lightly sweet milk biscuit from Izu Oshima, made into thin baked pieces that pair naturally with tea or coffee. The simple recipe reflects the island's dairy connection and produces a dry, fragrant snack with a delicate snap.","Contains dairy, wheat, egg",400,1000,"Thin Baked Discs
 Light-colored biscuits are baked into flat, crisp pieces.
 

 Fine Porous Texture
 The interior has a delicate, dry structure rather than a dense cookie crumb.
 

 Simple Gift Presentation
 The biscuits are easy to stack and pack, making them a classic island souvenir.",Milk Senbei became established as an Oshima souvenir using the island's dairy connection and the Japanese tradition of producing crisp baked gift sweets. The exact commercial origin is associated with local confectionery makers rather than a single national inventor.,"Despite its name, milk senbei is closer to a thin sweet biscuit than a savory rice cracker. The milky aroma becomes more noticeable when the biscuit is eaten with a warm drink.","01 Wheat Flour
 Wheat flour provides the biscuit's structure.
 

 02 Milk
 Milk gives the cracker its gentle dairy aroma and pale finish.
 

 03 Sugar
 Sugar adds the restrained sweetness typical of the confection.",Baking,N/A,Link,Image,Image,Image
Kanto,Tokyo,大田区,Ota Ward,大森の海苔,Omori Nori,Omori Seaweed,oh-moh-ree no-ree,,FALSE,TRUE,FALSE,TRUE,FALSE,,"A historic nori-producing tradition from Omori, where calm, nutrient-rich Tokyo Bay waters once supported one of Japan's major seaweed-growing areas. Although cultivation ended in the 1960s, Omori remains a major center for nori wholesalers, grading, processing, and distribution.","Vegan, Gluten-free",500,3000,"Deep Green Sheets
 Quality nori shows a dark green to nearly black surface with fine, even texture.
 

 Light Crisp Break
 Properly toasted sheets fracture cleanly and release a roasted seaweed aroma.
 

 Flat Dried Form
 Rectangular sheets are stacked for easy storage, serving, and inspection.","Nori cultivation began along the Omori-to-Shinagawa coast about three centuries ago, and Omori became a leading production area from the Meiji era through the early Showa period. Cultivation ended in 1963 after fishing rights were relinquished amid coastal development, but the local trade continued.",Omori was once important enough to spread nori cultivation and processing techniques to other parts of Japan. Today the area's nori wholesalers still judge and process seaweed from production regions around the country.,"01 Edible Seaweed
 Porphyra-type seaweed forms the raw material for dried nori sheets.
 

 02 Seawater Minerals
 The sea environment influences the mineral content and flavor of the growing seaweed.
 

 03 Toasting
 Gentle roasting develops the characteristic crisp texture and nutty aroma.","Drying, roasting",N/A,Link,Image,Image,Image
Kanto,Tokyo,小笠原村,Ogasawara Village,島寿司,Shima-zushi,Marinated White Fish Sushi,shee-mah zoo-she,,FALSE,FALSE,TRUE,FALSE,FALSE,,"A classic Ogasawara island sushi made with slices of local fish marinated in soy sauce and mirin before being placed over mildly sweet vinegared rice. Traditionally served with mustard instead of wasabi, the style is defined by its glossy fish, sweet-savory seasoning, and strong island identity.","Contains soy, gluten, fish",1000,2500,"Soy-Marinated Fish
 Fish slices carry a dark, glossy seasoning layer before serving.
 

 Mustard Garnish
 A small amount of mustard provides the characteristic sharp accent.
 

 Compact Sushi Rice
 Each piece balances a neatly formed mound of lightly sweetened rice with the marinated topping.","Shima-zushi grew from the island food culture of the Ogasawara Islands, where fish was seasoned before serving to suit island conditions and local tastes. The technique is a part of the broader Japanese island sushi tradition rather than a recipe credited to one inventor.",Ogasawara's official tourism association specifically notes mustard rather than wasabi as the traditional accompaniment. The sweet vinegared rice helps balance the soy-based fish marinade.,"01 Local White Fish
 Fish such as sawara is sliced for the soy-based marinade.
 

 02 Soy Sauce and Mirin
 The marinade gives the fish its savory sweetness and characteristic glossy color.
 

 03 Vinegared Rice
 Mildly sweetened sushi rice provides balance and structure.","Marinating, hand-pressing",Western mustard (Karashi),Link,Image,Image,Image
Kanto,Tokyo,小笠原村,Ogasawara Village,亀煮,Kame-ni,Green Turtle Stew,kah-meh nee,,FALSE,FALSE,TRUE,FALSE,FALSE,,A traditional Ogasawara preparation of sea turtle cooked slowly with a savory-sweet seasoning until the meat becomes tender. It reflects the islands' historical use of marine resources and is now best understood as part of Ogasawara's heritage cuisine rather than an everyday food.,Contains turtle meat,800,2000,"Dark Braised Meat
 Slow cooking produces a deep brown, glossy surface on the tenderized meat.
 

 Chunked Portions
 Pieces are served in compact chunks that hold the rich braising sauce.
 

 Traditional Stew Presentation
 The dish is typically presented as a small savory portion rather than a large main course.","Kame-ni belongs to the traditional food culture of Ogasawara, where sea turtle was historically harvested and cooked as a local resource. Modern discussion of the dish is closely linked to the islands' cultural history and contemporary wildlife protections.","The name simply means turtle simmered or braised. Because sea turtles are protected wildlife, this dish should not be treated as an ordinary freely available menu item.","01 Sea Turtle
 Historically harvested turtle provided the central meat, although present-day access is governed by conservation rules.
 

 02 Soy Sauce
 Soy sauce supplies the deep savory base of the braising liquid.
 

 03 Sugar and Sake
 Sweet and aromatic cooking seasonings balance the strong marine flavor.",Slow simmering,Green onions,Link,Image,Image,Image
Kanto,Tokyo,小笠原村,Ogasawara Village,サメバーガー,Same Burger,Deep-Fried Shark Burger,sah-meh bah-gah,,TRUE,FALSE,TRUE,FALSE,FALSE,,"A modern Ogasawara specialty that replaces ordinary burger meat with locally caught shark, creating a firm, lean seafood filling inside a soft bun. The format turns a traditional island catch into an approachable contemporary street-food style and highlights the archipelago's strong connection with fishing.","Contains fish, gluten, egg",600,1200,"Golden Fried Shark Patty
 A breaded or cooked shark portion forms the substantial center of the sandwich.
 

 Soft Burger Bun
 A light bun frames the seafood without overpowering its flavor.
 

 Fresh Sauce and Greens
 Lettuce and sauce add moisture, acidity, and visual contrast to the darker filling.",Shark burgers are a modern island-food development rather than an Edo-period traditional dish. The concept reflects Ogasawara's contemporary effort to use local seafood in accessible dishes while giving visitors a distinctive taste of the islands.,"Shark has a firmer texture than many mild white fish, which is why sauces and a soft bun work well with it. The burger format makes an unfamiliar island ingredient easier for visitors to try.","01 Local Shark
 Lean shark meat provides the firm seafood center.
 

 02 Wheat Burger Bun
 The soft bun balances the denser texture of the seafood.
 

 03 Sauce and Salad Vegetables
 Sauce, lettuce, or other toppings add moisture and freshness to the sandwich.",Deep-frying,"Tartar sauce, lettuce",Link,Image,Image,Image
Kanto,Tokyo,小笠原村,Ogasawara Village,四角豆の天ぷら,Shikaku-mame Tempura,Winged Bean Tempura,she-kah-koo mah-meh ten-poo-rah,,TRUE,TRUE,TRUE,FALSE,TRUE,Summer,"A crisp vegetable tempura featuring winged bean, a warm-climate crop suited to the subtropical Ogasawara Islands. The beans are lightly battered and fried so their ridged, star-like cross-section stays visible, producing a delicate shell around a fresh, slightly grassy interior.","Contains gluten, fried in oil",500,1000,"Winged Bean Ridges
 The distinctive four-sided wings remain visible even after frying.
 

 Pale Golden Batter
 A thin, crisp coating develops around the green vegetable.
 

 Star-Shaped Cross-Section
 Cut pieces reveal the characteristic angular shape that identifies the bean.","Winged bean is among the subtropical vegetables grown in Ogasawara, and tempura is a straightforward local way to showcase the crop. The dish reflects island adaptation to warm-climate agriculture rather than a single documented invention.","The winged ridges of the bean are edible, so the vegetable keeps an unusual sculptural appearance after frying. A light batter lets the fresh vegetable flavor remain noticeable.","01 Winged Beans
 Young winged beans provide the crisp, fresh vegetable center.
 

 02 Tempura Batter
 A light flour-and-water batter forms the delicate fried coating.
 

 03 Frying Oil
 Hot oil quickly sets the batter while keeping the interior fresh and green.",Deep-frying,Island salt,Link,Image,Image,Image
Kanto,Tokyo,小笠原村,Ogasawara Village,アカバの味噌汁,Akaba Miso Soup,Red Grouper Soup,ah-kah-bah mee-so soo-poo,,FALSE,FALSE,TRUE,FALSE,FALSE,,"A deeply savory fish soup made with akabha, the local name for red-spotted grouper, a prized reef fish of the Ogasawara Islands. The fish is simmered with miso to create a rich broth that combines a clean marine sweetness with the fermented depth of Japanese miso.","Contains fish, soy",600,1500,"Chunky Fish Pieces
 Bone-in fish portions give the soup a substantial, rustic appearance.
 

 Cloudy Miso Broth
 Miso turns the broth opaque and adds a warm brown-golden tone.
 

 Fresh Herb Finish
 Scallion or similar garnish adds a bright green contrast to the rich soup.","Akabha miso soup is a recognized Ogasawara island dish made from the fish locally called akabha, or red-spotted grouper. Its roots lie in island fishing cuisine and the practical use of prized reef fish in a nourishing soup.","The fish is considered a high-value local catch, so using it in miso soup turns bones and flavorful pieces into a particularly rich broth. The local name akabha refers to the red grouper family fish used in the dish.","01 Red-Spotted Grouper
 Akabha provides the fish's clean marine sweetness and gelatin-rich texture.
 

 02 Miso
 Fermented soybean paste forms the salty, savory soup base.
 

 03 Dashi and Aromatics
 Stock ingredients and simple aromatics deepen the broth without masking the fish.","Boiling, simmering",Chopped green onions,Link,Image,Image,Image
Kanto,Tokyo,小笠原村,Ogasawara Village,島レモンゼリー,Shima Lemon Jelly,Island Lemon Jelly,she-mah reh-mon zeh-ree,,TRUE,TRUE,TRUE,TRUE,TRUE,Fall,"A bright jelly dessert made with Ogasawara's distinctive island lemon, prized for its rounded shape, lively aroma, and relatively gentle acidity. The fruit is especially well suited to jelly because its juice and fragrant peel create a clean, refreshing citrus character.",Vegan (if agar used),300,600,"Clear Citrus Jelly
 The translucent dessert catches light and reveals a soft golden or pale green tint.
 

 Fine Citrus Aroma
 Fresh lemon fragrance is visible in the presentation through zest or juice.
 

 Smooth Spoon-Cut Texture
 The jelly should quiver lightly while holding clean, neat cuts.","Island lemon, also known as Kikuji lemon, was introduced to Ogasawara from Hachijojima after the islands returned to Japan. Local producers later developed products such as jelly and jam to showcase the fruit's unusually mild acidity and fragrance.",Ogasawara island lemons are about one and a half times the size of ordinary lemons and can be eaten while still green. Their rounded shape and gentler acidity make them especially versatile for sweets.,"01 Island Lemon Juice
 Fresh lemon juice supplies the bright citrus aroma and balanced acidity.
 

 02 Lemon Zest
 Finely grated peel intensifies the fragrance of the fruit.
 

 03 Gelatin or Jelly Setting Agent
 The setting ingredient creates the clean, trembling texture of the dessert.","Chilling, setting","Mint leaf, lemon zest",Link,Image,Image,Image
Kanto,Tokyo,奥多摩町,Okutama Town,奥多摩やまめ,Okutama Yamame,Premium Landlocked Masu Salmon,oh-koo-tah-mah yah-mah-meh,,FALSE,FALSE,TRUE,FALSE,TRUE,Summer,"A farmed yamame trout specialty from the Okutama mountains, where clear, cold water supports the production of prized landlocked trout. The fish has a clean flavor and delicate flesh and is commonly served grilled, especially with salt, to preserve its subtle mountain-stream character.",Contains fish,1000,3000,"Silver-Gold Trout
 The slender fish has a silver body with a faint golden cast when grilled.
 

 Charred Skin
 Gentle grilling produces browned skin while keeping the flesh moist.
 

 Whole-Fish Serve
 The intact shape emphasizes the traditional river-fish presentation.","Okutama Yamame is a regional aquaculture product developed around the area's cold, clean mountain water. Modern hatchery production allows the local specialty to be supplied consistently while retaining the characteristics associated with mountain trout.","Yamame is a landlocked salmonid related to other Japanese trout. It is especially good grilled over charcoal or wood, where the skin develops a crisp aromatic edge.","01 Yamame Trout
 Freshwater trout supplies the delicate, clean-tasting flesh.
 

 02 Salt
 Salt is the classic seasoning for highlighting the fish's subtle flavor.
 

 03 Mountain Water
 Cold, clean water is central to the character and production environment of the local fish.","Charcoal grilling (Shioyaki), deep-frying, or raw (Sashimi)","Salt, lemon, grated daikon",Link,Image,Image,Image
Kanto,Tokyo,奥多摩町,Okutama Town,奥多摩わさび,Okutama Wasabi,Fresh Mountain Wasabi,oh-koo-tah-mah wah-sah-bee,,TRUE,TRUE,TRUE,TRUE,FALSE,,"A fragrant Japanese wasabi grown in the clean spring waters of Okutama, one of western Tokyo's mountain food regions. The root has a fresh, green aroma and a brief, penetrating heat that is prized when freshly grated rather than stored for long periods.","Vegan, Gluten-free",500,2000,"Knobbly Green Rhizome
 Fresh wasabi has a rough, irregular exterior with a greenish-gray surface.
 

 Fresh Grated Pile
 Grated wasabi becomes a moist, finely textured green mound.
 

 Leaf and Stem Cluster
 Fresh plants can be displayed with their green stems and broad leaves attached.",Wasabi has been cultivated in Okutama's cool mountain streams and spring-water environments as part of the region's long agricultural tradition. The specialty depends on clean flowing water and shaded growing conditions rather than ordinary field cultivation.,"Freshly grated wasabi delivers a short, nasal heat that fades much faster than the burn of dried horseradish powder. The finest aroma is noticeable immediately after grating.","01 Wasabi Rhizome
 The grated rhizome provides the signature green aroma and sharp heat.
 

 02 Clean Spring Water
 Cold, clear flowing water creates the conditions needed for high-quality wasabi cultivation.
 

 03 Wasabi Leaves and Stems
 The plant's above-ground parts are also edible in local cooking and preserves.",Raw (grated),N/A,Link,Image,Image,Image
Kanto,Tokyo,奥多摩町,Okutama Town,刺身こんにゃく,Sashimi Konnyaku,Sliced Raw Konjac,sah-shee-mee kon-nyah-koo,,TRUE,TRUE,TRUE,TRUE,FALSE,,"A chilled konnyaku preparation cut into thin slices and served like sashimi, prized more for its springy texture than for a strong flavor. The translucent pieces are usually paired with a savory dipping sauce, making the dish a light, refreshing counterpoint to richer mountain foods.","Vegan, Gluten-free (depending on sauce)",400,900,"Translucent Slices
 Thin slices have a clear gray-white appearance that catches the light.
 

 Smooth Wet Surface
 Freshly rinsed konnyaku looks glossy and cool on the plate.
 

 Dipping Sauce Accent
 A small bowl of miso or soy-based sauce provides the main color contrast.","Sashimi konnyaku comes from Japan's long tradition of using konnyaku as a preserved mountain food. The Okutama version fits the area's broader konnyaku-making culture, where clean water and locally processed konnyaku are valued regional foods.","Because konnyaku is mild on its own, the dipping sauce determines much of the finished flavor. Chilling the slices makes their springy texture especially refreshing.","01 Konnyaku
 Set konnyaku jelly provides the distinctive elastic texture.
 

 02 Clean Water
 Water is essential to the hydration and setting of the konnyaku.
 

 03 Miso or Soy-Based Sauce
 A savory dipping sauce supplies most of the dish's salt, umami, and aroma.","Boiling, cooling, slicing","Sweet miso paste (Sumiso), soy sauce, sesame seeds",Link,Image,Image,Image
Kanto,Tokyo,葛飾区,Katsushika Ward,草だんご,Kusa Dango,Shibamata Mugwort Dumplings,koo-sah dahn-goh,,TRUE,TRUE,TRUE,TRUE,FALSE,,"A chewy rice dumpling flavored with aromatic yomogi leaves, traditionally served as a simple Japanese sweet with red bean paste. In Tokyo's old neighborhood confectionery tradition, kusa dango is prized for its fresh green color, herbal fragrance, and pleasantly elastic bite.","Vegan, Gluten-free (typically)",150,600,"Natural Green Dough
 Yomogi gives the dumplings their characteristic deep green color.
 

 Round Skewered Pieces
 Small round dumplings form a compact, easily recognizable serving.
 

 Red Bean Topping
 Sweet bean paste adds a dark red-brown contrast over the green rice cakes.","Kusa dango is a long-established Japanese wagashi style, traditionally made by mixing yomogi with pounded rice dough. Tokyo examples became associated with temple districts and long-running confectionery shops rather than one single inventor.","Yomogi gives kusa dango a grassy, slightly bitter fragrance that balances sweet bean paste. The strongest aroma is usually noticeable when the dumplings are freshly made.","01 Glutinous Rice Flour
 Rice flour creates the soft, chewy dumpling texture.
 

 02 Yomogi
 Mugwort provides the herbal fragrance and natural green color.
 

 03 Sweet Red Bean Paste
 Anko supplies the principal sweetness and creamy contrast.","Steaming, kneading",Sweet red bean paste,Link,Image,Image,Image
Kanto,Tokyo,葛飾区,Katsushika Ward,川魚料理,Kawazakana Ryori,Shibamata River Fish & Eel,kah-wah-zah-kah-nah ryoh-ree,,FALSE,FALSE,TRUE,FALSE,TRUE,Summer,"A broad style of freshwater fish cooking associated with Tokyo's river communities, especially the mountain and waterside districts. Dishes vary by the catch and season but often emphasize simple grilling, simmering, or frying so the clean flavor of river fish remains central.","Contains fish, soy, wheat",2500,6000,"Whole Grilled Fish
 Small freshwater fish are often presented whole with browned skin.
 

 Rustic Earthenware
 Simple plates and bowls suit the traditional mountain-food setting.
 

 Seasonal River Catch
 Different fish sizes and shapes reflect the local catch available at the time.","River-fish cooking is much older than the modern municipality boundaries of Tokyo and grew from the practical use of local streams and rivers. The contemporary regional style preserves methods such as salt grilling, simmering, and frying rather than a single fixed recipe.",Freshwater fish are often best with restrained seasoning because their flavor is delicate. Eating the fish soon after cooking keeps the skin crisp and the flesh moist.,"01 Freshwater Fish
 Trout, sweetfish, carp, or other river fish provide the central protein depending on location and season.
 

 02 Salt
 Salt grilling is one of the simplest traditional preparations.
 

 03 Soy or Miso Seasoning
 Simmered versions use savory Japanese seasonings instead of heavy spices.","Charcoal grilling (Kabayaki), steaming",Sansho (Japanese pepper),Link,Image,Image,Image
Kanto,Tokyo,葛飾区,Katsushika Ward,もつ焼き,Motsuyaki,Tateishi Grilled Offal,moh-tsoo-yah-kee,,TRUE,FALSE,TRUE,FALSE,FALSE,,"A classic Tokyo neighborhood dish of skewered pork offal grilled over high heat, especially associated with working-class drinking districts. The pieces are lightly charred and commonly seasoned with salt or a savory tare, giving them a smoky, intensely savory flavor.",Contains meat (pork/beef),100,500,"Charred Skewer Tips
 High-heat grilling leaves crisp browned edges and a lightly smoky surface.
 

 Mixed Offal Shapes
 Liver, intestine, stomach, and other cuts create varied sizes and textures.
 

 Glossy Tare Finish
 Sauced skewers develop a dark sheen while salt-seasoned pieces remain clean and browned.","Motsuyaki grew from the urban izakaya and street-food culture of twentieth-century Japan, where inexpensive offal was grilled quickly and served with drinks. Tokyo neighborhood shops developed their own sauces, cuts, and preferred grilling styles.","Different cuts have dramatically different textures, from tender liver to chewy intestine. Regular customers often have a favorite cut and seasoning, so mixed skewers are a useful introduction.","01 Pork Offal
 Intestine, liver, stomach, and other edible cuts provide the distinctive range of textures.
 

 02 Salt
 Salt highlights the natural savory flavor and grilled aroma.
 

 03 Sweet-Savory Tare
 A soy-based tare adds sweetness, umami, and a glossy charred finish.",Skewered and grilled over charcoal,"Shichimi togarashi, spicy miso paste",Link,Image,Image,Image
Kanto,Tokyo,北区,Kita Ward,滝野川ごぼう,Takinogawa Gobo,Edo Heirloom Burdock Root,tah-kee-noh-gah-wah goh-boh,,FALSE,TRUE,TRUE,TRUE,TRUE,Fall,"A historic long-rooted burdock associated with the Takinogawa area of northern Tokyo, known for its strong aroma and firm, flavorful flesh. The local variety became famous as a traditional vegetable and is valued in simmered dishes, kinpira, and other preparations that reward its distinctive bite.","Vegan, Gluten-free",500,1500,"Long Slender Roots
 Traditional Takinogawa burdock develops unusually long, straight roots.
 

 Pale Cream Interior
 Freshly cut flesh is light in color with fine, dense fibers.
 

 Earthy Market Display
 Roots are often shown whole to emphasize their length and traditional variety.",Takinogawa burdock was cultivated in Edo-period Tokyo and became a recognized local vegetable of the Takinogawa district. The variety is part of the city's heritage vegetable tradition and later declined as modern compact varieties became more convenient for growers.,The long roots can be difficult to harvest without specialized soil preparation. Their firm texture makes them particularly good for simmering and kinpira-style cooking.,"01 Takinogawa Burdock
 The heritage root provides a firm bite and deep earthy aroma.
 

 02 Water
 Soaking the cut root in water helps manage browning and prepares it for cooking.
 

 03 Soy-Based Seasoning
 Soy sauce, sugar, or mirin brings out the burdock's savory-sweet character.","Braising, stir-frying (Kinpira)",Sesame seeds,Link,Image,Image,Image
Kanto,Tokyo,清瀬市,Kiyose City,きよせ棒,Kiyose Bo,Kinpira Gobo Flavored Snack Stick,kee-yoh-seh boh,,TRUE,FALSE,FALSE,FALSE,FALSE,,"A crunchy vegetable snack from Kiyose made with local carrot and burdock powders, created around the city's strong root-vegetable production. The kinpira-burdock flavor combines savory seasoning with a light, crisp texture, making the snack suitable for casual eating, drinks, or souvenirs.","Contains soy, wheat",410,410,"Slim Crunchy Sticks
 The snack is formed into narrow pieces designed for a clean, crisp bite.
 

 Root-Vegetable Seasoning
 Carrot and burdock powders give a warm beige-to-brown appearance.
 

 Souvenir-Sized Pack
 Compact packaging reflects its role as an easy local gift or snack.",Kiyose Bo was launched to mark the centenary of Kiyose Station and uses powders made from locally associated carrots and burdock. The product was designed as a contemporary souvenir that turns local produce into a shelf-stable snack.,"The original kinpira-burdock flavor uses both carrot and burdock powders, linking the snack to Kiyose's vegetable-growing identity. A later corn-potage version was also introduced using local corn.","01 Burdock Powder
 Burdock supplies the earthy, savory vegetable character.
 

 02 Carrot Powder
 Carrot adds gentle sweetness and reinforces the local root-vegetable theme.
 

 03 Kinpira Seasoning
 Soy-based savory seasoning gives the snack its familiar Japanese side-dish flavor.","Extruding, baking",N/A,Link,Image,Image,Image
Kanto,Tokyo,清瀬市,Kiyose City,清瀬まん,Kiyose Man,Kiyose Corn & Carrot Keema Curry Bun,kee-yoh-seh mahn,,TRUE,FALSE,FALSE,FALSE,TRUE,Fall,"A chilled savory bun from Kiyose filled with spiced keema-style curry and local corn, with a later version adding Kiyose-grown carrots. The result combines warm curry spices with the natural sweetness of local vegetables in a convenient steamed-bun format.","Contains wheat, meat, soy",350,350,"Soft Filled Bun
 A pale, rounded wrapper encloses the strongly colored curry filling.
 

 Visible Curry Center
 The cut surface shows a rich orange-brown filling dotted with vegetables.
 

 Frozen Souvenir Pack
 The product is sold frozen for convenient storage and reheating at home.",Kiyose Man was launched by the Kiyose Tourism Association as a regional product using Kiyose-grown ingredients. The revived version added local carrots to the earlier corn-and-keema curry filling to soften the spice and increase vegetable depth.,The current version uses the sweet kernels of locally grown corn and carrot to mellow the curry's spice. The product became popular enough in its first release to sell out quickly.,"01 Keema Curry Filling
 Spiced minced-meat curry provides the savory center.
 

 02 Kiyose Corn
 Fresh local corn adds sweetness and texture.
 

 03 Kiyose Carrot
 Carrot contributes sweetness, color, and a gentle finish that softens the spice.",Steaming,N/A,Link,Image,Image,Image
Kanto,Tokyo,国立市,Kunitachi City,くにぶる,Kunitachi Brewery Craft Beer,Kunitachi Local Beer,koo-nee-boo-roo,,TRUE,TRUE,TRUE,FALSE,FALSE,,"A craft beer brewed by KUNITACHI BREWERY, Kunitachi's first craft brewery, established in 2020 by the long-running local sake retailer Sekiya. The brewery explores classic beer styles and experimental small-batch ideas, including beers inspired by Kunitachi's history and urban identity.",Vegan,600,1500,"Bright Craft Beer
 Freshly poured beer shows a clear style-dependent color ranging from pale gold to deep amber.
 

 Stable Foam Head
 A fresh pour develops a compact head that showcases carbonation and aroma.
 

 Branded Local Glass
 Serving in a brewery or tap-room glass reinforces the Kunitachi identity.","KUNITACHI BREWERY was established in 2020 by Sekiya, a sake retailer with more than a century of history. The brewery was created under the philosophy that old traditions can support new experiments in local brewing.","One of its beers, 1926, takes its name and design cues from Kunitachi Station's historic station building. The brewery therefore uses local history as part of the beer's identity.","01 Malted Barley
 Malted grain provides fermentable sugars and the malt backbone of the beer.
 

 02 Hops
 Hops contribute bitterness and aromatic character according to the style.
 

 03 Brewing Water
 Water provides the base for fermentation and influences the beer's final balance.",Brewing,N/A,Link,Image,Image,Image
Kanto,Tokyo,神津島村,Kozushima Village,金目鯛の煮付け,Kinmedai no Nitsuke,Simmered Splendid Alfonsino,keen-meh-dye no nee-tsoo-keh,,FALSE,FALSE,TRUE,FALSE,TRUE,Winter,"A classic island preparation of splendid alfonsino simmered slowly in a sweet-savory soy broth until the flesh becomes tender and aromatic. On the Izu Islands, the dish highlights a prized local catch with a gentle balance of soy, sugar, and cooking sake.","Contains fish, soy, wheat",2000,5000,"Ruby-Skinned Fish
 The bright red skin remains visible through the dark braising glaze.
 

 Glossy Simmered Surface
 The sauce clings to the fish in a rich brown sheen.
 

 Bone-In Fillet
 Large bone-in portions emphasize the fish's firm flakes and natural shape.","Simmered kinmedai is rooted in Izu island fishing cuisine, where the fish has long been treated as a valuable catch. The technique is a traditional Japanese method rather than a dish credited to a single inventor.",The dark red skin is one reason kinmedai is visually distinctive before cooking. Simmering with a sweet soy broth also helps keep the delicate flesh moist.,"01 Splendid Alfonsino
 Kinmedai provides tender, mildly sweet meat with a rich gelatinous skin.
 

 02 Soy Sauce
 Soy sauce forms the savory base of the braising liquid.
 

 03 Sugar and Cooking Sake
 Sweetness and sake balance the saltiness and round out the fish's flavor.",Simmering (Nitsuke),Julienned ginger (Shiraga-negi),Link,Image,Image,Image
Kanto,Tokyo,江東区,Koto Ward,豊洲市場の海鮮丼,Toyosu Market Kaisendon,Fresh Seafood Rice Bowl,toh-yoh-soo ee-chee-bah no kye-sen-don,,FALSE,FALSE,TRUE,FALSE,FALSE,,"A market-style seafood rice bowl built around fresh sashimi toppings served over seasoned rice at Toyosu Market. Menus vary by shop and catch, but the concept emphasizes abundant seafood, careful selection, and the energetic atmosphere of Tokyo's wholesale market.","Contains fish, soy, wheat",2000,6000,"Colorful Seafood Mosaic
 Slices of tuna and other seafood create a dense, multicolored topping.
 

 Vinegared Rice Base
 Short-grain rice supports the raw seafood and keeps the bowl visually balanced.
 

 Generous Market Portion
 A wide bowl allows the seafood to be arranged prominently above the rice.","Seafood rice bowls are a modern market dining tradition that developed around Tokyo's wholesale seafood trade. At Toyosu, restaurants continue the tradition established at the former Tsukiji market, including shops with histories extending back more than a century.","Some Toyosu seafood bowl shops trace their business history to the old Nihonbashi and Tsukiji markets. The actual seafood selection changes with market supply, so there is no single fixed topping list.","01 Sushi Rice
 Seasoned rice provides the neutral, lightly acidic base.
 

 02 Fresh Sashimi Seafood
 Tuna and other market seafood provide the main flavor and visual variety.
 

 03 Soy Sauce
 A small amount of soy sauce seasons the seafood and rice at the table.","Raw (Sashimi), assembling","Wasabi, soy sauce, shiso leaf",Link,Image,Image,Image
Kanto,Tokyo,小金井市,Koganei City,小金井桜純米吟醸,Koganei Sakura Junmai Ginjo,Koganei Cherry Blossom Sake,koh-gah-nay sah-koo-rah joon-my geen-joh,,FALSE,TRUE,FALSE,TRUE,TRUE,Spring,"A junmai ginjo sake associated with Koganei's celebrated cherry-blossom landscape, combining polished rice with the fragrant, clean style expected from ginjo brewing. The local branding connects the sake with Koganei's historic cherry trees and the city's broader cultural identity.","Vegan, Gluten-free",1500,4000,"Pale Clear Sake
 The sake presents a clean, almost colorless appearance in a clear glass.
 

 Delicate Ginjo Aroma
 A fresh pour reveals a subtle fruity fragrance typical of carefully brewed ginjo sake.
 

 Cherry-Themed Bottle
 Bottle artwork or labels emphasize the Koganei cherry-blossom theme.","The sake was developed as a local regional product linking Koganei with its famous cherry-tree heritage. Its identity is cultural and contemporary, drawing on the city's historic cherry landscape rather than an ancient sake recipe.","Junmai ginjo is brewed from rice, koji, and water without added distilled alcohol, with rice polished to the ginjo range. Serving it slightly chilled generally makes its aroma easier to appreciate.","01 Polished Rice
 Highly polished sake rice provides a clean fermentation base.
 

 02 Rice Koji
 Koji converts rice starch into fermentable sugars during brewing.
 

 03 Brewing Water
 Water shapes the fermentation and final texture of the sake.",Brewing,N/A,Link,Image,Image,Image
Kanto,Tokyo,国分寺市,Kokubunji City,ファイトもなか,Fight Monaka,Boxing Glove Wafer Sweet,fye-toh moh-nah-kah,,TRUE,TRUE,FALSE,TRUE,FALSE,,"A playful monaka confection from Kokubunji built around the city's local identity and the idea of encouragement. Crisp wafer shells hold a sweet filling, creating the familiar contrast of delicate shell, smooth center, and a compact shape designed for gifting.","Vegan, contains wheat",200,500,"Crisp Wafer Shell
 Thin molded wafers create the light, geometric outer form.
 

 Sweet Filled Center
 A generous bean-based filling contrasts with the dry shell.
 

 Branded Local Shape
 The confection's design or inscription gives it a distinct Kokubunji identity.","Fight Monaka is a locally branded Kokubunji confection rather than a historic Edo recipe. Its concept uses the familiar Japanese monaka format to create a positive, memorable regional souvenir.","Monaka wafers become crisper when kept dry, while humidity quickly softens them. Eating the confection soon after opening preserves the best shell-to-filling contrast.","01 Glutinous Rice Wafer
 Thin rice wafers form the crisp outer shell.
 

 02 Sweet Bean Paste
 Smooth or lightly textured anko provides the creamy filling.
 

 03 Sugar
 Sugar balances the filling and contributes to the traditional wagashi sweetness.","Baking, filling",N/A,Link,Image,Image,Image
Kanto,Tokyo,小平市,Kodaira City,糧うどん,Kate Udon,Vegetable Dipping Udon,kah-teh oo-don,,FALSE,FALSE,TRUE,FALSE,FALSE,,"A traditional Musashino-style noodle meal in which thick wheat noodles are eaten with a warm dipping broth enriched by seasonal vegetables. Known as a filling rural food, Kate Udon reflects the old practice of pairing hand-made noodles with whatever vegetables and pantry ingredients were available.","Contains wheat, soy, fish (broth)",800,1500,"Thick Hand-Cut Noodles
 Broad, firm noodles show the rustic irregularity of hand preparation.
 

 Dark Dipping Broth
 A savory soy-based broth is served separately so the noodles stay firm.
 

 Seasonal Vegetable Garnish
 Greens and root vegetables add color and reinforce the dish's farm-food character.","Kate Udon developed from the everyday food culture of the Musashino farming area, where wheat noodles were paired with vegetables to create a filling household meal. The name refers to food or provisions served with the noodles rather than to one single historical recipe.",Traditional versions use abundant vegetables because the noodles were designed to stretch a meal with farm produce. The contrast between firm noodles and hot dipping broth is central to the style.,"01 Wheat Noodles
 Hand-made wheat noodles provide the firm, chewy base.
 

 02 Seasonal Vegetables
 Leafy greens and root vegetables add sweetness, texture, and nutrition.
 

 03 Soy-Based Dipping Broth
 Dashi, soy sauce, and cooking seasonings create the warm savory sauce.",Boiling,"Green onions, sesame",Link,Image,Image,Image
Kanto,Tokyo,狛江市,Komae City,狛江はちみつ,Komae Honey,Local Komae Honey,koh-mah-eh hah-chee-mee-tsoo,,FALSE,TRUE,FALSE,TRUE,FALSE,,"A locally harvested honey from urban hives in Komae, produced from nectar collected around the city's gardens, farms, and streets. Its flavor varies with the flowering season and neighborhood forage, giving the honey a distinctly local character rather than a fixed single-flower profile.","Vegetarian, Gluten-free",800,2500,"Clear Golden Honey
 Fresh honey ranges from pale gold to deeper amber depending on floral sources.
 

 Slow Pour
 A viscous stream forms naturally when honey is spooned or poured.
 

 Local Jar Presentation
 Small jars make the product easy to present as a compact city souvenir.","Komae Honey emerged from local beekeeping and community efforts to connect urban agriculture with the city's flowering landscape. It is a contemporary regional product rather than an old recipe, with character shaped by the plants visited by local bees.","Because bees forage across changing flowers, the flavor can shift from batch to batch and season to season. This is one reason locally harvested urban honey can taste different from supermarket blended honey.","01 Flower Nectar
 Nectar from local blossoms provides the sugars and aromatic compounds that define the honey.
 

 02 Honeycomb
 Bees naturally process stored nectar in the comb before it is harvested.
 

 03 Seasonal Floral Sources
 Cherry, acacia, fruit trees, garden flowers, and other blossoms can influence the final profile.",Raw,N/A,Link,Image,Image,Image
Kanto,Tokyo,狛江市,Komae City,サブレー万頭こまえ,Sable Manju Komae,Komae Sable Bun,sah-boo-reh mahn-joo koh-mah-eh,,TRUE,TRUE,FALSE,TRUE,FALSE,,"A Komae souvenir confection that combines the buttery texture of a sablé-style cookie with the soft filled form of a manju. The hybrid design gives the sweet a crisp, rich exterior and a smooth center while serving as a compact edible symbol of the city.","Contains wheat, dairy, egg",150,400,"Sablé-Like Exterior
 The shell has a fine, biscuit-like surface with a light golden color.
 

 Soft Sweet Center
 A smooth filling contrasts with the firmer cookie-style shell.
 

 Gift-Sized Shape
 Small individual pieces are easy to arrange for tea service or souvenir boxes.",Sablé Manju Komae is a modern regional confection developed as part of Komae's local gift program. It deliberately combines two familiar Japanese and Western-style confectionery ideas to create a product identified with the city.,The name describes the hybrid concept: sablé texture outside and manju-style filling inside. It is best eaten at room temperature so the aroma of the buttery shell can open fully.,"01 Wheat Flour
 Flour forms the sablé-style outer shell.
 

 02 Butter
 Butter creates the rich aroma and crumbly cookie texture.
 

 03 Sweet Filling
 A smooth bean or confectionery filling supplies the soft center and sweetness.",Baking,N/A,Link,Image,Image,Image
Kanto,Tokyo,狛江市,Komae City,こまえ縄文マドレーヌ,Komae Jomon Madeleine,Jomon-themed Madeleine,koh-mah-eh joh-mon mah-doh-reh-noo,,TRUE,TRUE,FALSE,TRUE,FALSE,,"A Komae souvenir madeleine inspired by the city's Jomon archaeological heritage, combining a familiar French-style baked cake with a local historical motif. The result is a moist, buttery sweet designed as a cultural gift linking modern baking with the city's prehistoric identity.","Contains wheat, dairy, egg",200,500,"Shell-Shaped Cake
 The madeleine uses the familiar small ridged shell profile.
 

 Golden Baked Surface
 A lightly browned edge contrasts with the pale, soft interior.
 

 Jomon-Inspired Design
 Packaging or decoration connects the confection visually to Komae's archaeological history.",Jomon Madeleine was developed as a Komae regional souvenir that connects modern confectionery with the city's archaeological identity. The concept is contemporary and commemorative rather than an ancient Jomon food recreation.,The product should not be confused with an archaeological reconstruction of Jomon cuisine. Its purpose is to use a familiar Western-style cake to tell a local historical story.,"01 Wheat Flour
 Flour provides the basic cake structure.
 

 02 Egg
 Egg gives the madeleine its tender, rich crumb.
 

 03 Butter and Sugar
 Butter supplies aroma while sugar provides the characteristic sweetness and browning.",Baking,N/A,Link,Image,Image,Image
Kanto,Tokyo,品川区,Shinagawa Ward,おでんコロッケ,Oden Croquette,Oden-flavored Croquette,oh-den koh-rok-keh,,TRUE,FALSE,FALSE,FALSE,FALSE,,"A creative Shinagawa snack that folds familiar oden-style ingredients into a crisp croquette. The filling is soft and savory, echoing the broth-rich flavor of oden while the breadcrumb crust adds the crunch expected from a freshly fried korokke.","Contains wheat, egg, soy, fish",150,300,"Golden Croquette
 A rounded fried exterior develops an even golden-brown color.
 

 Soft Mixed Filling
 The cut interior shows a moist mashed filling with bits of oden ingredients.
 

 Sauce-Ready Surface
 A crisp crust provides an ideal base for a small amount of Japanese brown sauce.",Oden croquette is a modern local-food idea associated with Shinagawa's long history as a lodging and transport district. It adapts two familiar Japanese comfort foods into one portable snack rather than tracing to a single traditional inventor.,"The most recognizable feature is the contrast between oden's soft, broth-seasoned filling and the crisp croquette crust. It is a useful example of contemporary Tokyo fusion within everyday street food.","01 Potato or Croquette Base
 Mashed potato or another starchy base binds the filling.
 

 02 Oden Ingredients
 Daikon, fish cake, konnyaku, or similar cooked items carry the oden-inspired flavor.
 

 03 Panko Breadcrumbs
 Japanese breadcrumbs create the crisp fried shell.",Deep-frying,Sauce,Link,Image,Image,Image
Kanto,Tokyo,品川区,Shinagawa Ward,江戸前穴子,Edomae Anago,Tokyo Bay Conger Eel,eh-doh-mah-eh ah-nah-goh,,FALSE,FALSE,TRUE,FALSE,TRUE,Summer,"A Tokyo-style preparation of conger eel harvested from the bay and traditionally simmered, grilled, or served over rice. Edomae anago is prized for its tender flesh and clean marine sweetness, while careful simmering or glazing creates the soft, glossy texture associated with classic Tokyo sushi and tempura shops.","Contains fish, soy, wheat",1500,4000,"Long Pale Fillets
 Cooked conger eel is presented in long, neatly trimmed portions.
 

 Glossy Brown Glaze
 A sweet-savory tare gives grilled or simmered anago a polished surface.
 

 Tender Flake
 The cooked flesh separates easily into soft flakes while retaining its shape.","Edomae anago belongs to the broader Edo-period practice of using seafood caught in Tokyo Bay close to the capital. The tradition developed through Tokyo's sushi, tempura, and eel shops rather than around one single named creator.","The term Edomae refers to seafood associated with the waters in front of old Edo. Anago is generally milder and less oily than unagi, which is why it works especially well with light simmering and sushi.","01 Conger Eel
 Edomae anago supplies tender, mildly sweet white flesh.
 

 02 Soy-Based Tare
 A sweet-savory sauce adds gloss and concentrated umami.
 

 03 Cooking Sake and Sugar
 These seasonings soften the flavor and build the classic glazed finish.","Simmering, grilling",Sweet soy glaze,Link,Image,Image,Image
Kanto,Tokyo,渋谷区,Shibuya Ward,原宿クレープ,Harajuku Crepe,Iconic Harajuku Street Sweet,hah-rah-joo-koo koo-reh-poo,,TRUE,TRUE,FALSE,FALSE,FALSE,,"A thin, flexible French-style crepe transformed into a colorful Harajuku street sweet, commonly filled with whipped cream, fruit, ice cream, chocolate, or other toppings. Marion Crepes helped establish the wrapped, take-away format that became one of Harajuku's most recognizable youth-culture foods.","Contains gluten, dairy, egg",500,1000,"Tall Wrapped Crepe
 The crepe is folded into a cone-like paper wrapper for walking and eating.
 

 Layered Fillings
 Cream, fruit, sauces, and other toppings create a colorful vertical cross-section.
 

 Freshly Rolled Finish
 The thin pancake remains flexible enough to wrap around a generous filling.",Marion Crepes opened in Harajuku in 1976 and became an important part of the neighborhood's crepe culture. The company developed its take-away presentation around Harajuku's growing youth fashion and shopping scene.,The paper-wrapped cone is a key part of the experience because it turns a dessert into a portable street snack. Seasonal fruit and changing fashion trends have continually influenced the fillings sold in Harajuku.,"01 Wheat-Flour Crepe
 A thin batter forms the flexible pancake wrapper.
 

 02 Whipped Cream
 Cream adds richness and a light texture to sweet versions.
 

 03 Fresh Fruit and Dessert Toppings
 Fruit, chocolate, custard, ice cream, or other toppings create the layered flavor and visual appeal.","Griddle cooking, rolling","Strawberries, whipped cream, chocolate sauce, ice cream",Link,Image,Image,Image
Kanto,Tokyo,新宿区,Shinjuku Ward,焼き鳥（思い出横丁）,Omoide Yokocho Yakitori,Shinjuku Memory Lane Skewers,yah-kee-toh-ree,,TRUE,FALSE,TRUE,FALSE,FALSE,,"A quintessential grilled-chicken street food associated with Shinjuku's compact Omoide Yokocho lanes, where small yakitori counters cook skewers over intense charcoal heat. The atmosphere is as important as the food, with smoke, red lanterns, and tiny seats reinforcing the district's nostalgic postwar izakaya character.","Contains meat (chicken), soy (if tare glaze used)",150,500,"Charcoal-Grilled Skewers
 Individual chicken cuts are threaded on bamboo skewers and browned over live heat.
 

 Glossy Tare or Salt Finish
 Skewers are seasoned either with a savory glaze or a clean dusting of salt.
 

 Smoke and Lantern Setting
 Visible grill smoke and compact counter seating are inseparable from the area's visual identity.","Omoide Yokocho developed in the postwar period as a compact drinking and food district near Shinjuku Station. Yakitori became a defining part of the lane's everyday dining culture, with many small shops specializing in grilled skewers.","The lanes are famous for very small restaurants, many seating only a handful of customers. Ordering a few skewers with a cold drink is the classic way to experience the district's food culture.","01 Chicken Cuts
 Thigh, skin, liver, heart, and other cuts provide different textures and levels of richness.
 

 02 Bamboo Skewers
 Skewers hold the pieces together for quick, high-heat grilling.
 

 03 Salt or Tare
 Seasoning highlights the char while adding either clean savoriness or sweet-salty depth.",Charcoal grilling,Shichimi togarashi (seven-spice pepper),Link,Image,Image,Image
Kanto,Tokyo,杉並区,Suginami Ward,荻窪ラーメン,Ogikubo Ramen,Classic Tokyo Soy Sauce Ramen,oh-gee-koo-boh rah-men,,FALSE,FALSE,TRUE,FALSE,FALSE,,"A Tokyo ramen style from Ogikubo known for a dark, aromatic soy-based broth and straightforward noodle-and-topping presentation. The style grew around neighborhood Chinese restaurants and ramen shops, developing a reputation for a clean yet deeply savory soup rather than the heavier richness of later regional ramen forms.","Contains gluten, pork, fish, soy",800,1500,"Dark Soy Broth
 The soup has a clear to lightly oily brown appearance from soy seasoning.
 

 Straight Wheat Noodles
 Medium-width noodles sit clearly beneath the broth and toppings.
 

 Simple Classic Garnishes
 Chashu, menma, scallions, and nori create a restrained traditional bowl.",Ogikubo ramen emerged in the early twentieth-century neighborhood restaurant culture of western Tokyo and became especially established after the war. It is associated with small local ramen shops and a soy-forward Tokyo style rather than a single inventor.,The style is often described as lighter and more soy-focused than creamy regional ramen. The flavor is especially apparent when the broth is served hot and the noodles are eaten immediately.,"01 Wheat Ramen Noodles
 Wheat noodles provide the chewy base.
 

 02 Soy-Based Broth
 Chicken, fish, or other stock is seasoned with soy sauce for the signature savory depth.
 

 03 Pork and Aromatic Toppings
 Chashu, menma, scallions, and nori provide texture and fragrance.","Boiling, simmering","Chashu, menma (bamboo shoots), green onions, nori",Link,Image,Image,Image
Kanto,Tokyo,墨田区,Sumida Ward,ちゃんこ鍋,Chanko Nabe,Sumo Wrestler's Hot Pot,chahn-koh nah-beh,,FALSE,FALSE,TRUE,FALSE,TRUE,Winter,"A substantial hot pot associated with sumo wrestlers and the Ryogoku district, combining meat, seafood, tofu, and vegetables in a shared simmering broth. Rather than one fixed recipe, chanko is a flexible protein-rich meal whose exact ingredients and seasoning vary by stable and restaurant.","Contains meat, fish (broth), soy, wheat",2000,6000,"Large Communal Pot
 A broad pot sits at the center of the table for shared cooking and serving.
 

 Colorful Ingredient Mix
 Chicken, seafood, tofu, mushrooms, and vegetables create a dense mosaic of shapes.
 

 Steaming Broth
 The simmering surface visibly releases steam and keeps the meal warm throughout service.","Chanko developed as the communal cooking of sumo stables, where wrestlers needed hearty, balanced meals in large quantities. As professional sumo became closely associated with Ryogoku, chanko restaurants brought the style to a wider public.","There is no single official chanko recipe: salt, soy, miso, and other broths are all used. Many restaurants finish the meal with rice or noodles after the main ingredients are eaten.","01 Chicken or Seafood
 Protein-rich meat and fish form the foundation of the hot pot.
 

 02 Seasonal Vegetables
 Cabbage, negi, mushrooms, carrots, and other vegetables add sweetness and texture.
 

 03 Dashi-Based Broth
 Dashi with salt, soy sauce, or miso creates the flavorful cooking medium.",Simmering (Nabemono),"Yuzu kosho, ponzu sauce, sesame seeds",Link,Image,Image,Image
Kanto,Tokyo,墨田区,Sumida Ward,長命寺桜もち,Chomeiji Sakura Mochi,Kanto-Style Cherry Blossom Mochi,choh-may-jee sah-koo-rah moh-chee,,TRUE,TRUE,TRUE,TRUE,TRUE,Spring,"A delicate Tokyo-style sakura mochi consisting of sweet bean paste wrapped in a thin pink crepe-like rice layer and enclosed in a fragrant salted cherry leaf. Chomeiji's version is especially famous for its thin wrapping, subtle saltiness, and long association with Mukojima's cherry-blossom season.","Vegan, Contains wheat",200,500,"Soft Pink Wrapper
 The thin outer layer has a pale pink color and smooth folded surface.
 

 Salted Cherry Leaf
 A whole pickled sakura leaf wraps the confection and adds a green aromatic accent.
 

 Single Bean-Filled Center
 The cut cross-section shows a neat layer of red bean paste inside the thin wrapper.","Chomeiji Sakura Mochi is associated with Yamamoto Shinroku, who is traditionally credited with creating it at the Chomeiji temple area in the early Edo period. The confection was developed as a sweet accompaniment to the area's famous cherry blossoms.","The salted leaf is edible and is traditionally eaten with the confection, although some diners prefer to remove it. Its gentle saltiness keeps the sweet bean filling from becoming overly rich.","01 Sweet Bean Paste
 Smooth anko provides the main sweetness and creamy center.
 

 02 Thin Rice Flour Wrapper
 The pale pink wrapper forms a delicate, crepe-like shell around the bean paste.
 

 03 Salted Sakura Leaf
 Pickled cherry leaves contribute aroma and a gentle salty accent.","Griddle baking, wrapping",Pickled cherry leaves,Link,Image,Image,Image
Kanto,Tokyo,世田谷区,Setagaya Ward,代官餅,Daikan Mochi,The Signature Mochi of the Setagaya Boro-ichi Festival,dye-kahn mo-chee,,TRUE,TRUE,FALSE,FALSE,TRUE,Only available Dec 15-16 and Jan 15-16,"A local mochi specialty associated with Setagaya's Daikan tradition, made from soft pounded rice and typically finished with sweet or savory toppings. Its appeal lies in the fresh, stretchy texture of freshly made mochi and the contrast between the neutral rice base and rich toppings.",Dairy-free. Contains soy. Anko and Kinako flavors are naturally gluten-free.,700,800,"Fresh White Mochi
 Soft pounded rice forms a smooth, elastic white mass.
 

 Generous Topping
 Kinako, red bean, or another sauce coats the surface and adds strong visual contrast.
 

 Hand-Portioned Pieces
 Mochi is commonly divided into compact pieces for easy serving and sharing.",Daikan Mochi is a neighborhood confection associated with Setagaya's local food culture rather than a universally standardized historical recipe. The name and style reflect the area's traditional sweet-making and festival food customs.,"Fresh mochi becomes firmer as it cools, so the best texture is usually achieved soon after pounding and shaping. Kinako-coated pieces are especially aromatic while still warm.","01 Glutinous Rice
 Pounded sticky rice provides the soft, stretchy mochi base.
 

 02 Kinako or Red Bean
 Toppings supply roasted soybean aroma or sweet bean richness depending on the version.
 

 03 Sugar
 Sugar balances the topping and adds the characteristic sweetness of the confection.",Steamed (glutinous rice) -> Pounded into dough (mochitsuki) -> Hand-torn and generously coated with toppings.,"Choose from three styles: Anko (sweet red bean paste), Kinako (sweet roasted soybean flour), or Karami (savory grated daikon radish with soy sauce, chopped green onions, and dried nori seaweed).",Link,Image,Image,Image
Kanto,Tokyo,世田谷区,Setagaya Ward,大蔵大根,Okura Daikon,"A Sweet, Heirloom Edo-Tokyo Radish",oh-koo-rah dye-kohn,,FALSE,TRUE,FALSE,TRUE,TRUE,Winter (November to February),"A heritage Japanese daikon associated with Setagaya's Okura district, known for its unusually thick, long root and firm white flesh. The variety is valued for strong texture and clear flavor and can be used in simmered dishes, pickles, soups, and fresh preparations.",Vegan and Gluten-free (as a base ingredient).,300,1200,"Long White Root
 The traditional daikon develops a notably long, substantial cylindrical shape.
 

 Dense White Flesh
 The cut surface is crisp, juicy, and tightly grained.
 

 Green-Crowned Top
 Fresh roots retain green leaves or a leafy crown when sold directly from farms.",Okura Daikon is a traditional Setagaya vegetable associated with the old agricultural landscape around Okura. Modern local programs preserve the variety as a heritage crop despite the convenience of shorter commercial daikon.,Its long roots are well suited to traditional simmered dishes because the flesh keeps a pleasant structure while absorbing broth. The variety is also striking when displayed whole because of its size.,"01 Okura Daikon
 The heritage root provides crisp texture and a clean radish aroma.
 

 02 Dashi
 Japanese stock carries the daikon's flavor in simmered preparations.
 

 03 Soy Sauce or Miso
 Savory seasoning adds depth while allowing the root's natural sweetness to remain clear.","Simmered (slow-cooked in dashi broth), stewed, or occasionally pickled.",Typically topped with sweet yuzu miso (for Furofuki Daikon) or served with spicy karashi mustard (when in Oden).,Link,Image,Image,Image
Kanto,Tokyo,台東区,Taito Ward,人形焼,Ningyoyaki,Asakusa Baked Doll Cakes,neen-gyoh-yah-kee,,TRUE,TRUE,FALSE,FALSE,FALSE,,"A small Tokyo confection of sweet batter baked in decorative molds and traditionally filled with sweet red bean paste. Asakusa's ningyoyaki are especially recognizable for their compact shapes and crisp-golden exterior, making them a classic street snack and souvenir around Sensoji.","Contains wheat, egg, dairy",100,1000,"Molded Character Shapes
 Small cakes are baked into figures, lanterns, or other local motifs.
 

 Golden Cake Exterior
 The thin shell browns lightly while remaining soft inside.
 

 Sweet Bean Center
 A dark red bean filling creates a clean cross-section when the cake is opened.","Ningyoyaki developed in Tokyo as a molded confection during the Meiji-era growth of neighborhood sweets, with Asakusa becoming a famous center for the style. The shapes often reflect the area's local imagery and festive character.","Fresh ningyoyaki are soft and fragrant, while cooled pieces become slightly firmer. The red bean filling is traditionally balanced so it does not overwhelm the delicate cake.","01 Wheat-Flour Batter
 A lightly sweetened wheat batter forms the browned shell.
 

 02 Eggs
 Eggs enrich the cake and help create its tender texture.
 

 03 Sweet Red Bean Paste
 Anko supplies the traditional filling and deep sweetness.",Baked in cast-iron molds,N/A,Link,Image,Image,Image
Kanto,Tokyo,台東区,Taito Ward,どぜう鍋,Dojo Nabe,Edo-Style Loach Hot Pot,doh-joh nah-beh,,FALSE,FALSE,TRUE,FALSE,TRUE,Summer,"A traditional Tokyo hot pot of dojo loach cooked until tender in a rich soy-based broth, often served with a large quantity of sliced negi. Asakusa is especially associated with dojo cuisine, where the dish reflects Edo's old preference for hearty, affordable river-fish cooking.","Contains fish, soy, wheat",2000,5000,"Whole Small Loach
 Prepared dojo are arranged closely in the shallow hot pot for communal cooking.
 

 Mountain of Green Onion
 Generous slices of negi cover the fish and soften as they cook.
 

 Dark Savory Broth
 Soy-rich broth surrounds the loach and develops a glossy brown surface.",Dojo hot pot is an Edo-period dish that became closely associated with the Asakusa area. Specialized shops such as Komagata Dojo are part of a long restaurant tradition built around this small freshwater fish and its slow cooking methods.,"The name refers specifically to dojo loach, not eel. Large amounts of negi are traditionally added during the meal so the onion gradually wilts into the broth.","01 Dojo Loach
 Small loaches provide the central fish flavor and soft texture.
 

 02 Negi
 Large amounts of sliced green onion add sweetness and aroma.
 

 03 Soy-Based Broth
 Dashi, soy sauce, mirin, and other seasonings create the dark savory cooking liquid.",Simmering in a shallow iron pan,"Sliced Japanese green onions (Negi), sansho pepper",Link,Image,Image,Image
Kanto,Tokyo,台東区,Taito Ward,雷おこし,Kaminari Okoshi,Asakusa Puffed Rice Snack,kah-mee-nah-ree oh-koh-she,,TRUE,TRUE,FALSE,FALSE,FALSE,,"A crisp rice-and-sugar confection strongly associated with Asakusa's Kaminarimon area, where the name evokes thunder and the dramatic sound of lightning. Puffed grains are bound with a sweet syrup and molded into crunchy pieces that are easy to carry as a classic temple-town souvenir.","Vegan, contains peanuts",300,1000,"Irregular Crunchy Pieces
 Small blocks or clusters show the textured grains locked together.
 

 Pale Caramel Sheen
 Sweet syrup gives the pieces a light glossy finish.
 

 Gift-Shop Stacks
 Okoshi are traditionally arranged in compact boxes suited to temple-town souvenirs.","Kaminari Okoshi became established as a souvenir around Sensoji and Kaminarimon, where sweet makers sold the crunchy confection to temple visitors. Its name and popularity are closely tied to Asakusa's long history as a pilgrimage and entertainment district.","The name combines thunder imagery with the Japanese word okoshi, creating a memorable local souvenir name. The crunchy texture also makes the sweet particularly durable for travel.","01 Puffed Rice or Grains
 Puffed grain provides the light, crisp structure.
 

 02 Sugar Syrup
 Cooked sugar binds the grains into cohesive clusters.
 

 03 Flavoring Ingredients
 Peanuts, sesame, or other additions may provide roasted aroma and extra crunch depending on the product.","Roasting, mixing with hot syrup, pressing into molds",N/A,Link,Image,Image,Image
Kanto,Tokyo,台東区,Taito Ward,江戸前天丼,Edo-style Tendon,Asakusa Tempura Rice Bowl,eh-doh-mah-eh ten-don,,FALSE,FALSE,TRUE,FALSE,FALSE,,"A classic Tokyo tempura rice bowl topped with crisp seafood and vegetables fried in a light batter, then seasoned with a sweet-savory tare. Edomae versions emphasize seafood historically associated with Tokyo Bay and the distinctive contrast between hot tempura, steamed rice, and dark sauce.","Contains gluten, soy, fish, crustacean (shrimp)",1500,4000,"Towered Tempura
 Shrimp, eel, squid, or vegetables rise above the rice in a generous arrangement.
 

 Dark Tare Gloss
 A concentrated sauce gives the tempura a polished brown sheen.
 

 Steamed Rice Base
 White rice fills the bowl and catches the flavorful drips of sauce.",Tendon developed in Tokyo's Edo-period food culture as tempura vendors and restaurants paired fried seafood with rice. The Edomae designation connects the dish to seafood historically caught close to the old city in Tokyo Bay.,The deepest flavor often comes from the sauce that seeps into the rice beneath the tempura. Eating the crisp pieces first and then mixing a little tare into the rice gives two different textures in one bowl.,"01 Shrimp and Seafood
 Edomae-style toppings commonly feature seafood suited to tempura.
 

 02 Tempura Batter
 Flour, egg, and cold water create the light, crisp coating.
 

 03 Sweet Soy Tare
 A reduced soy-based sauce balances sweetness, saltiness, and umami over the rice.","Deep-frying in sesame oil, glazing",N/A,Link,Image,Image,Image
Kanto,Tokyo,立川市,Tachikawa City,ウドラ焼き・うどまんじゅう,Udora-yaki & Udo Manju,Tachikawa Character Sweets,oo-doh-rah-yah-kee / oo-doh-mahn-joo,,TRUE,TRUE,FALSE,FALSE,FALSE,,A pair of local Tachikawa sweets that turn the city's mascot Udora and its agricultural identity into edible souvenirs. The baked and steamed formats use familiar Japanese confectionery techniques while giving the products a distinctly local shape and theme.,"Contains wheat, egg, soy",280,400,"Mascot-Inspired Shape
 The sweets use forms or markings that reference Tachikawa's recognizable mascot character.
 

 Soft Cake Exterior
 Dora-yaki style cake is tender and lightly browned around the edges.
 

 Steamed Manju Texture
 The manju version has a soft, pale wrapper surrounding a sweet filling.","Udora-yaki and Udo Manju were developed as contemporary Tachikawa regional sweets around the city's mascot and local image. They are souvenir products rather than old traditional dishes, using familiar wagashi formats to express a modern civic identity.",The name Udora combines the city mascot with familiar confectionery names. The products show how local makers adapt classic Japanese sweets for modern city branding.,"01 Wheat-Flour Cake or Wrapper
 Flour forms the baked dora-yaki shell or steamed manju exterior.
 

 02 Sweet Filling
 Red bean or another confectionery filling supplies the main sweetness.
 

 03 Sugar
 Sugar enriches the batter or dough and balances the filling.","Baking, steaming",N/A,Link,Image,Image,Image
Kanto,Tokyo,立川市,Tachikawa City,立川やきとん,Tachikawa Yakiton,Grilled Pork Skewers,tah-chee-kah-wah yah-kee-ton,,TRUE,FALSE,TRUE,FALSE,FALSE,,"A Tachikawa-style grilled pork-offal skewer dish served over charcoal and paired with a neighborhood drinking culture. The skewers are typically cooked quickly at high heat, producing smoky browned edges and tender or pleasantly chewy textures across different cuts.","Contains pork, soy",150,600,"Charcoal-Marked Skewers
 The meat carries dark grill marks and crisped edges.
 

 Varied Offal Cuts
 Different skewers show contrasting shapes from liver, intestine, cheek, and other cuts.
 

 Salt or Tare Finish
 Skewers may be seasoned simply with salt or glazed in a dark sauce.",Yakiton became widespread in Tokyo's postwar drinking districts as an affordable counterpart to chicken yakitori. Tachikawa developed its own local shops and style through this broader urban street-and-izakaya food tradition.,The word yakiton specifically refers to pork rather than chicken. Ordering several different cuts is the best way to experience how dramatically texture changes from one skewer to another.,"01 Pork Offal
 Liver, intestine, heart, cheek, and other cuts form the core of yakiton.
 

 02 Charcoal
 High heat creates the smoky, browned surface characteristic of grilled skewers.
 

 03 Salt or Tare
 Seasoning adds either clean savoriness or a deeper sweet-salty glaze.",Charcoal grilling,"Shichimi pepper, spicy miso",Link,Image,Image,Image
Kanto,Tokyo,立川市,Tachikawa City,立川ぷりん,Tachikawa Pudding,Premium Local Egg Pudding,tah-chee-kah-wah poo-reen,,TRUE,TRUE,FALSE,FALSE,FALSE,,"A smooth custard pudding developed as a Tachikawa local sweet, emphasizing a rich eggy body and soft, creamy texture. The dessert is designed as an accessible souvenir or café treat, using the familiar Japanese pudding format while building a distinct local identity.","Contains egg, dairy",680,700,"Glossy Custard Surface
 A smooth top reflects light without visible bubbles.
 

 Soft Spoon-Cut Center
 The pudding trembles gently and keeps a clean spoon mark.
 

 Amber Caramel Layer
 A thin caramel layer provides color and a lightly bitter counterpoint to the custard.",Tachikawa Pudding is a contemporary local confection rather than a centuries-old dish. Its regional identity comes from modern local makers who adapt the familiar Japanese custard-pudding format into a city souvenir.,Japanese pudding is usually softer and smoother than traditional Western baked custards. Eating it chilled makes the caramel and creamy egg texture particularly distinct.,"01 Eggs
 Eggs create the custard structure and rich flavor.
 

 02 Milk and Cream
 Dairy ingredients provide a smooth, creamy mouthfeel.
 

 03 Sugar and Caramel
 Sugar sweetens the custard while cooked caramel contributes a pleasant bitter edge.",Baking (water bath),Caramel sauce,Link,Image,Image,Image
Kanto,Tokyo,多摩市,Tama City,桜ぽるぼろん,Sakura Polvoron,Tama City Cherry Blossom Sweets,sah-koo-rah poh-roo-boh-ron,,TRUE,TRUE,FALSE,FALSE,TRUE,Spring,"A delicate baked sweet from Tama inspired by traditional Spanish polvoron and finished with salted cherry blossoms grown in Tama. Its dry, crumbly texture carries a distinctive sweet-salty balance, turning local cherry flavor into a modern tea-time souvenir.","Contains wheat, dairy, egg",500,1000,"Powdery Pale Crumb
 The polvoron has a delicate, dry texture that breaks easily.
 

 Cherry Blossom Accent
 Small pieces of salted cherry add a subtle pink or brown floral detail.
 

 Hand-Portioned Shape
 Compact pieces are formed to crumble softly rather than slice cleanly.","Sakura Polvoron was developed through the Tama City hand-gift project, a collaboration between local industry, government, and education. The product took inspiration from traditional Spanish polvoron and incorporated salted cherry blossoms produced in Tama.",Polvoron is deliberately crumbly and is meant to dissolve rather than chew like a cookie. The salt from the cherry blossom keeps the sweet dough from tasting flat.,"01 Wheat Flour
 Flour forms the delicate crumbly structure.
 

 02 Salted Cherry Blossoms
 Local salted blossoms add floral aroma and a subtle salty accent.
 

 03 Sugar and Fat
 Sugar provides sweetness while butter or another baking fat creates the characteristic melt-in-the-mouth texture.",Baking,Salted cherry blossoms,Link,Image,Image,Image
Kanto,Tokyo,多摩市,Tama City,多摩の散歩道,Tama no Sanpomichi,Baked Miso Karinto,tah-mah no sahn-poh-mee-chee,,TRUE,TRUE,FALSE,FALSE,FALSE,,"A baked karinto snack from Tama made from local wheat noodles and Tama miso, then finished with a sweet-savory coating rather than deep-frying. It comes in a sweet miso flavor and a chili-miso version, providing a crisp tea snack with clear local ingredients.","Contains wheat, soy",300,800,"Twisted Noodle Sticks
 The snack retains the visual character of thin noodle pieces after baking.
 

 Glossy Miso Coating
 A smooth brown coating clings to each piece.
 

 Chili Miso Variation
 The spicy version shows a deeper red-brown seasoning and a stronger visual contrast.",Tama no Sanpomichi was developed as a baked karinto using noodles from the city's Ponpoko Udon and Tama-grown miso. The product reflects a modern effort to create a shelf-stable souvenir from existing local agricultural products.,"Unlike ordinary karinto, this product is baked rather than fried. The chili-miso version uses locally grown chili and sesame oil to add heat and extra savoriness.","01 Local Wheat Noodle
 Tama-produced wheat noodles form the crisp base.
 

 02 Tama Miso
 Local miso supplies the fermented savory depth.
 

 03 Sugar and Chili
 Sugar creates the sweet glaze, while chili provides heat in the spicy version.","Baking, glazing",N/A,Link,Image,Image,Image
Kanto,Tokyo,多摩市,Tama City,ぽんぽこうどん,Ponpoko Udon,Tama City Local Wheat Udon,pon-poh-koh oo-don,,FALSE,FALSE,TRUE,FALSE,FALSE,,"A local Tama noodle specialty made from regional wheat flour and served as a hearty Japanese udon. The noodles have a firm, satisfying bite and are used in both hot broth dishes and as a base for local products such as Tama no Sanpomichi baked karinto.","Contains wheat, soy, fish (in broth)",500,1200,"Broad White Noodles
 Fresh noodles show a clean white surface and substantial thickness.
 

 Firm Cut Ends
 The noodle edges remain distinct rather than collapsing during cooking.
 

 Broth or Dipping Serve
 A bowl or dipping dish frames the noodles as the main visual focus.","Ponpoko Udon belongs to Tama City's local food development around locally grown wheat and the region's agricultural identity. The same noodles were later used as an ingredient in the city's baked karinto product, creating a linked local-food story.",Using local wheat changes the noodle's texture and aroma compared with highly refined commercial flour. Serving the noodles freshly cooked best preserves their firm bite.,"01 Tama Wheat Flour
 Local wheat provides the main starch base and grain aroma.
 

 02 Water
 Water hydrates the flour and develops the dough's final texture.
 

 03 Salt
 Salt strengthens the dough and helps create the firm udon bite.",Boiling,"Green onions, tempura scraps (tenkasu)",Link,Image,Image,Image
Kanto,Tokyo,中央区,Chuo Ward,月島もんじゃ焼き,Tsukishima Monjayaki,Tokyo-Style Runny Savory Pancake,tsoo-kee-she-mah mon-jah-yah-kee,,FALSE,FALSE,TRUE,FALSE,FALSE,,"Tokyo's most famous monjayaki district centers on a thin, dashi-rich batter cooked with cabbage and toppings directly on a tabletop griddle. Tsukishima's version is distinguished less by one fixed recipe than by its communal cooking style, tiny metal spatulas, and deep roster of neighborhood shops.","Contains wheat, soy, seafood, meat (varies)",1000,2500,"Tabletop Iron Plate
 The hot griddle remains visible throughout cooking and serving.
 

 Crisp Browned Bits
 Small caramelized patches form where the thin batter contacts the plate.
 

 Small Metal Spatula
 Diners use a compact spatula to cook and eat the finished monja.","Monjayaki was already part of Tokyo's working-class food culture before Tsukishima became its best-known modern center. From the postwar period onward, the neighborhood's many small shops turned monja into a destination food and a defining part of local identity.",The tiny spatula is not just a serving utensil: diners use it to scrape up the crispest browned pieces directly from the hot plate. Different shops also develop their own signature combinations of toppings.,"01 Dashi Batter
 Flour mixed with dashi provides the characteristic loose base.
 

 02 Cabbage
 Finely chopped cabbage adds sweetness and soft texture.
 

 03 Seafood, Meat, and Toppings
 Shrimp, squid, pork, cheese, mochi, and other toppings create each shop's signature version.",Griddle frying (Teppanyaki),"Aonori (seaweed flakes), bonito flakes",Link,Image,Image,Image
Kanto,Tokyo,中央区,Chuo Ward,築地の玉子焼き,Tsukiji Tamagoyaki,Tsukiji Sweet Rolled Omelet,tsoo-kee-jee no tah-mah-goh-yah-kee,,TRUE,FALSE,FALSE,FALSE,FALSE,,"A thick, softly layered Japanese omelet associated with the Tsukiji fish market, where tamagoyaki became a familiar accompaniment to sushi and seafood meals. The flavor can range from gently sweet to savory, but the hallmark is a smooth, moist texture built from repeatedly folded egg.","Contains egg, fish (dashi), soy",100,300,"Layered Golden Slab
 Thin egg layers stack into a neat rectangular block.
 

 Moist Glossy Surface
 Fresh tamagoyaki has a soft sheen rather than a dry browned crust.
 

 Even Sliced Portions
 The omelet is commonly cut into clean bite-sized pieces for display and serving.","Tamagoyaki vendors became part of Tsukiji's food-market ecosystem, supplying sushi shops, restaurants, and shoppers. The style reflects the market's role as a center for seafood and prepared-food trade rather than a single documented invention.","A well-made tamagoyaki is softer than an ordinary omelet because the egg is cooked in many thin layers. The exact seasoning is a shop signature, so sweetness varies noticeably between vendors.","01 Eggs
 Fresh eggs create the layered structure and rich flavor.
 

 02 Dashi
 Japanese stock adds savory depth and moisture.
 

 03 Sugar and Soy Sauce
 Sugar and soy balance sweetness, salt, and umami according to the shop's recipe.",Pan-frying and rolling in a rectangular pan,Grated daikon radish (optional),Link,Image,Image,Image
Kanto,Tokyo,中央区,Chuo Ward,銀座のオムライス,Ginza Omurice,Birthplace of Japanese Omelet Rice,geen-zah no oh-moo-rye-soo,,FALSE,FALSE,TRUE,FALSE,FALSE,,"A refined Western-style rice omelet associated with Ginza's long restaurant tradition, pairing seasoned chicken rice with a softly cooked egg layer and sauce. Unlike heavily decorated modern versions, classic Ginza examples emphasize clean technique, balanced seasoning, and polished presentation.","Contains egg, poultry, wheat, soy",1500,3000,"Smooth Egg Dome
 Softly cooked egg forms a rounded golden cover over the rice.
 

 Seasoned Rice Core
 The cut surface reveals chicken or other seasoned rice inside.
 

 Glossy Sauce Finish
 Tomato, demi-glace, or another sauce provides the dark color contrast.","Omurice emerged in Japan in the early twentieth century as a Western-influenced restaurant dish. Ginza's department stores, cafés, and yoshoku restaurants helped develop refined versions, but the dish is not tied to one universally accepted Ginza inventor.",The goal of a classic soft omurice is a barely set egg center that breaks open over the rice. Timing is crucial because the egg continues cooking from residual heat after leaving the pan.,"01 Eggs
 Eggs create the soft outer layer and rich mouthfeel.
 

 02 Seasoned Rice
 Rice cooked with chicken, onion, and sauce provides the savory filling.
 

 03 Tomato or Demi-Glace Sauce
 Sauce adds acidity, umami, and color to the finished omelet.",Pan-frying,Ketchup or demi-glace sauce,Link,Image,Image,Image
Kanto,Tokyo,調布市,Chofu City,深大寺そば,Jindaiji Soba,Historic Temple Buckwheat Noodles,jeen-dye-jee soh-bah,,FALSE,TRUE,TRUE,FALSE,FALSE,,"A historic soba tradition centered on Jindaiji Temple in Chofu, where buckwheat was cultivated and ground for temple hospitality. The noodles are appreciated for their clean buckwheat aroma and firm texture and are commonly served with a simple dipping sauce around the temple's many long-established soba shops.","Vegan, Contains buckwheat, soy",800,1500,"Fine Buckwheat Noodles
 Hand-cut noodles show a matte brown-gray color and firm edges.
 

 Clear Dipping Sauce
 A small cup of dark tsuyu accompanies chilled noodles.
 

 Bamboo Tray Presentation
 Cold soba is often arranged in neat portions on a woven or wooden seiro.","Jindaiji Soba is traditionally traced to the Edo period, when farmers in the fertile upland north of the temple grew buckwheat and supplied flour to Jindaiji. The temple prepared the noodles for visitors, and the style became famous after a high-ranking imperial prince praised the soba in the Genroku era.",The Chofu tourism association notes that around twenty soba shops now cluster near Jindaiji. Soba flour is also used locally in related sweets and other specialty dishes.,"01 Buckwheat Flour
 Buckwheat gives the noodles their characteristic aroma and firm bite.
 

 02 Wheat Flour
 A small proportion helps bind the noodles during kneading.
 

 03 Dipping Tsuyu
 Dashi, soy sauce, and mirin create the savory sauce used with chilled noodles.","Boiling, chilling","Green onions, wasabi, tempura",Link,Image,Image,Image
Kanto,Tokyo,千代田区,Chiyoda Ward,せいろそば,Seiro Soba,Chilled Soba in Bamboo Basket,say-roh soh-bah,,FALSE,TRUE,TRUE,FALSE,FALSE,,"A classic presentation of chilled Japanese soba served on a slatted bamboo tray with a concentrated dipping sauce on the side. The format emphasizes the fragrance, firm bite, and clean finish of properly cooked buckwheat noodles rather than surrounding them with heavy toppings.","Vegan, contains buckwheat, soy",700,1500,"Bamboo Seiro Tray
 The noodles are spread lightly across a slatted tray so steam can escape.
 

 Cool Brown Noodles
 Fresh soba has a pale to deep buckwheat-brown tone.
 

 Small Tsuyu Cup
 A concentrated dark dipping sauce is served separately for controlled seasoning.",Seiro soba is a long-established presentation style within Japanese soba cuisine rather than a dish invented in modern Tokyo. Serving noodles on a bamboo tray became especially associated with refined soba shops and the custom of eating noodles with concentrated tsuyu.,The dipping sauce is intentionally stronger than a soup broth because only the end of the noodle is dipped. This keeps more of the buckwheat aroma on the first bite.,"01 Buckwheat Noodles
 Buckwheat provides the main aroma and earthy flavor.
 

 02 Wheat Flour
 Wheat helps bind the noodle dough and improves elasticity.
 

 03 Concentrated Tsuyu
 Dashi, soy sauce, and mirin provide the dipping sauce's intense savory character.","Boiling, chilling","Green onions, wasabi",Link,Image,Image,Image
Kanto,Tokyo,千代田区,Chiyoda Ward,もりそば,Mori Soba,Chilled Soba Noodles,moh-ree soh-bah,,FALSE,TRUE,TRUE,FALSE,FALSE,,"A simple serving of chilled soba noodles arranged on a tray and eaten with a separate dipping sauce. Mori soba highlights the noodles themselves, with no broth surrounding them, making it one of the clearest ways to judge buckwheat aroma, texture, and cooking quality.","Vegan, contains buckwheat, soy",600,1200,"Neat Noodle Mound
 Chilled noodles form a compact pile on a bamboo or wooden tray.
 

 Matte Buckwheat Color
 The noodles range from pale gray to deeper brown depending on the flour blend.
 

 Separate Dipping Sauce
 A small dark bowl of concentrated tsuyu sits beside the noodles.",Mori soba developed as a classic way of serving chilled buckwheat noodles in Japanese soba culture. The format is older than modern Tokyo and became standard in soba shops because it keeps the noodles at the center of the meal.,The name distinguishes noodles served on a tray from soba served in hot broth. A small amount of noodle is dipped rather than completely submerged to preserve aroma and prevent over-seasoning.,"01 Buckwheat Flour
 Buckwheat supplies the characteristic earthy fragrance.
 

 02 Wheat Flour
 Wheat strengthens the dough and helps the noodles hold together.
 

 03 Tsuyu
 A concentrated dashi-soy dipping sauce provides the main seasoning.","Boiling, chilling","Green onions, wasabi",Link,Image,Image,Image
Kanto,Tokyo,豊島区,Toshima Ward,塩大福,Shio Daifuku,Salted Red Bean Mochi,shee-oh dye-foo-koo,,TRUE,TRUE,TRUE,TRUE,FALSE,,"A soft daifuku rice cake filled with sweet red bean paste and balanced by a noticeable touch of salt. The contrast between chewy mochi, creamy anko, and restrained salinity gives this Tokyo favorite a clean finish and keeps the filling from tasting overly sweet.","Vegan, Gluten-free",150,400,"White Powdered Mochi
 The outer rice cake has a smooth white surface lightly dusted with starch.
 

 Dark Bean Center
 A cut piece reveals a generous red bean filling.
 

 Compact Round Form
 Individual daifuku are shaped into soft, rounded portions for easy serving.",Shio daifuku belongs to the modern family of Japanese daifuku sweets and became especially popular in Tokyo confectionery shops during the twentieth century. The defining idea is the deliberate use of salt to sharpen the bean filling.,A small amount of salt can make a sweet filling taste fuller and more aromatic. This is why shio daifuku often tastes less sugary than its appearance suggests.,"01 Glutinous Rice
 Sticky rice flour creates the soft, elastic mochi wrapper.
 

 02 Sweet Red Bean Paste
 Anko provides the creamy, sweet center.
 

 03 Salt
 A small amount balances the sugar and intensifies the bean flavor.","Steaming, pounding",N/A,Link,Image,Image,Image
Kanto,Tokyo,豊島区,Toshima Ward,お多福豆,Otafuku Mame,Sweet Simmered Broad Beans,oh-tah-foo-koo mah-meh,,FALSE,TRUE,FALSE,TRUE,FALSE,,"Large fava beans slowly cooked in a sweet syrup to create a glossy, deeply seasoned Japanese confection, often associated with traditional sweets shops. The beans become tender while retaining their shape, producing a substantial bite and a gentle contrast between bean flavor and concentrated sweetness.","Vegan, contains soy",500,1200,"Large Glossy Beans
 Individual beans remain visibly whole after slow simmering.
 

 Deep Brown Syrup
 A dark, shiny coating shows the prolonged sweet-simmering process.
 

 Firm-Tender Center
 The bean breaks softly while still retaining a substantial interior.",Otafuku bean sweets belong to the long Japanese tradition of simmering large beans in sugar syrup for preservation and confectionery use. Tokyo shops adapted the style as a tea sweet and gift item rather than treating it as a single regional recipe.,"The word otafuku is a traditional expression associated with a cheerful, fortunate woman, giving the sweet a positive name. The beans are often served in small portions because the syrup is concentrated.","01 Fava Beans
 Large beans provide the substantial, creamy center.
 

 02 Sugar
 Sugar creates the glossy syrup and preserves the beans.
 

 03 Soy Sauce
 A small amount can deepen the syrup and provide savory balance in some traditional recipes.",Simmering,N/A,Link,Image,Image,Image
Kanto,Tokyo,利島村,Toshima Village,椿油,Tsubaki Oil,Camellia Oil,tsoo-bah-kee oy-roo,,FALSE,TRUE,FALSE,TRUE,FALSE,,"A clear, fragrant plant oil pressed from camellia seeds, with Toshima Island being a historic Tokyo source. Tsubaki oil has a mild flavor and excellent stability and is used both as a culinary oil and in traditional hair and skin care, reflecting the island's close relationship with camellia trees.","Vegan, Gluten-free",1000,3000,"Clear Golden Oil
 The finished oil ranges from pale straw to warm gold and remains transparent.
 

 Smooth Viscous Pour
 Oil forms a slow, glossy stream when poured.
 

 Camellia Seed Presentation
 Seeds or camellia imagery often appear beside bottles to emphasize the source crop.","Camellia has long been cultivated on Toshima, and pressing its seeds into oil became an important island industry. Traditional production was closely tied to household use and local commerce and remains a characteristic Toshima product today.","Camellia oil is rich in oleic acid, which helps explain its stability and smooth mouthfeel. Its mild flavor makes it usable for cooking without dominating delicate ingredients.","01 Camellia Seeds
 Pressed camellia seeds provide the oil and its subtle nutty aroma.
 

 02 Mechanical Pressing
 Traditional pressing extracts the oil without adding a strong external flavor.
 

 03 Filtration
 Filtration removes seed particles and produces the clear finished oil.",Pressing,N/A,Link,Image,Image,Image
Kanto,Tokyo,中野区,Nakano Ward,8段ソフトクリーム（デイリーチコ）,8-Tier Soft Serve - Daily Chico,Giant 8-Flavor Ice Cream,hah-chee-dahn so-foo-toh koo-ree-moo,,TRUE,TRUE,FALSE,TRUE,FALSE,,"A towering soft-serve creation from Daily Chico in Nakano's Nakano Broadway, famous for stacking eight flavors into a single tall cone. The appeal is visual as much as edible, with contrasting colors, aromas, and flavors layered vertically into one oversized serving.",Contains dairy,700,900,"Eight-Tier Spiral
 Eight soft-serve flavors are stacked vertically, creating the signature tower.
 

 Alternating Colors
 Different flavors create visible stripes ranging from pale cream to bright fruit or chocolate tones.
 

 Tall Cone Silhouette
 The unusually high soft-serve rises dramatically above the hand-held cone.","Daily Chico became known through Nakano Broadway for serving its multi-flavor soft-serve, with the eight-flavor tower becoming a signature attraction. The concept is a modern dessert spectacle rather than a traditional Japanese confection.","The serving is unusually tall, so eating it steadily from top to bottom helps prevent melting and collapse. Flavor combinations can change with the menu.","01 Milk-Based Soft Serve
 A creamy soft-serve base carries the individual flavor layers.
 

 02 Flavor Mixes
 Fruit, chocolate, coffee, or other flavorings create the contrasting tiers.
 

 03 Waffle Cone
 A crisp cone supports the tall soft-serve stack and adds a toasted wheat note.",Freezing,N/A,Link,Image,Image,Image
Kanto,Tokyo,中野区,Nakano Ward,おやき（おやき処 れふ亭）,Oyaki - Refu-tei,Refu-tei Stuffed Pancakes,oh-yah-kee reh-foo-tay,,TRUE,TRUE,FALSE,FALSE,FALSE,,"A stuffed Japanese griddle cake sold by Refutei in Nakano, with a soft, lightly browned outer dough surrounding a sweet or savory filling. The shop's version presents the familiar oyaki format as a quick neighborhood snack, easy to eat warm and by hand.","Contains wheat, egg, dairy",150,300,"Round Griddle Cake
 The outer dough is round with a gently browned surface.
 

 Visible Filling
 A cut piece shows a compact center of red bean, vegetables, or another filling.
 

 Fresh Warm Finish
 Steam and softness are most apparent when the cake is served hot from the shop.","Oyaki itself originates in central Japan, especially Nagano, where filled flour cakes became a practical staple food. Refutei adapted the familiar style for Nakano as a convenient Tokyo snack rather than claiming to have invented oyaki.","Oyaki fillings vary widely, from sweet bean to vegetables and miso-seasoned ingredients. The same dough can therefore serve as either a snack or a light savory meal.","01 Flour Dough
 Wheat flour forms the soft, lightly crisp outer cake.
 

 02 Filling
 Vegetables, miso, sweet bean, or other fillings provide the main flavor depending on the variety.
 

 03 Seasoning
 Savory versions may use miso or soy while sweet versions rely on sugar and bean paste.",Griddle baking,N/A,Link,Image,Image,Image
Kanto,Tokyo,新島村,Niijima Village,くさや,Kusaya,Fermented Dried Fish,koo-sah-yah,,FALSE,FALSE,FALSE,FALSE,FALSE,,"A strongly aromatic fermented fish specialty from the Izu Islands, made by salting and drying fish in a repeatedly used fermentation brine known as kusaya-jiru. The result has an intense smell but a surprisingly savory, concentrated flavor that is traditionally grilled and paired with rice or drinks.",Contains fish,800,2000,"Thin Dried Fish
 Flattened fish show a dark golden surface after fermentation and drying.
 

 Charred Grill Marks
 Grilling gives the fish browned edges and intensifies its aroma.
 

 Compact Whole-Fish Serve
 Small fish are commonly presented whole or in halves for sharing.","Kusaya developed on the Izu Islands as a preservation method for fish in an environment where salt was valuable. Reusing the fermentation brine created the distinctive flavor, and the technique was passed down through island households and producers.","The fermentation liquid, kusaya-jiru, is deliberately preserved and reused from batch to batch. This makes the smell powerful but also gives the fish a complex savory taste that regular dried fish does not have.","01 Horse Mackerel or Flying Fish
 Small oily fish are commonly used because they dry and ferment well.
 

 02 Kusaya-Jiru
 The traditional fermented brine gives the fish its signature aroma and umami.
 

 03 Salt
 Salt controls preservation and helps concentrate the fish during drying.","Fermenting, sun-drying, grilling",N/A,Link,Image,Image,Image
Kanto,Tokyo,西東京市,Nishitokyo City,かりんとう (旭製菓),Asahi Karinto,Traditional Sweet Fried Dough,kah-reen-toh,,TRUE,TRUE,FALSE,FALSE,FALSE,,"A classic Japanese karinto produced by Asahi Seika in Nishitokyo, where fried wheat dough is coated with a crisp sugar glaze. The result is crunchy, fragrant, and lightly caramelized, with a long shelf life that has helped make karinto a familiar tea snack and gift.","Contains wheat, soy, sesame",300,1000,"Thin Fried Sticks
 Small irregular sticks show the crisp fried dough at the center of each piece.
 

 Glossy Sugar Coating
 A hard sugar shell gives the surface a light sheen.
 

 Golden-Brown Color
 Frying produces a warm toasted tone with a roasted wheat aroma.","Asahi Seika is a long-established confectionery maker in western Tokyo, producing karinto as part of the region's traditional snack industry. Karinto itself is a much older Japanese sweet, while the company's local identity comes from its continued production and product variations.","Karinto is fried rather than baked, which creates its characteristic blistered crunch. The sugar coating also acts as a protective layer, helping the snack stay crisp when kept dry.","01 Wheat Flour Dough
 Wheat flour forms the crisp fried core.
 

 02 Frying Oil
 Hot oil cooks the dough and develops its toasted aroma.
 

 03 Sugar Syrup
 Cooked sugar creates the hard, crunchy shell around the fried pieces.","Deep-frying, glazing",N/A,Link,Image,Image,Image
Kanto,Tokyo,練馬区,Nerima Ward,練馬大根の沢庵漬け,Nerima Daikon Takuan,Traditional Crunchy Pickled Radish,Neh-ree-mah Die-kon Tah-koo-ahn,,TRUE,TRUE,FALSE,TRUE,TRUE,Winter,"A traditional Japanese pickle made from Nerima daikon, the long white radish historically grown around Nerima Ward, and cured in salt and rice bran. The result is crisp, savory, mildly sweet, and strongly aromatic, representing one of Tokyo's best-known heritage-vegetable preservation foods.",Contains Rice Bran and Salt. Gluten-Free and Vegan.,400,800,"Long Radish Batons
 The original daikon is long and slender, while finished takuan appears as pale yellow slices or sticks.
 

 Golden Pickle Color
 Rice-bran curing gives the radish a warm yellow to amber tone.
 

 Crisp Cut Surface
 Properly cured takuan remains firm and snaps cleanly when sliced.","Nerima daikon was cultivated in the Edo period and became famous around the capital, while takuan preservation offered a practical way to keep the large roots through winter. The local pickle tradition later declined with urbanization but survives as a heritage food.",Takuan is traditionally cured in rice bran rather than simply soaked in vinegar. The crisp texture is strongest when the pickle is sliced thinly and served with plain rice.,"01 Nerima Daikon
 The long heritage radish provides the firm vegetable base.
 

 02 Rice Bran
 Nuka controls fermentation and develops the characteristic pickle aroma.
 

 03 Salt
 Salt draws out moisture, seasons the radish, and supports the curing process.","Sun-drying the radishes on outdoor wooden racks for weeks, then packing them tightly into barrels layered with salted rice bran to ferment over the winter.",None (Served as a standalone side dish or palate cleanser).,link,Image,Image,Image
Kanto,Tokyo,練馬区,Nerima Ward,練馬大根まんじゅう,Nerima Daikon Manju,Radish-Shaped White Chocolate Pastry,Neh-ree-mah Die-kon Mahn-joo,,TRUE,TRUE,FALSE,TRUE,FALSE,-,"A clever and adorable sweet confection shaped exactly like a realistic miniature Nerima Daikon radish. Created by the 120-year-old historical shop Okashitsukasa Kimura-ya, this unique traditional treat wraps smooth sweet red bean paste inside a soft, steamed dough made from freshly grated yam and rice flour. It is celebrated as one of the ward's most creative gourmet gifts.","Contains Wheat, Dairy, Soy, and Red Bean. Vegetarian-friendly.",150,300,"Miniature Radish Shape
Look for small confections uniquely molded to elegantly resemble the elongated, tapered form of a local Nerima daikon.
 

Smooth Yam-Dough Outer Skin
Wrapped in a seamless, soft white dough made from grated yam and rice flour to mimic the root vegetable's smooth skin.
 

Tiny Green Nerikiri Accent
Decorated at the top tip with a small green detail crafted from sweetened bean paste representing the sprouting radish leaves.","Invented in the year 2000 by the fourth-generation master chef of Okashitsukasa Kimura-ya. He wanted to design a fun, visual souvenir that younger travelers and children could easily enjoy while learning about the area's agricultural history.","Wrapped in a soft, steamed dough made from freshly grated yam and rice flour, it yields gently to reveal a deeply satisfying, smooth red bean paste inside.","01 Soft Steamed Dough Base
A tender, elegant exterior crafted from a traditional blend of grated yam and jōyoko (rice flour), yielding a soft, steamed texture rather than a hard snap.

02 Smooth Red Bean Center
Generously filled with homemade koshian (smooth, pureed sweet red bean paste) to provide a deep, earthy sweetness at its core.

03 Hand-Crafted Finish
Carefully shaped by hand, gently steamed, and meticulously finished with a delicate touch of green nerikiri to complete the radish illusion.","Steaming the inner **sweet bean bun foundation**, then carefully hand-dipping each pastry into a melted pool of **tempered white chocolate** to set.",A tiny drop of green-colored confectionery glaze at the tip to mimic fresh radish greens.,https://maps.app.goo.gl/Cz7gPwGBHVdyc65b6,assets/dish-details/nerima-1.jpg,assets/dish-details/nerima-2.jpg,assets/dish-details/nerima-3.jpg
Kanto,Tokyo,練馬区,Nerima Ward,ねりま大福,Nerima Daifuku,Salted Radish Leaf Rice Cake,Neh-ree-mah Die-foo-koo,,TRUE,TRUE,FALSE,TRUE,FALSE,-,"A soft daifuku associated with Nerima's local confectionery culture, using chewy mochi around a sweet filling and often incorporating local themes into the product design. It follows the familiar Japanese balance of elastic rice cake and smooth bean paste while serving as an approachable district souvenir.","Contains Glutinous Rice, Red Bean, and Salted Radish Leaves. Gluten-Free and Vegan.",160,200,"Powder-Dusted Mochi
 The white outer layer is lightly dusted with starch to prevent sticking.
 

 Generous Filling Core
 A cut piece reveals a smooth, rounded center.
 

 Compact Gift Form
 Individual daifuku are small enough for tea service and souvenir packaging.",Nerima Daifuku is a modern district-branded confection rather than a centuries-old standalone recipe. Its regional identity comes from incorporating Nerima's local imagery and confectionery makers into the familiar daifuku format.,"Fresh daifuku is highly sensitive to drying, so the softest texture is found soon after production. The rice cake is intentionally thin enough to let the filling dominate the bite.","01 Glutinous Rice
 Rice flour creates the chewy mochi wrapper.
 

 02 Sweet Red Bean Paste
 Anko provides the principal sweet filling.
 

 03 Sugar
 Sugar sweetens the filling and dough and helps balance the rice cake's neutral flavor.","Kneading the freshly steamed hot mochi dough while folding in the minced radish greens, portioning it into circles, and hand-wrapping it around sweet bean spheres.","A light coating of potato starch to keep the delicate, fresh mochi from sticking to your fingers.",link,Image,Image,Image
Kanto,Tokyo,練馬区,Nerima Ward,練馬サブレ,Nerima Sablé,Geographical Map Butter Cookie,Neh-ree-mah Sah-boo-reh,,TRUE,TRUE,FALSE,TRUE,FALSE,-,"A crisp butter sablé created as a Nerima souvenir, using a simple European-style biscuit format to express local character through its name, shape, or packaging. The cookie is light, buttery, and crisp, making it a practical gift that pairs naturally with coffee or tea.","Contains Wheat, Butter, Eggs, and Sugar. Vegetarian-friendly.",80,120,"Fine Biscuit Edge
 The cookie has a clean, lightly browned rim from careful baking.
 

 Buttery Golden Surface
 A warm golden tone indicates the butter-rich dough has been baked gently.
 

 Local Imprint
 A Nerima-related mark or design reinforces the souvenir identity.",Nerima Sablé is a modern local confection sold as a regional gift by Chikushido. It uses the established French sablé technique and adds local identity through the product concept rather than recreating an old Japanese sweet.,"Sablé means sandy in French, referring to the crumbly texture created by a rich, short dough. Keeping the cookie dry is essential because humidity quickly dulls the crisp texture.","01 Wheat Flour
 Flour provides the cookie's crisp structure.
 

 02 Butter
 Butter creates the rich aroma and sandy crumb.
 

 03 Sugar
 Sugar provides sweetness and helps the edges brown during baking.","Creaming real butter and sugar together, blending in the flour and radish powder, rolling the dough thin, stamping with a custom map-die, and slow-baking until crisp.",None (A standalone baked buttery biscuit).,link,Image,Image,Image
Kanto,Tokyo,八王子市,Hachioji City,八王子ラーメン,Hachioji Ramen,Onion-Topped Soy Ramen,hah-chee-oh-jee rah-men,N/A,FALSE,FALSE,TRUE,FALSE,FALSE,N/A,"A Tokyo ramen style distinguished by a soy-based soup topped with finely chopped raw onion and fragrant oil. Hachioji ramen is known for its clean, dark broth and the sweet sharpness of onion, creating a straightforward bowl in which the garnish plays an essential role.","Contains wheat, soy, pork",600,1000,"Dark Clear Broth
 The soup has a transparent brown tone with a light sheen of aromatic oil.
 

 Raw Onion Topping
 Finely chopped white onion forms the signature garnish.
 

 Straight Medium Noodles
 Wheat noodles sit neatly under the onion and classic ramen toppings.","Hachioji ramen developed in neighborhood ramen shops during the postwar period and became recognized for its distinctive onion topping. Unlike many regional ramen styles, it is defined by a small set of consistent elements rather than a single founding restaurant.",The chopped onion softens slightly in the hot broth while retaining a fresh bite. The aromatic oil helps spread its sweetness through the soup as you eat.,"01 Wheat Ramen Noodles
 Medium-width noodles provide the chewy base.
 

 02 Soy-Seasoned Broth
 Chicken, fish, or other stock is seasoned with soy sauce for the dark savory soup.
 

 03 Chopped Onion and Aromatic Oil
 Fresh onion gives sweetness and crunch while aromatic oil rounds the broth.",Boiling,"Chopped onions, chashu",Link,Image,Image,Image
Kanto,Tokyo,八丈町,Hachijo Town,八丈焼酎,Hachijo Shochu,Hachijojima Sweet Potato/Barley Shochu,hah-chee-joh shoh-choo,N/A,FALSE,TRUE,FALSE,TRUE,FALSE,N/A,"A distinctive island shochu tradition from Hachijojima, where local producers make sweet-potato and barley styles using traditional koji fermentation. The spirits can be robust and aromatic, reflecting the island's long history of household-scale brewing adapted into licensed local production.","Vegan, Gluten-free",1500,4000,"Clear Island Spirit
 The spirit is typically clear, allowing the clean body of the shochu to show.
 

 Traditional Bottle Form
 Compact glass bottles emphasize the island-produced character.
 

 Strong Aromatic Pour
 The aroma opens quickly when served in a small glass, especially at room temperature.","Hachijo shochu developed from traditional island distilling practices and was later adapted into licensed commercial production. The style is associated with local households and producers rather than a single inventor, with sweet potato and barley forming the main raw materials.",Hachijojima is unusual in Tokyo for maintaining a recognizable island shochu tradition alongside distinctive agricultural ingredients. Water and koji choices can make producers' spirits taste noticeably different.,"01 Sweet Potatoes or Barley
 Producers use sweet potato, barley, or blends depending on the style.
 

 02 Koji
 Koji supplies the enzymes that convert starches into fermentable sugars.
 

 03 Island Water
 Local water supports fermentation and dilution of the finished spirit.",Distillation,N/A,Link,Image,Image,Image
Kanto,Tokyo,八丈町,Hachijo Town,八丈フルーツレモン,Hachijo Fruit Lemon,Giant Island Lemon,hah-chee-joh foo-roo-tsoo reh-mon,N/A,TRUE,TRUE,FALSE,TRUE,TRUE,Winter,"An unusually large island lemon from Hachijojima, prized for its fragrant peel, juicy flesh, and balanced acidity. The fruit is substantially larger than an ordinary lemon and is used not only for juice but also in sweets and drinks where its aromatic skin is especially valuable.","Vegan, Gluten-free",500,1500,"Large Rounded Lemon
 The fruit is notably bigger and rounder than standard supermarket lemons.
 

 Thick Fragrant Peel
 A substantial peel releases a fresh citrus aroma when rubbed.
 

 Bright Pale Flesh
 The interior appears juicy and lightly yellow when cut open.",Hachijo fruit lemon is a regional citrus associated with Hachijojima's subtropical climate and distinctive island agriculture. The local specialty is prized for its size and aroma and has become a recognized Tokyo island product.,"The fruit can be used while still green, and its thick, aromatic peel is valuable in confectionery. The unusually large fruit also makes a striking visual centerpiece in gift boxes.","01 Hachijo Fruit Lemon
 The whole fruit supplies the characteristic juice and citrus aroma.
 

 02 Fragrant Peel
 Thick peel provides essential oils that intensify the scent.
 

 03 Natural Citrus Sugars and Acids
 Balanced sweetness and acidity create the fruit's clean, lively flavor.","Raw, cooking",N/A,Link,Image,Image,Image
Kanto,Tokyo,羽村市,Hamura City,かるたせんべい・はむりんせんべい,Karuta Senbei / Hamurin Senbei,Hamura Mascot Crackers,kah-roo-tah sen-bay / hah-moo-reen sen-bay,N/A,TRUE,TRUE,FALSE,TRUE,FALSE,N/A,"Two Hamura souvenir crackers that turn local civic imagery into simple, crisp baked snacks. Karuta Senbei uses the idea of traditional Japanese picture-card culture, while Hamurin Senbei features the city's mascot, giving visitors an edible keepsake with a light, dry crunch.","Vegan, contains soy",300,800,"Printed Motif Surface
 Each cracker carries a printed or stamped local design.
 

 Thin Crisp Sheet
 The pieces are flat and brittle, breaking with a clean snap.
 

 Souvenir Pack
 Compact packaging emphasizes the Hamura identity for gifts and travel.",These senbei were developed as contemporary Hamura souvenirs rather than inherited recipes. The products use familiar Japanese cracker-making techniques and local imagery to create city-branded snacks.,Karuta-inspired packaging turns a plain cracker into a small cultural souvenir. The dry texture also makes senbei particularly suitable for carrying home without refrigeration.,"01 Rice Flour
 Rice forms the crisp cracker base.
 

 02 Seasoning
 Sugar, soy, or other recipe-specific seasoning gives the cracker its flavor.
 

 03 Printed Decoration
 An edible printed or stamped image connects the cracker to Hamura's local theme.",Baking,N/A,Link,Image,Image,Image
Kanto,Tokyo,羽村市,Hamura City,羽村の堰,Hamura no Seki,Hamura Intake Weir (Historical Site),hah-moo-rah no seh-kee,N/A,FALSE,TRUE,FALSE,FALSE,FALSE,N/A,"A historic Tamagawa water-control structure in Hamura rather than a dish or food product. The weir is included in the dataset as a local heritage landmark, so its accurate profile describes the waterworks themselves instead of inventing culinary characteristics.",N/A,0,0,"Stone and Concrete Waterworks
 The structure channels and controls the Tama River for water management.
 

 Flowing River Surface
 Moving water and spillway channels dominate the visual setting.
 

 Green Riverside Landscape
 Trees and riverside vegetation frame the historic structure.","The Hamura Weir is part of the Tamagawa Josui system created in the Edo period to bring clean water toward Edo. It is a civil-engineering landmark, not a traditional food, and its importance lies in Tokyo's water history.","Because this record is a landmark rather than a dish, there are no ingredients or eating rituals to describe accurately. It should be treated as a cultural heritage entry or removed from a culinary-only dataset.","01 Tama River
 The river supplies the water controlled by the weir.
 

 02 Weir Structure
 The barrier regulates and directs river flow.
 

 03 Tamagawa Josui
 The weir forms part of the historic water-supply infrastructure leading toward Tokyo.",N/A,N/A,Link,Image,Image,Image
Kanto,Tokyo,羽村市,Hamura City,桜サブレー・さざれ石,Sakura Sable / Sazareishi,Cherry Blossom Cookies,sah-koo-rah sah-boo-reh / sah-zah-reh-ee-she,N/A,TRUE,TRUE,FALSE,TRUE,FALSE,N/A,A pair of Hamura souvenir sweets pairing a buttery sakura-themed sablé with a separate confection named Sazareishi. The products use familiar baked-sweet techniques and local imagery to create compact gifts connected to Hamura's cherry-blossom and civic landscape.,"Contains wheat, dairy, egg",400,1000,"Butter Sablé
 A pale golden biscuit has a crisp, crumbly surface.
 

 Cherry Motif
 Sakura imagery or flavoring provides the seasonal visual identity.
 

 Gift-Sized Pairing
 The products are packaged as compact souvenirs suitable for tea service and gifting.","These products are contemporary Hamura souvenirs created by local confectionery makers, not ancient local recipes. Their identity comes from cherry-blossom imagery and regional naming rather than a historical dish.","Sablé cookies are especially good with tea because their butter aroma and dry crumb do not overwhelm delicate drinks. The name Sazareishi evokes a small stone, giving the pair a local naming theme.","01 Wheat Flour
 Flour forms the crisp sablé structure.
 

 02 Butter and Sugar
 Butter supplies richness while sugar creates sweetness and browning.
 

 03 Sakura Flavor or Decoration
 Cherry blossom imagery or ingredients provide the local seasonal theme.",Baking,N/A,Link,Image,Image,Image
Kanto,Tokyo,東久留米市,Higashikurume City,農家の煮ぃだんご,Noka no Nidango,Farmer's Simmered Dumplings,noh-kah no nee-dahn-goh,N/A,FALSE,TRUE,TRUE,FALSE,FALSE,N/A,"A rustic village-style dumpling dish from Higashikurume in which simple wheat dumplings are simmered with vegetables in a savory broth. The dish reflects the practical cooking of Tokyo's former farm households, where flour and seasonal produce were combined into a filling one-pot meal.","Vegan, contains wheat, soy",500,1200,"Hand-Shaped Dumplings
 Irregular dumplings show the handmade texture of a traditional household dish.
 

 Vegetable-Rich Broth
 Root vegetables and greens create a warm, colorful soup.
 

 Rustic Bowl Serve
 A deep bowl emphasizes the hearty, home-style nature of the meal.",Noka no Nidango belongs to the household food tradition of eastern Musashino farming communities. The dish grew from practical use of wheat and vegetables rather than being invented by a known chef or commercial shop.,The dumplings are intentionally irregular because they were shaped by hand rather than cut into uniform noodles. The texture becomes pleasantly chewy as the pieces simmer in the broth.,"01 Wheat Dough Dumplings
 Simple flour-and-water dough forms the chewy dumpling pieces.
 

 02 Seasonal Vegetables
 Daikon, carrot, greens, or other local produce provide sweetness and color.
 

 03 Dashi or Soy Broth
 A savory broth carries the vegetable and wheat flavors through the dish.",Simmering,Green onions,Link,Image,Image,Image
Kanto,Tokyo,東久留米市,Higashikurume City,和三盆工芸菓子,Wasanbon Kogei Kashi,Artisanal Wasanbon Sweets,wah-sahn-bon koh-gay kah-she,N/A,TRUE,TRUE,FALSE,TRUE,FALSE,N/A,"A delicate decorative confection shaped from wasanbon sugar into finely detailed forms, combining the clean sweetness of traditional Japanese sugar craft with the visual precision of miniature sculpture. These sweets are intended to be admired before dissolving gently on the tongue.","Vegan, Gluten-free",800,2000,"Intricate Relief Shapes
 Fine molded details create flowers, animals, or seasonal motifs.
 

 Powder-Matte Surface
 Wasanbon has a soft, pale appearance rather than a glossy candy shell.
 

 Miniature Craft Scale
 Individual pieces are small enough to handle like tiny works of art.",Wasanbon craft sweets belong to Japan's traditional sugar-art culture and are made using techniques developed over generations. The Higashikurume local product presents that broader craftsmanship as a refined gift item rather than claiming a single local inventor.,Wasanbon sugar has a fine crystalline texture that dissolves quickly in the mouth. The confection is often appreciated as much for its carving and molding detail as for its flavor.,"01 Wasanbon Sugar
 Fine-grained traditional sugar provides the clean sweetness and delicate texture.
 

 02 Food-Safe Molds
 Molds create the precise decorative shapes.
 

 03 Natural Flavoring
 Tea, seasonal color, or subtle flavoring may be used depending on the craft piece.",Pressing into wooden molds,N/A,Link,Image,Image,Image
Kanto,Tokyo,東村山市,Higashimurayama City,東村山黒焼きそば,Higashimurayama Black Yakisoba,Black Squid Ink Noodles,hee-gah-she-moo-rah-yah-mah koo-roh yah-kee-soh-bah,N/A,FALSE,FALSE,TRUE,FALSE,FALSE,N/A,"A distinctive yakisoba from Higashimurayama colored dark by a local sauce and cooked with noodles, meat, and vegetables on a hot griddle. Its savory, slightly sweet flavor comes from the sauce and caramelized noodles, giving the dish a darker appearance than ordinary Tokyo yakisoba.","Contains wheat, soy, squid",600,1200,"Dark Sauced Noodles
 Cooked noodles take on a deep brown to near-black glaze.
 

 Crisp Griddle Edges
 High heat browns the noodles and vegetables in small caramelized patches.
 

 Mixed Street-Food Toppings
 Pork, cabbage, and other ingredients create a varied surface texture.",Higashimurayama Black Yakisoba is a modern local specialty developed to distinguish the city through its own sauce-forward noodle dish. Its identity centers on the dark color and rich sauce rather than an ancient regional recipe.,"The dark appearance does not mean the noodles are burnt. The characteristic color comes mainly from the specially chosen sauce, while high-heat griddling adds the roasted aroma.","01 Wheat Yakisoba Noodles
 Wheat noodles provide the chewy base.
 

 02 Cabbage and Pork
 Vegetables and pork add sweetness, texture, and savory richness.
 

 03 Dark Yakisoba Sauce
 A concentrated local-style sauce creates the signature deep color and flavor.",Stir-frying,"Pickled ginger, bonito flakes",Link,Image,Image,Image
Kanto,Tokyo,東村山市,Higashimurayama City,武蔵野うどん,Musashino Udon,Chewy Musashino Noodles,moo-sah-she-noh oo-don,N/A,FALSE,FALSE,TRUE,FALSE,FALSE,N/A,"A rustic noodle tradition of the Musashino region, defined by thick, firm wheat noodles eaten with a hot meat-and-vegetable dipping broth. It reflects the area's former wheat-growing farm culture, producing a hearty meal where chewy noodles and strongly flavored soup are deliberately kept separate.","Contains wheat, soy, fish (broth)",700,1500,"Broad Firm Noodles
 Thick noodles have a rough, substantial surface designed for dipping.
 

 Dark Meat Broth
 Pork, scallion, and soy create a deep, warming dipping soup.
 

 Handmade Irregularity
 Traditional noodles often vary slightly in width and thickness, emphasizing their handmade character.","Musashino udon grew from the farming villages west of Edo, where wheat was an important local crop and noodles provided a filling household meal. The style continued through the modern Tokyo suburbs and became recognized as a regional food tradition.",The noodles are intentionally firmer than many mainstream udon styles because they are meant to be dipped into a hot broth. Pork and negi in the dipping soup are characteristic of many traditional versions.,"01 Local Wheat Noodles
 Firm wheat noodles provide the substantial bite.
 

 02 Pork
 Pork adds richness to the dipping broth.
 

 03 Negi and Soy-Based Broth
 Green onion, dashi, soy sauce, and mirin create the savory dipping sauce.",Boiling,Green onions,Link,Image,Image,Image
Kanto,Tokyo,東大和市,Higashiyamato City,ひがしやまと茶うどん,Higashiyamato Cha Udon,Green Tea Udon,hee-gah-she-yah-mah-toh chah oo-don,N/A,FALSE,TRUE,TRUE,FALSE,FALSE,N/A,"A green-tinted udon from Higashiyamato made by incorporating locally associated Sayama tea into wheat noodles. The tea adds a subtle grassy aroma and color while the noodle retains the firm, chewy structure expected from Japanese udon.","Vegan, contains wheat, soy",700,1500,"Tea-Green Noodles
 Fine tea powder gives the noodles a natural green hue.
 

 Smooth Thick Strands
 The cooked noodles remain substantial and glossy.
 

 Simple Bowl or Dipping Serve
 A restrained presentation keeps the unusual color and tea aroma visible.",Higashiyamato Tea Udon was developed as a local product linking the city with Sayama tea culture. The recipe adapts familiar udon-making techniques by incorporating tea into the noodle dough rather than creating a separate soup or dessert.,The tea aroma is intentionally subtle because too much tea powder would make the noodles bitter. The green color is therefore a visual cue as much as a flavor signal.,"01 Wheat Flour
 Wheat provides the gluten structure needed for chewy udon.
 

 02 Sayama Tea
 Tea contributes green color and a delicate grassy fragrance.
 

 03 Salt and Water
 Salt strengthens the dough while water develops the final noodle texture.",Boiling,"Wasabi, green onions",Link,Image,Image,Image
Kanto,Tokyo,東大和市,Higashiyamato City,狭山茶,Sayama Tea,Sayama Green Tea,sah-yah-mah chah,N/A,TRUE,TRUE,FALSE,TRUE,FALSE,N/A,"A Japanese green tea grown in the western Tokyo region around Sayama, valued for its rich body, mellow sweetness, and distinctive steamed-leaf aroma. The tea is associated with cool-climate growing conditions and is traditionally enjoyed as a concentrated, full-flavored cup rather than a delicate light brew.","Vegan, Gluten-free",1000,3000,"Deep Green Dry Leaf
 Processed tea leaves have a dark green appearance.
 

 Clear Green-Gold Infusion
 The brewed liquor ranges from yellow-green to deeper green depending on style and steeping.
 

 Fine Leaf Shape
 Needle-like or fine rolled leaves open as they hydrate in hot water.","Sayama tea has been cultivated in the western Tokyo and southern Saitama region for centuries, with production becoming established under the area's cooler climate. The local tea tradition developed around careful cultivation and processing in this northern tea-growing area.","Sayama tea is associated with a famous saying that praises three qualities: flavor, color, and aroma. Its fuller body makes it well suited to a slightly stronger brew than many delicate sencha styles.","01 Tea Leaves
 Young leaves provide the aroma, bitterness, sweetness, and body of the infusion.
 

 02 Steam Processing
 Steaming prevents oxidation and preserves the green character of the leaves.
 

 03 Hot Water
 Water extracts soluble flavor compounds to form the finished tea infusion.",Steeping,N/A,Link,Image,Image,Image
Kanto,Tokyo,日野市,Hino City,日野の梨,Hino Pears,Hino Nashi,hee-noh no nah-she,N/A,TRUE,TRUE,FALSE,TRUE,TRUE,Fall,"Crisp Japanese pears grown in Hino, where local orchards produce sweet, juicy fruit for direct sales during late summer and autumn. Hino pears are eaten fresh for their clean aroma, abundant juice, and refreshing crunch rather than used primarily as a processed ingredient.","Vegan, Gluten-free",500,2000,"Round Pale Fruit
 Fresh pears have smooth pale skin with a light green or yellow-brown tone.
 

 Juicy White Flesh
 The interior is crisp, translucent, and full of juice.
 

 Orchard-Fresh Stem
 A fresh stem and intact skin signal recently harvested fruit.","Pear growing has a long history in the Tama region, including Hino, where local orchards survived alongside expanding residential areas. The local specialty today reflects small-scale orchard production and direct seasonal sales.",Japanese pears are harvested close to eating ripeness rather than left to soften dramatically off the tree. This helps explain their exceptionally crisp texture.,"01 Japanese Pears
 Whole ripe nashi provide the signature sweetness and crisp juice.
 

 02 Orchard Soil and Water
 Growing conditions shape the fruit's size and balance.
 

 03 Natural Fruit Sugars
 Natural sugars provide the clean sweetness enjoyed in fresh fruit.",Raw,N/A,Link,Image,Image,Image
Kanto,Tokyo,日の出町,Hinode Town,日の出トマト,Hinode Tomato,Hinode Town Tomatoes,hee-noh-deh toh-mah-toh,N/A,TRUE,TRUE,FALSE,TRUE,TRUE,Summer,"A locally grown tomato specialty from Hinode, valued for ripe sweetness, fresh acidity, and the concentrated flavor that comes from careful local cultivation. The tomatoes are best treated simply, allowing the fruit's natural juice and aroma to remain the center of the dish.","Vegan, Gluten-free",300,1000,"Glossy Red Skin
 Ripe tomatoes show a bright red, smooth exterior.
 

 Firm Juicy Flesh
 A cut tomato reveals dense flesh and visible juice around the seeds.
 

 Green Stem Contrast
 Freshly sold fruit often retains a green calyx that emphasizes freshness.","Hinode Tomato is a modern local agricultural specialty rather than an old named dish. It reflects the town's horticulture and direct-sale culture, where ripe local tomatoes are promoted as seasonal produce.",Tomatoes taste sweeter and more aromatic when allowed to ripen fully before eating. A light pinch of salt can sharpen their natural sweetness without adding a heavy sauce.,"01 Fresh Tomatoes
 Ripe locally grown tomatoes provide the main flavor, acidity, and color.
 

 02 Natural Tomato Juice
 Juice creates the refreshing texture and carries aroma through the fruit.
 

 03 Sea Salt
 A small amount of salt can enhance sweetness in simple tomato preparations.","Raw, cooking",N/A,Link,Image,Image,Image
Kanto,Tokyo,檜原村,Hinohara Village,ゆず・ひのはら紅茶,Yuzu / Hinohara Black Tea,Hinohara Yuzu Tea,yoo-zoo / hee-noh-hah-rah koh-chah,N/A,TRUE,TRUE,FALSE,TRUE,FALSE,N/A,"A paired local specialty from Hinohara combining fragrant yuzu citrus with black tea produced in the village. The citrus adds bright peel aroma to the tea, creating a warm, rounded drink that links mountain agriculture with a modern Japanese tea style.","Vegan, Gluten-free",600,1500,"Amber Tea Liquor
 The black-tea base produces a clear amber to copper-colored infusion.
 

 Yuzu Peel Accent
 Fine citrus peel adds a bright yellow-green visual detail.
 

 Natural Leaf Aroma
 The tea and citrus aromas rise strongly from a freshly poured cup.",Hinohara black tea and local yuzu products were developed as contemporary village specialties using the area's mountain agriculture. The combination reflects modern value-added processing rather than a historic Edo beverage.,Yuzu peel can dominate the aroma even when only a small amount is used. Adding the peel after brewing preserves more of the volatile citrus oils.,"01 Black Tea Leaves
 Fully oxidized tea leaves provide the amber liquor and malty base.
 

 02 Hinohara Yuzu
 Yuzu peel adds bright citrus aroma and gentle tartness.
 

 03 Hot Water
 Hot water extracts the tea compounds and carries the citrus oils into the cup.",Steeping,N/A,Link,Image,Image,Image
Kanto,Tokyo,檜原村,Hinohara Village,ひのはらじゃがいも,Hinohara Potatoes,Hinohara Village Potatoes,hee-noh-hah-rah jah-gye-moh,N/A,FALSE,TRUE,FALSE,TRUE,TRUE,Autumn,"A locally grown potato specialty from Hinohara, where cool mountain conditions support small-scale vegetable cultivation. The potatoes are valued for their clean earthy flavor and firm, creamy texture and can be roasted, boiled, or used in simple village dishes that showcase the crop.","Vegan, Gluten-free",300,800,"Earthy Brown Skin
 Fresh potatoes retain a thin brown skin with a natural soil-toned appearance.
 

 Creamy White Flesh
 Cut potatoes show pale, dense flesh with a fine texture.
 

 Small Irregular Tubers
 Local field-grown potatoes vary naturally in size and shape.",Hinohara potatoes are part of the village's traditional mountain agriculture and continue to be promoted as a local specialty. Their importance lies in seasonal cultivation and household cooking rather than a single historic recipe.,Mountain-grown potatoes often vary in size because they come from small diversified fields rather than uniform industrial production. This makes simple roasting or boiling especially attractive.,"01 Hinohara Potatoes
 The local crop provides the starchy base and earthy flavor.
 

 02 Water
 Water is used for boiling and helps carry salt and seasoning through the flesh.
 

 03 Salt or Miso
 Simple Japanese seasoning highlights the potatoes without masking their natural flavor.","Boiling, roasting",N/A,Link,Image,Image,Image
Kanto,Tokyo,府中市,Fuchu City,アポロパン,Apollo Pan,Apollo Bread,ah-poh-roh pahn,N/A,TRUE,TRUE,FALSE,FALSE,FALSE,N/A,"A nostalgic local bread associated with Fuchu, sold as an everyday bakery item rather than a plated dish. The bread has a soft interior and lightly browned crust, reflecting the long tradition of neighborhood bakeries producing familiar Japanese-Western breads for school and home meals.","Contains wheat, dairy, egg",150,300,"Soft Bread Loaf
 The loaf has a light, tender crumb beneath a browned baked surface.
 

 Decorative Top
 A patterned or shaped upper surface gives Apollo Bread its recognizable appearance.
 

 Sliceable Everyday Form
 The bread is sized for simple slicing and serving rather than individual plating.",Apollo Bread is a local bakery product associated with Fuchu's neighborhood food culture. Its identity comes from local bakery tradition and a distinctive product name rather than a nationally standardized historical recipe.,The bread belongs to the Japanese bakery tradition that blends European-style doughs with local sweet and savory preferences. Its nostalgic appeal comes from being an everyday bakery item rather than a ceremonial food.,"01 Wheat Flour
 Flour provides the main bread structure.
 

 02 Yeast
 Yeast leavens the dough and develops aroma.
 

 03 Milk, Sugar, and Fat
 These ingredients create the soft, lightly sweet character common in Japanese bakery bread.",Baking,N/A,Link,Image,Image,Image
Kanto,Tokyo,福生市,Fussa City,-,-,-,-,N/A,FALSE,FALSE,FALSE,FALSE,FALSE,N/A,"This record contains no named dish or food product and should not be populated with invented culinary information. The source row is a placeholder, so the safest treatment is to keep the descriptive fields explicitly marked as unavailable until a real dish name is supplied.",-,0,0,"No Dish Specified
 The record does not identify a culinary item for visual description.
 

 No Verified Presentation
 There is no reliable serving style to document.
 

 Placeholder Record
 The row should remain visibly distinct from completed food entries.","No historical origin can be established because the source row does not identify a dish or product. Any claimed creator, date, recipe, or cultural background would therefore be speculative.",A blank or placeholder dish name is not evidence of a regional food. This row should be resolved before it is used in a finished culinary database.,"01 No Verified Ingredient
 No ingredient can be assigned without a named food.
 

 02 No Verified Recipe
 There is no documented recipe attached to the placeholder record.
 

 03 No Verified Component
 Further research requires a real dish or product name.",-,-,-,-,-,-
Kanto,Tokyo,文京区,Bunkyo Ward,鴎外餅,Ogai Mochi,Mori Ogai Memorial Mochi,oh-gye moh-chee,N/A,TRUE,TRUE,FALSE,TRUE,FALSE,N/A,"A literary-themed Japanese sweet associated with Bunkyo and the former residence of novelist Mori Ogai, shaped as a soft mochi confection with a sweet filling. Its identity is cultural as much as culinary, linking a simple traditional sweet with one of Tokyo's best-known writers.","Vegan, Gluten-free",200,600,"Soft Mochi Form
 A compact pale rice cake provides the outer shell.
 

 Sweet Filled Center
 A smooth bean-based filling appears when the confection is cut.
 

 Literary Souvenir Design
 Packaging or markings connect the sweet with Mori Ogai and the former Kanchoro site.",Ogai Mochi was created as a Bunkyo confection connected with Mori Ogai and the former Kanchoro residence. It is a modern literary souvenir inspired by the neighborhood's cultural history rather than a sweet known to have been invented by Ogai himself.,"The name is a tribute to Mori Ogai, not proof that the novelist created or ate this exact confection. Its value lies in the connection between a familiar wagashi form and Bunkyo's literary heritage.","01 Glutinous Rice
 Rice-based dough creates the soft, chewy outer layer.
 

 02 Sweet Bean Filling
 Anko provides the central sweetness.
 

 03 Sugar
 Sugar balances the rice cake and filling and supports the confection's soft texture.",Steaming,N/A,Link,Image,Image,Image
Kanto,Tokyo,文京区,Bunkyo Ward,観潮楼のいちょうサブレ,Kanchorou Ginkgo Sable,Ginkgo Leaf Cookies,kahn-choh-roh no ee-choh sah-boo-reh,N/A,TRUE,TRUE,FALSE,TRUE,FALSE,N/A,"A crisp ginkgo-leaf-shaped sablé inspired by Kanchoro, Mori Ogai's former residence in Bunkyo, where a famous ginkgo tree became part of the site's literary landscape. The buttery cookie uses a simple European-style recipe to turn a local literary symbol into an elegant tea sweet.","Contains wheat, dairy, egg",400,1000,"Ginkgo Leaf Shape
 The cookie is molded into the recognizable fan shape of a ginkgo leaf.
 

 Buttery Golden Edge
 Gentle baking produces a light golden rim and crisp crumb.
 

 Local Literary Motif
 Packaging and form reference the ginkgo associated with Kanchoro.",Kanchoro Ginkgo Sablé was developed as a modern Bunkyo souvenir inspired by the ginkgo at Mori Ogai's former residence. The product links a French-style butter cookie with the neighborhood's literary and historic landscape.,"A ginkgo-shaped cookie can be recognized even without its package, making the local story visible in the food itself. The flavor is intentionally restrained so the butter and toasted flour remain clear.","01 Wheat Flour
 Flour forms the sablé's crisp structure.
 

 02 Butter
 Butter provides richness and the characteristic short, crumbly texture.
 

 03 Sugar
 Sugar adds sweetness and helps the cookie brown lightly during baking.",Baking,N/A,Link,Image,Image,Image
Kanto,Tokyo,町田市,Machida City,まちだシルクメロン,Machida Silk Melon,Premium Machida Melon,mah-chee-dah shee-roo-koo meh-ron,N/A,TRUE,TRUE,FALSE,TRUE,TRUE,Summer,"A premium melon grown in Machida using a patented hydroponic cultivation method designed to produce many high-quality fruits from a single plant. The melon is marketed for its refined sweetness, fine texture, and controlled growing conditions, giving Machida a distinctive modern agricultural specialty.","Vegan, Gluten-free",3000,10000,"Netted Melon Skin
 The fruit develops a regular raised net pattern over a pale green or beige skin.
 

 Juicy Flesh
 The cut melon reveals fragrant, juicy flesh around a central seed cavity.
 

 Large Premium Fruit
 Carefully selected melons are presented whole to emphasize symmetry and finish.",Machida Silk Melon was developed through a patented Machida-style hydroponic farming method rather than traditional field cultivation. The system is designed to support controlled nutrient and water management and can produce many melons from a single plant.,The official producer describes a system capable of producing as many as sixty melons from one plant under controlled conditions. The key selling point is controlled cultivation designed to support consistent fruit quality.,"01 Muskmelon
 The melon provides the fragrant sweetness and juicy flesh.
 

 02 Hydroponic Nutrient Solution
 Controlled nutrients support growth without ordinary field soil.
 

 03 Water
 Precise water management is central to the hydroponic growing system.",Raw,N/A,Link,Image,Image,Image
Kanto,Tokyo,御蔵島村,Mikurajima Village,ヘンゴだんご,Hengo Dango,Crushed Rice Dumplings,hen-goh dahn-goh,N/A,TRUE,TRUE,FALSE,TRUE,FALSE,N/A,"A traditional Mikurajima island dumpling associated with the island's distinctive plant-rich mountain environment. Hengo dango is made from locally familiar starchy ingredients and shaped into a simple rustic sweet, reflecting the self-sufficient cooking of this remote Izu island.","Vegan, Gluten-free",150,400,"Rustic Round Dumplings
 Small hand-formed pieces retain an irregular homemade shape.
 

 Natural Earthy Tone
 Local plant ingredients give the dumplings a muted natural color.
 

 Simple Plate Presentation
 The sweets are served plainly to emphasize their traditional island character.",Hengo Dango belongs to Mikurajima's traditional island food culture and was passed through household cooking rather than developed by a documented commercial chef. The recipe reflects the use of locally available plants and starches on a remote island.,Remote island foods often preserve ingredients and techniques that disappeared from urban cooking. Hengo dango is valuable because it records a local household food tradition rather than because of commercial branding.,"01 Local Starchy Ingredient
 A locally gathered starch provides the dough's body.
 

 02 Water
 Water hydrates the mixture and determines the dumpling's final texture.
 

 03 Sweet Seasoning
 Sugar or another simple sweetener provides the dessert character.","Steaming, grilling",N/A,Link,Image,Image,Image
Kanto,Tokyo,御蔵島村,Mikurajima Village,サクユリのきんとん,Sakuyuri no Kinton,Lily Bulb Sweet,sah-koo-yoo-ree no keen-ton,N/A,TRUE,TRUE,FALSE,TRUE,FALSE,N/A,"A delicate wagashi inspired by Sakuyuri, the native lily associated with Mikurajima, using the soft, sculpted kinton style to evoke the flower's natural forms. The confection is better understood as a botanical-themed sweet than as a dessert made from the lily itself.",Vegan,300,800,"Petal-Like Texture
 Fine strands or soft crumbs create a flower-inspired, cloudlike surface.
 

 Pale Natural Color
 The confection remains light so the botanical theme is visually clear.
 

 Small Sculpted Form
 Each portion is shaped delicately like a traditional seasonal wagashi.","The confection is a modern interpretation inspired by Mikurajima's Sakuyuri, a locally important lily. It uses the flower as a cultural and visual motif rather than claiming Sakuyuri as an edible ingredient.","Sakuyuri is valued as part of Mikurajima's native plant heritage. The kinton uses the flower as design inspiration, not as food material.","01 Sweet Bean Base
 Sweet bean paste provides the soft, moldable body of the kinton.
 

 02 Sugar
 Sugar supplies sweetness and helps create the fine, soft texture.
 

 03 Natural Coloring
 Subtle natural coloring can reinforce the flower motif without overpowering the confection.","Simmering, molding",N/A,Link,Image,Image,Image
Kanto,Tokyo,御蔵島村,Mikurajima Village,はやき,Hayaki,Quick-Pickled Radish,hah-yah-kee,N/A,FALSE,TRUE,FALSE,TRUE,FALSE,N/A,"A traditional Mikurajima island food made from a simple local grain-and-starch dough that is cooked into a compact, satisfying snack. The dish reflects the island's history of making filling foods from ingredients that could be cultivated or transported to a remote community.","Vegan, Gluten-free",200,500,"Compact Hand-Formed Piece
 The food is shaped simply rather than using elaborate molds.
 

 Rustic Surface
 Hand preparation leaves a slightly uneven traditional texture.
 

 Warm Neutral Color
 The finished piece shows the natural tones of its grain and starch ingredients.",Hayaki is recorded as part of Mikurajima's traditional household food culture rather than as a modern commercial invention. The recipe reflects practical island cooking and the need to make filling foods from limited supplies.,"Traditional island recipes often survive through oral transmission and household practice, so exact ingredient ratios can vary. It is most accurately presented as a local heritage food rather than a standardized factory product.","01 Local Grain or Flour
 A staple grain or flour provides the main body of the food.
 

 02 Starchy Binder
 A starch helps hold the mixture together and gives the finished food its dense texture.
 

 03 Water
 Water hydrates the mixture and allows the ingredients to form a workable dough.",Pickling,N/A,Link,Image,Image,Image
Kanto,Tokyo,瑞穂町,Mizuho Town,自然薯かるかん饅頭,Jinenjo Karukan Manju,Wild Yam Steamed Bun,jee-nen-joh kah-roo-kahn mahn-joo,N/A,TRUE,TRUE,FALSE,TRUE,FALSE,N/A,"A soft steamed karukan manju from Mizuho made with Japanese yam, rice flour, and sweet filling. The yam gives the outer cake a springy, airy texture and subtle earthy aroma, while the bean center adds sweetness without making the confection heavy.",Vegan,200,600,"Pale Steamed Cake
 The outer cake is white to cream and lightly porous from steaming.
 

 Soft Elastic Crumb
 Japanese yam gives the cake a moist, springy bite.
 

 Sweet Bean Center
 A dark filling contrasts strongly with the pale steamed exterior.","Natural-yam karukan is based on the southern Japanese tradition of karukan, while Mizuho producers have adapted the format as a local Tokyo specialty using cultivated Japanese yam. The product is a modern regional confection built around a traditional steamed-cake technique.",Karukan is unusual among Japanese sweets because the yam is part of the cake structure rather than only the filling. The resulting crumb is softer and more elastic than an ordinary flour-based manju.,"01 Japanese Yam
 Naturally sticky yam gives the steamed cake its spring and moisture.
 

 02 Rice Flour
 Rice flour provides the clean, light cake structure.
 

 03 Sweet Red Bean Paste
 Anko adds the principal sweetness and creates the dark center.",Steaming,N/A,Link,Image,Image,Image
Kanto,Tokyo,三鷹市,Mitaka City,キウイ甘酒,Kiwi Amazake,Kiwi Sweet Rice Drink,kee-oo-ee ah-mah-zah-keh,N/A,TRUE,TRUE,FALSE,TRUE,FALSE,N/A,"A modern Mitaka drink that blends locally grown kiwi with amazake, creating a naturally sweet, softly tart beverage with a creamy grain base. The product combines a traditional Japanese fermented rice drink with the fresh fruit character of Mitaka agriculture.","Vegan, Gluten-free",400,800,"Pale Fruit Drink
 The finished drink ranges from pale cream to light green depending on fruit concentration.
 

 Fine Kiwi Specks
 Fruit pulp may remain visible as tiny green and black flecks.
 

 Cloudy Amazake Body
 The drink is thicker and cloudier than ordinary fruit juice because of the rice base.",Kiwi Amazake was developed as a Mitaka regional product by local makers using Mitaka-grown kiwi and amazake. The city promotes it as a modern example of local agricultural produce combined with a traditional fermented beverage.,"Amazake can be made from rice koji without added distilled alcohol, so the finished drink can be non-alcoholic. Kiwi adds acidity that keeps the rice sweetness from becoming cloying.","01 Rice Koji Amazake
 Fermented rice and koji provide the naturally sweet, creamy base.
 

 02 Mitaka Kiwi
 Fresh kiwi supplies acidity, fruit aroma, and green color.
 

 03 Water
 Water balances the concentrated amazake and fruit into a drinkable consistency.","Fermenting, blending",N/A,Link,Image,Image,Image
Kanto,Tokyo,港区,Minato Ward,麻布十番の豆菓子,Azabu Juban Bean Snacks,Traditional Roasted Beans,ah-zah-boo joo-bahn no mah-meh-gah-she,N/A,TRUE,TRUE,FALSE,TRUE,FALSE,N/A,"A traditional-style bean confection associated with Azabu-Juban's long-running Mamegen shop, where roasted beans and other ingredients are coated, seasoned, or confectioned into crisp bite-sized snacks. The range balances roasted aroma, sweetness, saltiness, and texture and is strongly linked to the neighborhood's historic shopping street.","Vegan, contains soy/peanuts",400,1500,"Glossy Coated Beans
 Roasted beans carry colorful or glossy seasonings depending on the variety.
 

 Varied Crunch
 Different beans and coatings create a range of hard, crisp, and brittle textures.
 

 Traditional Gift Packaging
 Small boxes and bags present the snacks as refined Tokyo souvenirs.",Mamegen has been a bean-confectionery shop in Azabu-Juban since the nineteenth century and is widely associated with the area's bean-snack tradition. The shop developed a broad range of roasted and coated beans rather than a single recipe.,The shop's long presence helped make bean snacks part of the Azabu-Juban souvenir identity. Many varieties are designed to be eaten with tea or an alcoholic drink.,"01 Roasted Beans
 Soybeans, broad beans, peanuts, and other legumes provide the crunchy base.
 

 02 Sugar or Savory Coating
 Sweet, soy, miso, or spice coatings create the main flavor.
 

 03 Sesame or Aromatic Seasoning
 Sesame and other seasonings add fragrance and extra texture to selected varieties.","Roasting, coating",N/A,Link,Image,Image,Image
Kanto,Tokyo,三宅村,Miyake Village,赤芽さといも,Akame Satoimo,Red-Bud Taro Root,ah-kah-meh sah-toh-ee-moh,N/A,FALSE,TRUE,FALSE,TRUE,TRUE,Autumn,"A traditional taro variety from Miyakejima distinguished by its reddish-purple shoots and firm, creamy corms. Akame satoimo is used in simmered dishes and other island cooking, where its dense texture and earthy sweetness complement soy-based seasonings.","Vegan, Gluten-free",300,800,"Red-Tinged Shoots
 The young stems and upper portions show the reddish coloration that gives the variety its name.
 

 Creamy White Interior
 The cooked corm has pale flesh and a smooth, starchy texture.
 

 Rustic Whole Taro
 Small whole roots are often presented in simple simmered preparations.",Akame satoimo is a traditional agricultural variety preserved on Miyakejima as part of the island's distinctive crop heritage. Its cultivation reflects the island's adaptation to subtropical conditions and its long reliance on hardy root crops.,"The reddish color is most obvious in the young shoots, while the edible corm is much paler inside. Cooking softens the root into a creamy texture while leaving enough structure for simmered dishes.","01 Akame Taro
 The heritage root provides the starchy, creamy base.
 

 02 Dashi
 Japanese stock carries the root's delicate earthy flavor.
 

 03 Soy Sauce and Mirin
 Savory-sweet seasoning enhances the natural sweetness of the taro.",Simmering,N/A,Link,Image,Image,Image
Kanto,Tokyo,三宅村,Miyake Village,むロアジあした葉燻製,Muroaji Ashitaba Smoked Fish,Smoked Mackerel with Ashitaba,moo-roh-ah-jee ah-she-tah-bah koon-say,N/A,FALSE,FALSE,FALSE,FALSE,FALSE,N/A,"A smoked fish specialty from Miyakejima that pairs locally caught flying fish with the island's distinctive ashitaba plant. The fish is cured and gently smoked to concentrate its savory flavor, while ashitaba adds a local botanical note to the product's identity.",Contains fish,800,2000,"Golden Smoked Fish
 The fillet develops a warm amber-brown color from the smoking process.
 

 Firm Cured Flesh
 Curing gives the fish a denser texture than fresh seafood.
 

 Ashitaba Green Accent
 Ashitaba imagery or seasoning highlights the Miyakejima connection.","The product was developed as a Miyakejima specialty combining the island's flying-fish catch with ashitaba, a signature local plant. It represents modern local food processing rather than an ancient named dish.","Flying fish are naturally lean, so smoking concentrates their flavor without making the finished product as oily as richer fish. Ashitaba gives the item a distinctly island-specific identity.","01 Flying Fish
 Muroaji provides lean, savory fish flesh.
 

 02 Ashitaba
 The local leafy plant adds botanical character and regional identity.
 

 03 Smoking Salt
 Salt cures the fish while wood smoke creates aroma and the characteristic brown surface.",Smoking,N/A,Link,Image,Image,Image
Kanto,Tokyo,武蔵野市,Musashino City,武蔵野地粉うどん,Musashino Jigona Udon,Local Flour Musashino Udon,moo-sah-she-noh jee-goh-nah oo-don,N/A,FALSE,FALSE,TRUE,FALSE,FALSE,N/A,"A handmade udon made with locally associated Musashino wheat flour, emphasizing firm noodles and a rustic grain aroma. The style reflects the area's historic wheat-growing culture and is often served with a warm dipping soup rich in pork and green onion.","Contains wheat, soy",700,1500,"Hand-Cut Thick Noodles
 The noodles are broad, firm, and slightly irregular from handmade preparation.
 

 Opaque Wheat Color
 Local flour gives the cooked noodles a warm white to pale beige appearance.
 

 Separate Dipping Bowl
 A strong savory broth is served apart so the noodles stay firm.",Musashino Jigona Udon was developed to promote locally milled wheat and the area's traditional noodle culture. It draws on the older Musashino practice of growing wheat and making substantial udon rather than reproducing a single historic recipe.,"The term jigona points to local flour, emphasizing the grain's regional origin. Firm noodles are particularly good with the hot dipping broth used in Musashino-style udon.","01 Local Wheat Flour
 Regional wheat provides the principal grain aroma and noodle body.
 

 02 Water and Salt
 Water forms the dough while salt strengthens the gluten structure.
 

 03 Dipping Broth
 Pork, dashi, soy sauce, and negi create the traditional savory accompaniment.",Boiling,Green onions,Link,Image,Image,Image
Kanto,Tokyo,武蔵村山市,Musashimurayama City,村山かてうどん,Murayama Kate Udon,Murayama Vegetable Udon,moo-rah-yah-mah kah-teh oo-don,N/A,FALSE,FALSE,TRUE,FALSE,FALSE,N/A,A hearty noodle tradition from Musashimurayama in which firm wheat udon is eaten with a rich dipping soup and abundant greens or other vegetables called kate. The dish developed from local farm households that paired homemade noodles with whatever vegetables were available.,"Contains wheat, soy",800,1500,"Broad Firm Noodles
 Thick noodles show the substantial bite of handmade wheat pasta.
 

 Green Vegetable Addition
 Leafy vegetables provide a vivid contrast to the pale noodles.
 

 Dark Dipping Soup
 Pork and soy create a rich broth served separately from the noodles.","Murayama Kate Udon developed from the farming culture of the Musashino plain, where wheat was an important crop and vegetables were used to stretch a meal. The local tradition was preserved as a home-style dish and later promoted as a city specialty.","The word kate means food to eat with the noodles, especially vegetables. The dish therefore expresses the practical idea of making a filling meal from noodles plus available produce.","01 Wheat Udon
 Firm hand-made noodles provide the substantial base.
 

 02 Local Leafy Vegetables
 Greens and other seasonal vegetables provide the signature kate component.
 

 03 Pork and Soy Broth
 Pork, dashi, soy sauce, and negi make the hot dipping soup.",Boiling,"Sesame, green onions",Link,Image,Image,Image
Kanto,Tokyo,目黒区,Meguro Ward,目黒のさんま,Meguro no Sanma,Meguro Pacific Saury,meh-goo-roh no sahn-mah,N/A,FALSE,FALSE,TRUE,FALSE,TRUE,Autumn,"A Meguro civic food tradition centered on grilled Pacific saury, served as a tribute to a famous rakugo story in which the fish is celebrated as food that tastes best when cooked simply. The modern local event tradition uses charcoal-grilled sanma to connect literature, neighborhood identity, and autumn food culture.",Contains fish,500,1500,"Charcoal-Grilled Saury
 Whole fish develop deeply browned skin and crisp edges over live charcoal.
 

 Silver Skin and Char Marks
 Natural metallic skin contrasts with dark grill marks.
 

 Simple Citrus and Daikon
 Plain accompaniments keep the visual focus on the fish and its autumn character.","The Meguro saury tradition is inspired by the rakugo story Meguro no Sanma, in which a lord discovers the appeal of simply prepared saury. The modern local festival tradition grew in the twentieth century as the ward turned that literary reference into a community food event.",The rakugo joke says the fish tastes best in Meguro even though the district is inland and not a fishing port. The story became so associated with the ward that saury now serves as a local cultural symbol.,"01 Pacific Saury
 Fresh sanma provides the rich, oily fish flavor.
 

 02 Salt
 Simple salting seasons the fish and helps the skin brown over the grill.
 

 03 Grated Daikon and Citrus
 Grated daikon and a squeeze of citrus cut the fish's richness and refresh the finish.",Charcoal grilling,"Grated daikon, sudachi citrus",Link,Image,Image,Image
Chubu,Niigata,阿賀野市,Agano City,,,,,,,,,,,,,,,,,,,,,,,,,
,Niigata,阿賀町,Aga Town,,,,,,,,,,,,,,,,,,,,,,,,,
,Niigata,粟島浦村,Awashimaura Village,,,,,,,,,,,,,,,,,,,,,,,,,
,Niigata,出雲崎町,Izumozaki Town,,,,,,,,,,,,,,,,,,,,,,,,,
,Niigata,糸魚川市,Itoigawa City,,,,,,,,,,,,,,,,,,,,,,,,,
,Niigata,魚沼市,Uonuma City,,,,,,,,,,,,,,,,,,,,,,,,,
,Niigata,小千谷市,Ojiya City,,,,,,,,,,,,,,,,,,,,,,,,,
,Niigata,柏崎市,Kashiwazaki City,,,,,,,,,,,,,,,,,,,,,,,,,
,Niigata,加茂市,Kamo City,,,,,,,,,,,,,,,,,,,,,,,,,
,Niigata,刈羽村,Kariwa Village,,,,,,,,,,,,,,,,,,,,,,,,,
,Niigata,五泉市,Gosen City,,,,,,,,,,,,,,,,,,,,,,,,,
,Niigata,佐渡市,Sado City,,,,,,,,,,,,,,,,,,,,,,,,,
,Niigata,三条市,Sanjo City,,,,,,,,,,,,,,,,,,,,,,,,,
,Niigata,新発田市,Shibata City,,,,,,,,,,,,,,,,,,,,,,,,,
,Niigata,上越市,Joetsu City,,,,,,,,,,,,,,,,,,,,,,,,,
,Niigata,聖籠町,Seiro Town,,,,,,,,,,,,,,,,,,,,,,,,,
,Niigata,関川村,Sekikawa Village,,,,,,,,,,,,,,,,,,,,,,,,,
,Niigata,胎内市,Tainai City,,,,,,,,,,,,,,,,,,,,,,,,,
,Niigata,田上町,Tagami Town,,,,,,,,,,,,,,,,,,,,,,,,,
,Niigata,津南町,Tsunan Town,,,,,,,,,,,,,,,,,,,,,,,,,
,Niigata,燕市,Tsubame City,,,,,,,,,,,,,,,,,,,,,,,,,
,Niigata,十日町市,Tokamachi City,,,,,,,,,,,,,,,,,,,,,,,,,
,Niigata,長岡市,Nagaoka City,,,,,,,,,,,,,,,,,,,,,,,,,
,Niigata,新潟市,Niigata City,,,,,,,,,,,,,,,,,,,,,,,,,
,Niigata,見附市,Mitsuke City,,,,,,,,,,,,,,,,,,,,,,,,,
,Niigata,南魚沼市,Minamiuonuma City,,,,,,,,,,,,,,,,,,,,,,,,,
,Niigata,妙高市,Myoko City,,,,,,,,,,,,,,,,,,,,,,,,,
,Niigata,村上市,Murakami City,,,,,,,,,,,,,,,,,,,,,,,,,
,Niigata,弥彦村,Yahiko Village,,,,,,,,,,,,,,,,,,,,,,,,,
,Niigata,湯沢町,Yuzawa Town,,,,,,,,,,,,,,,,,,,,,,,,,
,Toyama,朝日町,Asahi Town,,,,,,,,,,,,,,,,,,,,,,,,,
,Toyama,射水市,Imizu City,,,,,,,,,,,,,,,,,,,,,,,,,
,Toyama,魚津市,Uozu City,,,,,,,,,,,,,,,,,,,,,,,,,
,Toyama,小矢部市,Oyabe City,,,,,,,,,,,,,,,,,,,,,,,,,
,Toyama,上市町,Kamiichi Town,,,,,,,,,,,,,,,,,,,,,,,,,
,Toyama,黒部市,Kurobe City,,,,,,,,,,,,,,,,,,,,,,,,,
,Toyama,高岡市,Takaoka City,,,,,,,,,,,,,,,,,,,,,,,,,
,Toyama,立山町,Tateyama Town,,,,,,,,,,,,,,,,,,,,,,,,,
,Toyama,砺波市,Tonami City,,,,,,,,,,,,,,,,,,,,,,,,,
,Toyama,富山市,Toyama City,,,,,,,,,,,,,,,,,,,,,,,,,
,Toyama,滑川市,Namerikawa City,,,,,,,,,,,,,,,,,,,,,,,,,
,Toyama,南砺市,Nanto City,,,,,,,,,,,,,,,,,,,,,,,,,
,Toyama,入善町,Nyuzen Town,,,,,,,,,,,,,,,,,,,,,,,,,
,Toyama,氷見市,Himi City,,,,,,,,,,,,,,,,,,,,,,,,,
,Toyama,舟橋村,Funahashi Village,,,,,,,,,,,,,,,,,,,,,,,,,
,Ishikawa,穴水町,Anamizu Town,,,,,,,,,,,,,,,,,,,,,,,,,
,Ishikawa,内灘町,Uchinada Town,,,,,,,,,,,,,,,,,,,,,,,,,
,Ishikawa,加賀市,Kaga City,,,,,,,,,,,,,,,,,,,,,,,,,
,Ishikawa,金沢市,Kanazawa City,,,,,,,,,,,,,,,,,,,,,,,,,
,Ishikawa,かほく市,Kahoku City,,,,,,,,,,,,,,,,,,,,,,,,,
,Ishikawa,川北町,Kawakita Town,,,,,,,,,,,,,,,,,,,,,,,,,
,Ishikawa,小松市,Komatsu City,,,,,,,,,,,,,,,,,,,,,,,,,
,Ishikawa,志賀町,Shika Town,,,,,,,,,,,,,,,,,,,,,,,,,
,Ishikawa,珠洲市,Suzu City,,,,,,,,,,,,,,,,,,,,,,,,,
,Ishikawa,津幡町,Tsubata Town,,,,,,,,,,,,,,,,,,,,,,,,,
,Ishikawa,中能登町,Nakanoto Town,,,,,,,,,,,,,,,,,,,,,,,,,
,Ishikawa,七尾市,Nanao City,,,,,,,,,,,,,,,,,,,,,,,,,
,Ishikawa,能登町,Noto Town,,,,,,,,,,,,,,,,,,,,,,,,,
,Ishikawa,野々市市,Nonoichi City,,,,,,,,,,,,,,,,,,,,,,,,,
,Ishikawa,能美市,Nomi City,,,,,,,,,,,,,,,,,,,,,,,,,
,Ishikawa,羽咋市,Hakui City,,,,,,,,,,,,,,,,,,,,,,,,,
,Ishikawa,白山市,Hakusan City,,,,,,,,,,,,,,,,,,,,,,,,,
,Ishikawa,宝達志水町,Hodatsushimizu Town,,,,,,,,,,,,,,,,,,,,,,,,,
,Ishikawa,輪島市,Wajima City,,,,,,,,,,,,,,,,,,,,,,,,,
,Fukui,あわら市,Awara City,,,,,,,,,,,,,,,,,,,,,,,,,
,Fukui,池田町,Ikeda Town,,,,,,,,,,,,,,,,,,,,,,,,,
,Fukui,永平寺町,Eiheiji Town,,,,,,,,,,,,,,,,,,,,,,,,,
,Fukui,越前市,Echizen City,,,,,,,,,,,,,,,,,,,,,,,,,
,Fukui,越前町,Echizen Town,,,,,,,,,,,,,,,,,,,,,,,,,
,Fukui,おおい町,Oi Town,,,,,,,,,,,,,,,,,,,,,,,,,
,Fukui,大野市,Ono City,,,,,,,,,,,,,,,,,,,,,,,,,
,Fukui,小浜市,Obama City,,,,,,,,,,,,,,,,,,,,,,,,,
,Fukui,勝山市,Katsuyama City,,,,,,,,,,,,,,,,,,,,,,,,,
,Fukui,坂井市,Sakai City,,,,,,,,,,,,,,,,,,,,,,,,,
,Fukui,鯖江市,Sabae City,,,,,,,,,,,,,,,,,,,,,,,,,
,Fukui,高浜町,Takahama Town,,,,,,,,,,,,,,,,,,,,,,,,,
,Fukui,敦賀市,Tsuruga City,,,,,,,,,,,,,,,,,,,,,,,,,
,Fukui,福井市,Fukui City,,,,,,,,,,,,,,,,,,,,,,,,,
,Fukui,南越前町,Minamiechizen Town,,,,,,,,,,,,,,,,,,,,,,,,,
,Fukui,美浜町,Mihama Town,,,,,,,,,,,,,,,,,,,,,,,,,
,Fukui,若狭町,Wakasa Town,,,,,,,,,,,,,,,,,,,,,,,,,
,Yamanashi,市川三郷町,Ichikawamisato Town,,,,,,,,,,,,,,,,,,,,,,,,,
,Yamanashi,上野原市,Uenohara City,,,,,,,,,,,,,,,,,,,,,,,,,
,Yamanashi,大月市,Otsuki City,,,,,,,,,,,,,,,,,,,,,,,,,
,Yamanashi,忍野村,Oshino Village,,,,,,,,,,,,,,,,,,,,,,,,,
,Yamanashi,甲斐市,Kai City,,,,,,,,,,,,,,,,,,,,,,,,,
,Yamanashi,甲州市,Koshu City,,,,,,,,,,,,,,,,,,,,,,,,,
,Yamanashi,甲府市,Kofu City,,,,,,,,,,,,,,,,,,,,,,,,,
,Yamanashi,小菅村,Kosuge Village,,,,,,,,,,,,,,,,,,,,,,,,,
,Yamanashi,昭和町,Showa Town,,,,,,,,,,,,,,,,,,,,,,,,,
,Yamanashi,丹波山村,Tabayama Village,,,,,,,,,,,,,,,,,,,,,,,,,
,Yamanashi,中央市,Chuo City,,,,,,,,,,,,,,,,,,,,,,,,,
,Yamanashi,都留市,Tsuru City,,,,,,,,,,,,,,,,,,,,,,,,,
,Yamanashi,道志村,Doshi Village,,,,,,,,,,,,,,,,,,,,,,,,,
,Yamanashi,鳴沢村,Narusawa Village,,,,,,,,,,,,,,,,,,,,,,,,,
,Yamanashi,南部町,Nanbu Town,,,,,,,,,,,,,,,,,,,,,,,,,
,Yamanashi,西桂町,Nishikatsura Town,,,,,,,,,,,,,,,,,,,,,,,,,
,Yamanashi,韮崎市,Nirasaki City,,,,,,,,,,,,,,,,,,,,,,,,,
,Yamanashi,早川町,Hayakawa Town,,,,,,,,,,,,,,,,,,,,,,,,,
,Yamanashi,笛吹市,Fuefuki City,,,,,,,,,,,,,,,,,,,,,,,,,
,Yamanashi,富士河口湖町,Fujikawaguchiko Town,,,,,,,,,,,,,,,,,,,,,,,,,
,Yamanashi,富士川町,Fujikawa Town,,,,,,,,,,,,,,,,,,,,,,,,,
,Yamanashi,富士吉田市,Fujiyoshida City,,,,,,,,,,,,,,,,,,,,,,,,,
,Yamanashi,北杜市,Hokuto City,,,,,,,,,,,,,,,,,,,,,,,,,
,Yamanashi,南アルプス市,Minami-Alps City,,,,,,,,,,,,,,,,,,,,,,,,,
,Yamanashi,身延町,Minobu Town,,,,,,,,,,,,,,,,,,,,,,,,,
,Yamanashi,山中湖村,Yamanakako Village,,,,,,,,,,,,,,,,,,,,,,,,,
,Yamanashi,山梨市,Yamanashi City,,,,,,,,,,,,,,,,,,,,,,,,,
,Nagano,青木村,Aoki Village,,,,,,,,,,,,,,,,,,,,,,,,,
,Nagano,上松町,Agematsu Town,,,,,,,,,,,,,,,,,,,,,,,,,
,Nagano,朝日村,Asahi Village,,,,,,,,,,,,,,,,,,,,,,,,,
,Nagano,阿智村,Achi Village,,,,,,,,,,,,,,,,,,,,,,,,,
,Nagano,安曇野市,Azumino City,,,,,,,,,,,,,,,,,,,,,,,,,
,Nagano,阿南町,Anan Town,,,,,,,,,,,,,,,,,,,,,,,,,
,Nagano,飯島町,Iijima Town,,,,,,,,,,,,,,,,,,,,,,,,,
,Nagano,飯田市,Iida City,,,,,,,,,,,,,,,,,,,,,,,,,
,Nagano,飯綱町,Iizuna Town,,,,,,,,,,,,,,,,,,,,,,,,,
,Nagano,飯山市,Iiyama City,,,,,,,,,,,,,,,,,,,,,,,,,
,Nagano,生坂村,Ikusaka Village,,,,,,,,,,,,,,,,,,,,,,,,,
,Nagano,池田町,Ikeda Town,,,,,,,,,,,,,,,,,,,,,,,,,
,Nagano,伊那市,Ina City,,,,,,,,,,,,,,,,,,,,,,,,,
,Nagano,上田市,Ueda City,,,,,,,,,,,,,,,,,,,,,,,,,
,Nagano,売木村,Urugi Village,,,,,,,,,,,,,,,,,,,,,,,,,
,Nagano,王滝村,Otaki Village,,,,,,,,,,,,,,,,,,,,,,,,,
,Nagano,大桑村,Okuwa Village,,,,,,,,,,,,,,,,,,,,,,,,,
,Nagano,大鹿村,Oshika Village,,,,,,,,,,,,,,,,,,,,,,,,,
,Nagano,大町市,Omachi City,,,,,,,,,,,,,,,,,,,,,,,,,
,Nagano,岡谷市,Okaya City,,,,,,,,,,,,,,,,,,,,,,,,,
,Nagano,小川村,Ogawa Village,,,,,,,,,,,,,,,,,,,,,,,,,
,Nagano,小谷村,Otari Village,,,,,,,,,,,,,,,,,,,,,,,,,
,Nagano,小布施町,Obuse Town,,,,,,,,,,,,,,,,,,,,,,,,,
,Nagano,麻績村,Omi Village,,,,,,,,,,,,,,,,,,,,,,,,,
,Nagano,軽井沢町,Karuizawa Town,,,,,,,,,,,,,,,,,,,,,,,,,
,Nagano,川上村,Kawakami Village,,,,,,,,,,,,,,,,,,,,,,,,,
,Nagano,木島平村,Kijimadaira Village,,,,,,,,,,,,,,,,,,,,,,,,,
,Nagano,木曽町,Kiso Town,,,,,,,,,,,,,,,,,,,,,,,,,
,Nagano,木祖村,Kiso Village,,,,,,,,,,,,,,,,,,,,,,,,,
,Nagano,北相木村,Kitaaiki Village,,,,,,,,,,,,,,,,,,,,,,,,,
,Nagano,小海町,Koumi Town,,,,,,,,,,,,,,,,,,,,,,,,,
,Nagano,駒ヶ根市,Komagane City,,,,,,,,,,,,,,,,,,,,,,,,,
,Nagano,小諸市,Komoro City,,,,,,,,,,,,,,,,,,,,,,,,,
,Nagano,栄村,Sakae Village,,,,,,,,,,,,,,,,,,,,,,,,,
,Nagano,坂城町,Sakaki Town,,,,,,,,,,,,,,,,,,,,,,,,,
,Nagano,佐久市,Saku City,,,,,,,,,,,,,,,,,,,,,,,,,
,Nagano,佐久穂町,Sakuho Town,,,,,,,,,,,,,,,,,,,,,,,,,
,Nagano,塩尻市,Shiojiri City,,,,,,,,,,,,,,,,,,,,,,,,,
,Nagano,信濃町,Shinano Town,,,,,,,,,,,,,,,,,,,,,,,,,
,Nagano,下條村,Shimojo Village,,,,,,,,,,,,,,,,,,,,,,,,,
,Nagano,下諏訪町,Shimosuwa Town,,,,,,,,,,,,,,,,,,,,,,,,,
,Nagano,須坂市,Suzaka City,,,,,,,,,,,,,,,,,,,,,,,,,
,Nagano,諏訪市,Suwa City,,,,,,,,,,,,,,,,,,,,,,,,,
,Nagano,喬木村,Takagi Village,,,,,,,,,,,,,,,,,,,,,,,,,
,Nagano,高森町,Takamori Town,,,,,,,,,,,,,,,,,,,,,,,,,
,Nagano,高山村,Takayama Village,,,,,,,,,,,,,,,,,,,,,,,,,
,Nagano,辰野町,Tatsuno Town,,,,,,,,,,,,,,,,,,,,,,,,,
,Nagano,立科町,Tateshina Town,,,,,,,,,,,,,,,,,,,,,,,,,
,Nagano,筑北村,Chikuhoku Village,,,,,,,,,,,,,,,,,,,,,,,,,
,Nagano,千曲市,Chikuma City,,,,,,,,,,,,,,,,,,,,,,,,,
,Nagano,茅野市,Chino City,,,,,,,,,,,,,,,,,,,,,,,,,
,Nagano,天龍村,Tenryu Village,,,,,,,,,,,,,,,,,,,,,,,,,
,Nagano,東御市,Tomi City,,,,,,,,,,,,,,,,,,,,,,,,,
,Nagano,豊丘村,Toyooka Village,,,,,,,,,,,,,,,,,,,,,,,,,
,Nagano,中川村,Nakagawa Village,,,,,,,,,,,,,,,,,,,,,,,,,
,Nagano,長野市,Nagano City,,,,,,,,,,,,,,,,,,,,,,,,,
,Nagano,中野市,Nakano City,,,,,,,,,,,,,,,,,,,,,,,,,
,Nagano,長和町,Nagawa Town,,,,,,,,,,,,,,,,,,,,,,,,,
,Nagano,南木曽町,Nagiso Town,,,,,,,,,,,,,,,,,,,,,,,,,
,Nagano,根羽村,Neba Village,,,,,,,,,,,,,,,,,,,,,,,,,
,Nagano,野沢温泉村,Nozawaonsen Village,,,,,,,,,,,,,,,,,,,,,,,,,
,Nagano,白馬村,Hakuba Village,,,,,,,,,,,,,,,,,,,,,,,,,
,Nagano,原村,Hara Village,,,,,,,,,,,,,,,,,,,,,,,,,
,Nagano,平谷村,Hiraya Village,,,,,,,,,,,,,,,,,,,,,,,,,
,Nagano,富士見町,Fujimi Town,,,,,,,,,,,,,,,,,,,,,,,,,
,Nagano,松川町,Matsukawa Town,,,,,,,,,,,,,,,,,,,,,,,,,
,Nagano,松川村,Matsukawa Village,,,,,,,,,,,,,,,,,,,,,,,,,
,Nagano,松本市,Matsumoto City,,,,,,,,,,,,,,,,,,,,,,,,,
,Nagano,南相木村,Minamiaiki Village,,,,,,,,,,,,,,,,,,,,,,,,,
,Nagano,南牧村,Minamimaki Village,,,,,,,,,,,,,,,,,,,,,,,,,
,Nagano,南箕輪村,Minamiminowa Village,,,,,,,,,,,,,,,,,,,,,,,,,
,Nagano,箕輪町,Minowa Town,,,,,,,,,,,,,,,,,,,,,,,,,
,Nagano,宮田村,Miyada Village,,,,,,,,,,,,,,,,,,,,,,,,,
,Nagano,御代田町,Miyota Town,,,,,,,,,,,,,,,,,,,,,,,,,
,Nagano,泰阜村,Yasuoka Village,,,,,,,,,,,,,,,,,,,,,,,,,
,Nagano,山形村,Yamagata Village,,,,,,,,,,,,,,,,,,,,,,,,,
,Nagano,山ノ内町,Yamanouchi Town,,,,,,,,,,,,,,,,,,,,,,,,,
,Gifu,安八町,Anpachi Town,,,,,,,,,,,,,,,,,,,,,,,,,
,Gifu,池田町,Ikeda Town,,,,,,,,,,,,,,,,,,,,,,,,,
,Gifu,揖斐川町,Ibigawa Town,,,,,,,,,,,,,,,,,,,,,,,,,
,Gifu,恵那市,Ena City,,,,,,,,,,,,,,,,,,,,,,,,,
,Gifu,大垣市,Ogaki City,,,,,,,,,,,,,,,,,,,,,,,,,
,Gifu,大野町,Ono Town,,,,,,,,,,,,,,,,,,,,,,,,,
,Gifu,海津市,Kaizu City,,,,,,,,,,,,,,,,,,,,,,,,,
,Gifu,各務原市,Kakamigahara City,,,,,,,,,,,,,,,,,,,,,,,,,
,Gifu,笠松町,Kasamatsu Town,,,,,,,,,,,,,,,,,,,,,,,,,
,Gifu,可児市,Kani City,,,,,,,,,,,,,,,,,,,,,,,,,
,Gifu,川辺町,Kawabe Town,,,,,,,,,,,,,,,,,,,,,,,,,
,Gifu,北方町,Kitagata Town,,,,,,,,,,,,,,,,,,,,,,,,,
,Gifu,岐南町,Ginan Town,,,,,,,,,,,,,,,,,,,,,,,,,
,Gifu,岐阜市,Gifu City,,,,,,,,,,,,,,,,,,,,,,,,,
,Gifu,郡上市,Gujo City,,,,,,,,,,,,,,,,,,,,,,,,,
,Gifu,下呂市,Gero City,,,,,,,,,,,,,,,,,,,,,,,,,
,Gifu,神戸町,Godo Town,,,,,,,,,,,,,,,,,,,,,,,,,
,Gifu,坂祝町,Sakahogi Town,,,,,,,,,,,,,,,,,,,,,,,,,
,Gifu,白川町,Shirakawa Town,,,,,,,,,,,,,,,,,,,,,,,,,
,Gifu,白川村,Shirakawa Village,,,,,,,,,,,,,,,,,,,,,,,,,
,Gifu,関ケ原町,Sekigahara Town,,,,,,,,,,,,,,,,,,,,,,,,,
,Gifu,関市,Seki City,,,,,,,,,,,,,,,,,,,,,,,,,
,Gifu,高山市,Takayama City,,,,,,,,,,,,,,,,,,,,,,,,,
,Gifu,多治見市,Tajimi City,,,,,,,,,,,,,,,,,,,,,,,,,
,Gifu,垂井町,Tarui Town,,,,,,,,,,,,,,,,,,,,,,,,,
,Gifu,土岐市,Toki City,,,,,,,,,,,,,,,,,,,,,,,,,
,Gifu,富加町,Tomika Town,,,,,,,,,,,,,,,,,,,,,,,,,
,Gifu,中津川市,Nakatsugawa City,,,,,,,,,,,,,,,,,,,,,,,,,
,Gifu,羽島市,Hashima City,,,,,,,,,,,,,,,,,,,,,,,,,
,Gifu,東白川村,Higashishirakawa Village,,,,,,,,,,,,,,,,,,,,,,,,,
,Gifu,飛騨市,Hida City,,,,,,,,,,,,,,,,,,,,,,,,,
,Gifu,七宗町,Hichiso Town,,,,,,,,,,,,,,,,,,,,,,,,,
,Gifu,瑞浪市,Mizunami City,,,,,,,,,,,,,,,,,,,,,,,,,
,Gifu,瑞穂市,Mizuho City,,,,,,,,,,,,,,,,,,,,,,,,,
,Gifu,御嵩町,Mitake Town,,,,,,,,,,,,,,,,,,,,,,,,,
,Gifu,美濃加茂市,Minokamo City,,,,,,,,,,,,,,,,,,,,,,,,,
,Gifu,美濃市,Mino City,,,,,,,,,,,,,,,,,,,,,,,,,
,Gifu,本巣市,Motosu City,,,,,,,,,,,,,,,,,,,,,,,,,
,Gifu,八百津町,Yaotsu Town,,,,,,,,,,,,,,,,,,,,,,,,,
,Gifu,山県市,Yamagata City,,,,,,,,,,,,,,,,,,,,,,,,,
,Gifu,養老町,Yoro Town,,,,,,,,,,,,,,,,,,,,,,,,,
,Gifu,輪之内町,Wanouchi Town,,,,,,,,,,,,,,,,,,,,,,,,,
,Shizuoka,熱海市,Atami City,,,,,,,,,,,,,,,,,,,,,,,,,
,Shizuoka,伊豆市,Izu City,,,,,,,,,,,,,,,,,,,,,,,,,
,Shizuoka,伊豆の国市,Izunokuni City,,,,,,,,,,,,,,,,,,,,,,,,,
,Shizuoka,伊東市,Ito City,,,,,,,,,,,,,,,,,,,,,,,,,
,Shizuoka,磐田市,Iwata City,,,,,,,,,,,,,,,,,,,,,,,,,
,Shizuoka,御前崎市,Omaezaki City,,,,,,,,,,,,,,,,,,,,,,,,,
,Shizuoka,小山町,Oyama Town,,,,,,,,,,,,,,,,,,,,,,,,,
,Shizuoka,掛川市,Kakegawa City,,,,,,,,,,,,,,,,,,,,,,,,,
,Shizuoka,河津町,Kawazu Town,,,,,,,,,,,,,,,,,,,,,,,,,
,Shizuoka,川根本町,Kawanehon Town,,,,,,,,,,,,,,,,,,,,,,,,,
,Shizuoka,函南町,Kannami Town,,,,,,,,,,,,,,,,,,,,,,,,,
,Shizuoka,菊川市,Kikugawa City,,,,,,,,,,,,,,,,,,,,,,,,,
,Shizuoka,湖西市,Kosai City,,,,,,,,,,,,,,,,,,,,,,,,,
,Shizuoka,御殿場市,Gotemba City,,,,,,,,,,,,,,,,,,,,,,,,,
,Shizuoka,静岡市,Shizuoka City,,,,,,,,,,,,,,,,,,,,,,,,,
,Shizuoka,島田市,Shimada City,,,,,,,,,,,,,,,,,,,,,,,,,
,Shizuoka,清水町,Shimizu Town,,,,,,,,,,,,,,,,,,,,,,,,,
,Shizuoka,下田市,Shimoda City,,,,,,,,,,,,,,,,,,,,,,,,,
,Shizuoka,裾野市,Susono City,,,,,,,,,,,,,,,,,,,,,,,,,
,Shizuoka,長泉町,Nagaizumi Town,,,,,,,,,,,,,,,,,,,,,,,,,
,Shizuoka,西伊豆町,Nishiizu Town,,,,,,,,,,,,,,,,,,,,,,,,,
,Shizuoka,沼津市,Numazu City,,,,,,,,,,,,,,,,,,,,,,,,,
,Shizuoka,浜松市,Hamamatsu City,,,,,,,,,,,,,,,,,,,,,,,,,
,Shizuoka,東伊豆町,Higashiizu Town,,,,,,,,,,,,,,,,,,,,,,,,,
,Shizuoka,袋井市,Fukuroi City,,,,,,,,,,,,,,,,,,,,,,,,,
,Shizuoka,藤枝市,Fujieda City,,,,,,,,,,,,,,,,,,,,,,,,,
,Shizuoka,富士市,Fuji City,,,,,,,,,,,,,,,,,,,,,,,,,
,Shizuoka,富士宮市,Fujinomiya City,,,,,,,,,,,,,,,,,,,,,,,,,
,Shizuoka,牧之原市,Makinohara City,,,,,,,,,,,,,,,,,,,,,,,,,
,Shizuoka,松崎町,Matsuzaki Town,,,,,,,,,,,,,,,,,,,,,,,,,
,Shizuoka,三島市,Mishima City,,,,,,,,,,,,,,,,,,,,,,,,,
,Shizuoka,南伊豆町,Minamiizu Town,,,,,,,,,,,,,,,,,,,,,,,,,
,Shizuoka,森町,Mori Town,,,,,,,,,,,,,,,,,,,,,,,,,
,Shizuoka,焼津市,Yaizu City,,,,,,,,,,,,,,,,,,,,,,,,,
,Shizuoka,吉田町,Yoshida Town,,,,,,,,,,,,,,,,,,,,,,,,,
,Aichi,愛西市,Aisai City,,,,,,,,,,,,,,,,,,,,,,,,,
,Aichi,阿久比町,Agui Town,,,,,,,,,,,,,,,,,,,,,,,,,
,Aichi,あま市,Ama City,,,,,,,,,,,,,,,,,,,,,,,,,
,Aichi,安城市,Anjo City,,,,,,,,,,,,,,,,,,,,,,,,,
,Aichi,一宮市,Ichinomiya City,,,,,,,,,,,,,,,,,,,,,,,,,
,Aichi,稲沢市,Inazawa City,,,,,,,,,,,,,,,,,,,,,,,,,
,Aichi,犬山市,Inuyama City,,,,,,,,,,,,,,,,,,,,,,,,,
,Aichi,岩倉市,Iwakura City,,,,,,,,,,,,,,,,,,,,,,,,,
,Aichi,大口町,Oguchi Town,,,,,,,,,,,,,,,,,,,,,,,,,
,Aichi,大治町,Oharu Town,,,,,,,,,,,,,,,,,,,,,,,,,
,Aichi,大府市,Obu City,,,,,,,,,,,,,,,,,,,,,,,,,
,Aichi,岡崎市,Okazaki City,,,,,,,,,,,,,,,,,,,,,,,,,
,Aichi,尾張旭市,Owariasahi City,,,,,,,,,,,,,,,,,,,,,,,,,
,Aichi,春日井市,Kasugai City,,,,,,,,,,,,,,,,,,,,,,,,,
,Aichi,蟹江町,Kanie Town,,,,,,,,,,,,,,,,,,,,,,,,,
,Aichi,蒲郡市,Gamagori City,,,,,,,,,,,,,,,,,,,,,,,,,
,Aichi,刈谷市,Kariya City,,,,,,,,,,,,,,,,,,,,,,,,,
,Aichi,北名古屋市,Kitanagoya City,,,,,,,,,,,,,,,,,,,,,,,,,
,Aichi,清須市,Kiyosu City,,,,,,,,,,,,,,,,,,,,,,,,,
,Aichi,幸田町,Kota Town,,,,,,,,,,,,,,,,,,,,,,,,,
,Aichi,江南市,Konan City,,,,,,,,,,,,,,,,,,,,,,,,,
,Aichi,小牧市,Komaki City,,,,,,,,,,,,,,,,,,,,,,,,,
,Aichi,設楽町,Shitara Town,,,,,,,,,,,,,,,,,,,,,,,,,
,Aichi,新城市,Shinshiro City,,,,,,,,,,,,,,,,,,,,,,,,,
,Aichi,瀬戸市,Seto City,,,,,,,,,,,,,,,,,,,,,,,,,
,Aichi,高浜市,Takahama City,,,,,,,,,,,,,,,,,,,,,,,,,
,Aichi,武豊町,Taketoyo Town,,,,,,,,,,,,,,,,,,,,,,,,,
,Aichi,田原市,Tahara City,,,,,,,,,,,,,,,,,,,,,,,,,
,Aichi,知多市,Chita City,,,,,,,,,,,,,,,,,,,,,,,,,
,Aichi,知立市,Chiryu City,,,,,,,,,,,,,,,,,,,,,,,,,
,Aichi,津島市,Tsushima City,,,,,,,,,,,,,,,,,,,,,,,,,
,Aichi,東栄町,Toei Town,,,,,,,,,,,,,,,,,,,,,,,,,
,Aichi,東海市,Tokai City,,,,,,,,,,,,,,,,,,,,,,,,,
,Aichi,東郷町,Togo Town,,,,,,,,,,,,,,,,,,,,,,,,,
,Aichi,常滑市,Tokoname City,,,,,,,,,,,,,,,,,,,,,,,,,
,Aichi,飛島村,Tobishima Village,,,,,,,,,,,,,,,,,,,,,,,,,
,Aichi,豊明市,Toyoake City,,,,,,,,,,,,,,,,,,,,,,,,,
,Aichi,豊川市,Toyokawa City,,,,,,,,,,,,,,,,,,,,,,,,,
,Aichi,豊田市,Toyota City,,,,,,,,,,,,,,,,,,,,,,,,,
,Aichi,豊根村,Toyone Village,,,,,,,,,,,,,,,,,,,,,,,,,
,Aichi,豊橋市,Toyohashi City,,,,,,,,,,,,,,,,,,,,,,,,,
,Aichi,豊山町,Toyoyama Town,,,,,,,,,,,,,,,,,,,,,,,,,
,Aichi,長久手市,Nagakute City,,,,,,,,,,,,,,,,,,,,,,,,,
,Aichi,名古屋市,Nagoya City,,,,,,,,,,,,,,,,,,,,,,,,,
,Aichi,西尾市,Nishio City,,,,,,,,,,,,,,,,,,,,,,,,,
,Aichi,日進市,Nisshin City,,,,,,,,,,,,,,,,,,,,,,,,,
,Aichi,半田市,Handa City,,,,,,,,,,,,,,,,,,,,,,,,,
,Aichi,東浦町,Higashiura Town,,,,,,,,,,,,,,,,,,,,,,,,,
,Aichi,扶桑町,Fuso Town,,,,,,,,,,,,,,,,,,,,,,,,,
,Aichi,碧南市,Hekinan City,,,,,,,,,,,,,,,,,,,,,,,,,
,Aichi,南知多町,Minamichita Town,,,,,,,,,,,,,,,,,,,,,,,,,
,Aichi,美浜町,Mihama Town,,,,,,,,,,,,,,,,,,,,,,,,,
,Aichi,みよし市,Miyoshi City,,,,,,,,,,,,,,,,,,,,,,,,,
,Aichi,弥富市,Yatomi City,,,,,,,,,,,,,,,,,,,,,,,,,
Kansai,Mie,朝日町,Asahi Town,,,,,,,,,,,,,,,,,,,,,,,,,
,Mie,伊賀市,Iga City,,,,,,,,,,,,,,,,,,,,,,,,,
,Mie,伊勢市,Ise City,,,,,,,,,,,,,,,,,,,,,,,,,
,Mie,いなべ市,Inabe City,,,,,,,,,,,,,,,,,,,,,,,,,
,Mie,大台町,Odai Town,,,,,,,,,,,,,,,,,,,,,,,,,
,Mie,尾鷲市,Owase City,,,,,,,,,,,,,,,,,,,,,,,,,
,Mie,亀山市,Kameyama City,,,,,,,,,,,,,,,,,,,,,,,,,
,Mie,川越町,Kawagoe Town,,,,,,,,,,,,,,,,,,,,,,,,,
,Mie,木曽岬町,Kisosaki Town,,,,,,,,,,,,,,,,,,,,,,,,,
,Mie,紀宝町,Kiho Town,,,,,,,,,,,,,,,,,,,,,,,,,
,Mie,紀北町,Kihoku Town,,,,,,,,,,,,,,,,,,,,,,,,,
,Mie,熊野市,Kumano City,,,,,,,,,,,,,,,,,,,,,,,,,
,Mie,桑名市,Kuwana City,,,,,,,,,,,,,,,,,,,,,,,,,
,Mie,菰野町,Komono Town,,,,,,,,,,,,,,,,,,,,,,,,,
,Mie,志摩市,Shima City,,,,,,,,,,,,,,,,,,,,,,,,,
,Mie,鈴鹿市,Suzuka City,,,,,,,,,,,,,,,,,,,,,,,,,
,Mie,大紀町,Taiki Town,,,,,,,,,,,,,,,,,,,,,,,,,
,Mie,多気町,Taki Town,,,,,,,,,,,,,,,,,,,,,,,,,
,Mie,玉城町,Tamaki Town,,,,,,,,,,,,,,,,,,,,,,,,,
,Mie,津市,Tsu City,,,,,,,,,,,,,,,,,,,,,,,,,
,Mie,東員町,Toin Town,,,,,,,,,,,,,,,,,,,,,,,,,
,Mie,鳥羽市,Toba City,,,,,,,,,,,,,,,,,,,,,,,,,
,Mie,名張市,Nabari City,,,,,,,,,,,,,,,,,,,,,,,,,
,Mie,松阪市,Matsusaka City,,,,,,,,,,,,,,,,,,,,,,,,,
,Mie,南伊勢町,Minamiise Town,,,,,,,,,,,,,,,,,,,,,,,,,
,Mie,御浜町,Mihama Town,,,,,,,,,,,,,,,,,,,,,,,,,
,Mie,明和町,Meiwa Town,,,,,,,,,,,,,,,,,,,,,,,,,
,Mie,四日市市,Yokkaichi City,,,,,,,,,,,,,,,,,,,,,,,,,
,Mie,度会町,Watarai Town,,,,,,,,,,,,,,,,,,,,,,,,,
,Shiga,愛荘町,Aisho Town,,,,,,,,,,,,,,,,,,,,,,,,,
,Shiga,近江八幡市,Omihachiman City,,,,,,,,,,,,,,,,,,,,,,,,,
,Shiga,大津市,Otsu City,,,,,,,,,,,,,,,,,,,,,,,,,
,Shiga,草津市,Kusatsu City,,,,,,,,,,,,,,,,,,,,,,,,,
,Shiga,甲賀市,Koka City,,,,,,,,,,,,,,,,,,,,,,,,,
,Shiga,甲良町,Kora Town,,,,,,,,,,,,,,,,,,,,,,,,,
,Shiga,湖南市,Konan City,,,,,,,,,,,,,,,,,,,,,,,,,
,Shiga,高島市,Takashima City,,,,,,,,,,,,,,,,,,,,,,,,,
,Shiga,多賀町,Taga Town,,,,,,,,,,,,,,,,,,,,,,,,,
,Shiga,豊郷町,Toyosato Town,,,,,,,,,,,,,,,,,,,,,,,,,
,Shiga,長浜市,Nagahama City,,,,,,,,,,,,,,,,,,,,,,,,,
,Shiga,東近江市,Higashiomi City,,,,,,,,,,,,,,,,,,,,,,,,,
,Shiga,彦根市,Hikone City,,,,,,,,,,,,,,,,,,,,,,,,,
,Shiga,日野町,Hino Town,,,,,,,,,,,,,,,,,,,,,,,,,
,Shiga,米原市,Maibara City,,,,,,,,,,,,,,,,,,,,,,,,,
,Shiga,守山市,Moriyama City,,,,,,,,,,,,,,,,,,,,,,,,,
,Shiga,野洲市,Yasu City,,,,,,,,,,,,,,,,,,,,,,,,,
,Shiga,栗東市,Ritto City,,,,,,,,,,,,,,,,,,,,,,,,,
,Shiga,竜王町,Ryuo Town,,,,,,,,,,,,,,,,,,,,,,,,,
Kansai,Kyoto,綾部市,Ayabe City,,,,,,,,,,,,,,,,,,,,,,,,,
,Kyoto,井手町,Ide Town,,,,,,,,,,,,,,,,,,,,,,,,,
,Kyoto,伊根町,Ine Town,,,,,,,,,,,,,,,,,,,,,,,,,
,Kyoto,宇治市,Uji City,,,,,,,,,,,,,,,,,,,,,,,,,
,Kyoto,宇治田原町,Ujitawara Town,,,,,,,,,,,,,,,,,,,,,,,,,
,Kyoto,大山崎町,Oyamazaki Town,,,,,,,,,,,,,,,,,,,,,,,,,
,Kyoto,笠置町,Kasagi Town,,,,,,,,,,,,,,,,,,,,,,,,,
,Kyoto,亀岡市,Kameoka City,,,,,,,,,,,,,,,,,,,,,,,,,
,Kyoto,木津川市,Kizugawa City,,,,,,,,,,,,,,,,,,,,,,,,,
,Kyoto,京田辺市,Kyotanabe City,,,,,,,,,,,,,,,,,,,,,,,,,
,Kyoto,京丹後市,Kyotango City,,,,,,,,,,,,,,,,,,,,,,,,,
,Kyoto,京丹波町,Kyotamba Town,,,,,,,,,,,,,,,,,,,,,,,,,
,Kyoto,京都市,Kyoto City,,,,,,,,,,,,,,,,,,,,,,,,,
,Kyoto,久御山町,Kumiyama Town,,,,,,,,,,,,,,,,,,,,,,,,,
,Kyoto,城陽市,Joyo City,,,,,,,,,,,,,,,,,,,,,,,,,
,Kyoto,精華町,Seika Town,,,,,,,,,,,,,,,,,,,,,,,,,
,Kyoto,長岡京市,Nagaokakyo City,,,,,,,,,,,,,,,,,,,,,,,,,
,Kyoto,南丹市,Nantan City,,,,,,,,,,,,,,,,,,,,,,,,,
,Kyoto,福知山市,Fukuchiyama City,,,,,,,,,,,,,,,,,,,,,,,,,
,Kyoto,舞鶴市,Maizuru City,,,,,,,,,,,,,,,,,,,,,,,,,
,Kyoto,南山城村,Minamiyamashiro Village,,,,,,,,,,,,,,,,,,,,,,,,,
,Kyoto,宮津市,Miyazu City,,,,,,,,,,,,,,,,,,,,,,,,,
,Kyoto,向日市,Muko City,,,,,,,,,,,,,,,,,,,,,,,,,
,Kyoto,八幡市,Yawata City,,,,,,,,,,,,,,,,,,,,,,,,,
,Kyoto,与謝野町,Yosano Town,,,,,,,,,,,,,,,,,,,,,,,,,
,Kyoto,和束町,Wazuka Town,,,,,,,,,,,,,,,,,,,,,,,,,
,Osaka,池田市,Ikeda City,,,,,,,,,,,,,,,,,,,,,,,,,
,Osaka,泉大津市,Izumiotsu City,,,,,,,,,,,,,,,,,,,,,,,,,
,Osaka,泉佐野市,Izumisano City,,,,,,,,,,,,,,,,,,,,,,,,,
,Osaka,和泉市,Izumi City,,,,,,,,,,,,,,,,,,,,,,,,,
,Osaka,茨木市,Ibaraki City,,,,,,,,,,,,,,,,,,,,,,,,,
,Osaka,大阪狭山市,Osakasayama City,,,,,,,,,,,,,,,,,,,,,,,,,
,Osaka,大阪市,Osaka City,,,,,,,,,,,,,,,,,,,,,,,,,
,Osaka,貝塚市,Kaizuka City,,,,,,,,,,,,,,,,,,,,,,,,,
,Osaka,柏原市,Kashiwara City,,,,,,,,,,,,,,,,,,,,,,,,,
,Osaka,交野市,Katano City,,,,,,,,,,,,,,,,,,,,,,,,,
,Osaka,門真市,Kadoma City,,,,,,,,,,,,,,,,,,,,,,,,,
,Osaka,河南町,Kanan Town,,,,,,,,,,,,,,,,,,,,,,,,,
,Osaka,河内長野市,Kawachinagano City,,,,,,,,,,,,,,,,,,,,,,,,,
,Osaka,岸和田市,Kishiwada City,,,,,,,,,,,,,,,,,,,,,,,,,
,Osaka,熊取町,Kumatori Town,,,,,,,,,,,,,,,,,,,,,,,,,
,Osaka,堺市,Sakai City,,,,,,,,,,,,,,,,,,,,,,,,,
,Osaka,四條畷市,Shijonawate City,,,,,,,,,,,,,,,,,,,,,,,,,
,Osaka,島本町,Shimamoto Town,,,,,,,,,,,,,,,,,,,,,,,,,
,Osaka,吹田市,Suita City,,,,,,,,,,,,,,,,,,,,,,,,,
,Osaka,摂津市,Settsu City,,,,,,,,,,,,,,,,,,,,,,,,,
,Osaka,泉南市,Sennan City,,,,,,,,,,,,,,,,,,,,,,,,,
,Osaka,太子町,Taishi Town,,,,,,,,,,,,,,,,,,,,,,,,,
,Osaka,大東市,Daito City,,,,,,,,,,,,,,,,,,,,,,,,,
,Osaka,高石市,Takaishi City,,,,,,,,,,,,,,,,,,,,,,,,,
,Osaka,高槻市,Takatsuki City,,,,,,,,,,,,,,,,,,,,,,,,,
,Osaka,田尻町,Tajiri Town,,,,,,,,,,,,,,,,,,,,,,,,,
,Osaka,忠岡町,Tadaoka Town,,,,,,,,,,,,,,,,,,,,,,,,,
,Osaka,千早赤阪村,Chihayaakasaka Village,,,,,,,,,,,,,,,,,,,,,,,,,
,Osaka,豊中市,Toyonaka City,,,,,,,,,,,,,,,,,,,,,,,,,
,Osaka,豊能町,Toyono Town,,,,,,,,,,,,,,,,,,,,,,,,,
,Osaka,富田林市,Tondabayashi City,,,,,,,,,,,,,,,,,,,,,,,,,
,Osaka,寝屋川市,Neyagawa City,,,,,,,,,,,,,,,,,,,,,,,,,
,Osaka,能勢町,Nose Town,,,,,,,,,,,,,,,,,,,,,,,,,
,Osaka,羽曳野市,Habikino City,,,,,,,,,,,,,,,,,,,,,,,,,
,Osaka,阪南市,Hannan City,,,,,,,,,,,,,,,,,,,,,,,,,
,Osaka,東大阪市,Higashiosaka City,,,,,,,,,,,,,,,,,,,,,,,,,
,Osaka,枚方市,Hirakata City,,,,,,,,,,,,,,,,,,,,,,,,,
,Osaka,藤井寺市,Fujiidera City,,,,,,,,,,,,,,,,,,,,,,,,,
,Osaka,松原市,Matsubara City,,,,,,,,,,,,,,,,,,,,,,,,,
,Osaka,岬町,Misaki Town,,,,,,,,,,,,,,,,,,,,,,,,,
,Osaka,箕面市,Minoh City,,,,,,,,,,,,,,,,,,,,,,,,,
,Osaka,守口市,Moriguchi City,,,,,,,,,,,,,,,,,,,,,,,,,
,Osaka,八尾市,Yao City,,,,,,,,,,,,,,,,,,,,,,,,,
,Hyogo,相生市,Aioi City,,,,,,,,,,,,,,,,,,,,,,,,,
,Hyogo,明石市,Akashi City,,,,,,,,,,,,,,,,,,,,,,,,,
,Hyogo,赤穂市,Ako City,,,,,,,,,,,,,,,,,,,,,,,,,
,Hyogo,朝来市,Asago City,,,,,,,,,,,,,,,,,,,,,,,,,
,Hyogo,芦屋市,Ashiya City,,,,,,,,,,,,,,,,,,,,,,,,,
,Hyogo,尼崎市,Amagasaki City,,,,,,,,,,,,,,,,,,,,,,,,,
,Hyogo,淡路市,Awaji City,,,,,,,,,,,,,,,,,,,,,,,,,
,Hyogo,伊丹市,Itami City,,,,,,,,,,,,,,,,,,,,,,,,,
,Hyogo,市川町,Ichikawa Town,,,,,,,,,,,,,,,,,,,,,,,,,
,Hyogo,猪名川町,Inagawa Town,,,,,,,,,,,,,,,,,,,,,,,,,
,Hyogo,稲美町,Inami Town,,,,,,,,,,,,,,,,,,,,,,,,,
,Hyogo,小野市,Ono City,,,,,,,,,,,,,,,,,,,,,,,,,
,Hyogo,加古川市,Kakogawa City,,,,,,,,,,,,,,,,,,,,,,,,,
,Hyogo,加西市,Kasai City,,,,,,,,,,,,,,,,,,,,,,,,,
,Hyogo,加東市,Kato City,,,,,,,,,,,,,,,,,,,,,,,,,
,Hyogo,神河町,Kamikawa Town,,,,,,,,,,,,,,,,,,,,,,,,,
,Hyogo,上郡町,Kamigori Town,,,,,,,,,,,,,,,,,,,,,,,,,
,Hyogo,香美町,Kami Town,,,,,,,,,,,,,,,,,,,,,,,,,
,Hyogo,川西市,Kawanishi City,,,,,,,,,,,,,,,,,,,,,,,,,
,Hyogo,神戸市,Kobe City,,,,,,,,,,,,,,,,,,,,,,,,,
,Hyogo,佐用町,Sayo Town,,,,,,,,,,,,,,,,,,,,,,,,,
,Hyogo,三田市,Sanda City,,,,,,,,,,,,,,,,,,,,,,,,,
,Hyogo,宍粟市,Shiso City,,,,,,,,,,,,,,,,,,,,,,,,,
,Hyogo,新温泉町,Shinonsen Town,,,,,,,,,,,,,,,,,,,,,,,,,
,Hyogo,洲本市,Sumoto City,,,,,,,,,,,,,,,,,,,,,,,,,
,Hyogo,太子町,Taishi Town,,,,,,,,,,,,,,,,,,,,,,,,,
,Hyogo,高砂市,Takasago City,,,,,,,,,,,,,,,,,,,,,,,,,
,Hyogo,多可町,Taka Town,,,,,,,,,,,,,,,,,,,,,,,,,
,Hyogo,宝塚市,Takarazuka City,,,,,,,,,,,,,,,,,,,,,,,,,
,Hyogo,たつの市,Tatsuno City,,,,,,,,,,,,,,,,,,,,,,,,,
,Hyogo,丹波篠山市,Tamba Sasayama City,,,,,,,,,,,,,,,,,,,,,,,,,
,Hyogo,丹波市,Tamba City,,,,,,,,,,,,,,,,,,,,,,,,,
,Hyogo,豊岡市,Toyooka City,,,,,,,,,,,,,,,,,,,,,,,,,
,Hyogo,西宮市,Nishinomiya City,,,,,,,,,,,,,,,,,,,,,,,,,
,Hyogo,西脇市,Nishiwaki City,,,,,,,,,,,,,,,,,,,,,,,,,
,Hyogo,播磨町,Harima Town,,,,,,,,,,,,,,,,,,,,,,,,,
,Hyogo,姫路市,Himeji City,,,,,,,,,,,,,,,,,,,,,,,,,
,Hyogo,福崎町,Fukusaki Town,,,,,,,,,,,,,,,,,,,,,,,,,
,Hyogo,三木市,Miki City,,,,,,,,,,,,,,,,,,,,,,,,,
,Hyogo,南あわじ市,Minamiawaji City,,,,,,,,,,,,,,,,,,,,,,,,,
,Hyogo,養父市,Yabu City,,,,,,,,,,,,,,,,,,,,,,,,,
,Nara,明日香村,Asuka Village,,,,,,,,,,,,,,,,,,,,,,,,,
,Nara,安堵町,Ando Town,,,,,,,,,,,,,,,,,,,,,,,,,
,Nara,斑鳩町,Ikaruga Town,,,,,,,,,,,,,,,,,,,,,,,,,
,Nara,生駒市,Ikoma City,,,,,,,,,,,,,,,,,,,,,,,,,
,Nara,宇陀市,Uda City,,,,,,,,,,,,,,,,,,,,,,,,,
,Nara,王寺町,Oji Town,,,,,,,,,,,,,,,,,,,,,,,,,
,Nara,大淀町,Oyodo Town,,,,,,,,,,,,,,,,,,,,,,,,,
,Nara,香芝市,Kashiba City,,,,,,,,,,,,,,,,,,,,,,,,,
,Nara,橿原市,Kashihara City,,,,,,,,,,,,,,,,,,,,,,,,,
,Nara,葛城市,Katsuragi City,,,,,,,,,,,,,,,,,,,,,,,,,
,Nara,上北山村,Kamikitayama Village,,,,,,,,,,,,,,,,,,,,,,,,,
,Nara,河合町,Kawai Town,,,,,,,,,,,,,,,,,,,,,,,,,
,Nara,川上村,Kawakami Village,,,,,,,,,,,,,,,,,,,,,,,,,
,Nara,川西町,Kawanishi Town,,,,,,,,,,,,,,,,,,,,,,,,,
,Nara,上牧町,Kanmaki Town,,,,,,,,,,,,,,,,,,,,,,,,,
,Nara,黒滝村,Kurotaki Village,,,,,,,,,,,,,,,,,,,,,,,,,
,Nara,広陵町,Koryo Town,,,,,,,,,,,,,,,,,,,,,,,,,
,Nara,五條市,Gojo City,,,,,,,,,,,,,,,,,,,,,,,,,
,Nara,御所市,Gose City,,,,,,,,,,,,,,,,,,,,,,,,,
,Nara,桜井市,Sakurai City,,,,,,,,,,,,,,,,,,,,,,,,,
,Nara,三郷町,Sango Town,,,,,,,,,,,,,,,,,,,,,,,,,
,Nara,下市町,Shimoichi Town,,,,,,,,,,,,,,,,,,,,,,,,,
,Nara,下北山村,Shimokitayama Village,,,,,,,,,,,,,,,,,,,,,,,,,
,Nara,曽爾村,Soni Village,,,,,,,,,,,,,,,,,,,,,,,,,
,Nara,高取町,Takatori Town,,,,,,,,,,,,,,,,,,,,,,,,,
,Nara,田原本町,Tawaramoto Town,,,,,,,,,,,,,,,,,,,,,,,,,
,Nara,天川村,Tenkawa Village,,,,,,,,,,,,,,,,,,,,,,,,,
,Nara,天理市,Tenri City,,,,,,,,,,,,,,,,,,,,,,,,,
,Nara,十津川村,Totsukawa Village,,,,,,,,,,,,,,,,,,,,,,,,,
,Nara,奈良市,Nara City,,,,,,,,,,,,,,,,,,,,,,,,,
,Nara,野迫川村,Nosegawa Village,,,,,,,,,,,,,,,,,,,,,,,,,
,Nara,東吉野村,Higashiyoshino Village,,,,,,,,,,,,,,,,,,,,,,,,,
,Nara,平群町,Heguri Town,,,,,,,,,,,,,,,,,,,,,,,,,
,Nara,御杖村,Mitsue Village,,,,,,,,,,,,,,,,,,,,,,,,,
,Nara,三宅町,Miyake Town,,,,,,,,,,,,,,,,,,,,,,,,,
,Nara,山添村,Yamazoe Village,,,,,,,,,,,,,,,,,,,,,,,,,
,Nara,大和郡山市,Yamatokoriyama City,,,,,,,,,,,,,,,,,,,,,,,,,
,Nara,大和高田市,Yamatotakada City,,,,,,,,,,,,,,,,,,,,,,,,,
,Nara,吉野町,Yoshino Town,,,,,,,,,,,,,,,,,,,,,,,,,
,Wakayama,有田川町,Aridagawa Town,,,,,,,,,,,,,,,,,,,,,,,,,
,Wakayama,有田市,Arida City,,,,,,,,,,,,,,,,,,,,,,,,,
,Wakayama,印南町,Inami Town,,,,,,,,,,,,,,,,,,,,,,,,,
,Wakayama,岩出市,Iwade City,,,,,,,,,,,,,,,,,,,,,,,,,
,Wakayama,海南市,Kainan City,,,,,,,,,,,,,,,,,,,,,,,,,
,Wakayama,かつらぎ町,Katsuragi Town,,,,,,,,,,,,,,,,,,,,,,,,,
,Wakayama,上富田町,Kamitonda Town,,,,,,,,,,,,,,,,,,,,,,,,,
,Wakayama,北山村,Kitayama Village,,,,,,,,,,,,,,,,,,,,,,,,,
,Wakayama,紀の川市,Kinokawa City,,,,,,,,,,,,,,,,,,,,,,,,,
,Wakayama,紀美野町,Kimino Town,,,,,,,,,,,,,,,,,,,,,,,,,
,Wakayama,串本町,Kushimoto Town,,,,,,,,,,,,,,,,,,,,,,,,,
,Wakayama,九度山町,Kudoyama Town,,,,,,,,,,,,,,,,,,,,,,,,,
,Wakayama,高野町,Koya Town,,,,,,,,,,,,,,,,,,,,,,,,,
,Wakayama,古座川町,Kozagawa Town,,,,,,,,,,,,,,,,,,,,,,,,,
,Wakayama,御坊市,Gobo City,,,,,,,,,,,,,,,,,,,,,,,,,
,Wakayama,白浜町,Shirahama Town,,,,,,,,,,,,,,,,,,,,,,,,,
,Wakayama,新宮市,Shingu City,,,,,,,,,,,,,,,,,,,,,,,,,
,Wakayama,すさみ町,Susami Town,,,,,,,,,,,,,,,,,,,,,,,,,
,Wakayama,太地町,Taiji Town,,,,,,,,,,,,,,,,,,,,,,,,,
,Wakayama,田辺市,Tanabe City,,,,,,,,,,,,,,,,,,,,,,,,,
,Wakayama,那智勝浦町,Nachikatsuura Town,,,,,,,,,,,,,,,,,,,,,,,,,
,Wakayama,橋本市,Hashimoto City,,,,,,,,,,,,,,,,,,,,,,,,,
,Wakayama,日高川町,Hidakagawa Town,,,,,,,,,,,,,,,,,,,,,,,,,
,Wakayama,日高町,Hidaka Town,,,,,,,,,,,,,,,,,,,,,,,,,
,Wakayama,広川町,Hirogawa Town,,,,,,,,,,,,,,,,,,,,,,,,,
,Wakayama,みなべ町,Minabe Town,,,,,,,,,,,,,,,,,,,,,,,,,
,Wakayama,美浜町,Mihama Town,,,,,,,,,,,,,,,,,,,,,,,,,
,Wakayama,湯浅町,Yuasa Town,,,,,,,,,,,,,,,,,,,,,,,,,
,Wakayama,由良町,Yura Town,,,,,,,,,,,,,,,,,,,,,,,,,
,Wakayama,和歌山市,Wakayama City,,,,,,,,,,,,,,,,,,,,,,,,,
Chugoku,Tottori,岩美町,Iwami Town,,,,,,,,,,,,,,,,,,,,,,,,,
,Tottori,倉吉市,Kurayoshi City,,,,,,,,,,,,,,,,,,,,,,,,,
,Tottori,江府町,Kofu Town,,,,,,,,,,,,,,,,,,,,,,,,,
,Tottori,琴浦町,Kotoura Town,,,,,,,,,,,,,,,,,,,,,,,,,
,Tottori,境港市,Sakaiminato City,,,,,,,,,,,,,,,,,,,,,,,,,
,Tottori,大山町,Daisen Town,,,,,,,,,,,,,,,,,,,,,,,,,
,Tottori,智頭町,Chizu Town,,,,,,,,,,,,,,,,,,,,,,,,,
,Tottori,鳥取市,Tottori City,,,,,,,,,,,,,,,,,,,,,,,,,
,Tottori,南部町,Nanbu Town,,,,,,,,,,,,,,,,,,,,,,,,,
,Tottori,日南町,Nichinan Town,,,,,,,,,,,,,,,,,,,,,,,,,
,Tottori,日吉津村,Hiezu Village,,,,,,,,,,,,,,,,,,,,,,,,,
,Tottori,日野町,Hino Town,,,,,,,,,,,,,,,,,,,,,,,,,
,Tottori,伯耆町,Hoki Town,,,,,,,,,,,,,,,,,,,,,,,,,
,Tottori,北栄町,Hokuei Town,,,,,,,,,,,,,,,,,,,,,,,,,
,Tottori,三朝町,Misasa Town,,,,,,,,,,,,,,,,,,,,,,,,,
,Tottori,八頭町,Yazu Town,,,,,,,,,,,,,,,,,,,,,,,,,
,Tottori,湯梨浜町,Yurihama Town,,,,,,,,,,,,,,,,,,,,,,,,,
,Tottori,米子市,Yonago City,,,,,,,,,,,,,,,,,,,,,,,,,
,Tottori,若桜町,Wakasa Town,,,,,,,,,,,,,,,,,,,,,,,,,
,Shimane,海士町,Ama Town,,,,,,,,,,,,,,,,,,,,,,,,,
,Shimane,飯南町,Iinan Town,,,,,,,,,,,,,,,,,,,,,,,,,
,Shimane,出雲市,Izumo City,,,,,,,,,,,,,,,,,,,,,,,,,
,Shimane,雲南市,Unnan City,,,,,,,,,,,,,,,,,,,,,,,,,
,Shimane,大田市,Oda City,,,,,,,,,,,,,,,,,,,,,,,,,
,Shimane,邑南町,Onan Town,,,,,,,,,,,,,,,,,,,,,,,,,
,Shimane,隠岐の島町,Okinoshima Town,,,,,,,,,,,,,,,,,,,,,,,,,
,Shimane,奥出雲町,Okuizumo Town,,,,,,,,,,,,,,,,,,,,,,,,,
,Shimane,川本町,Kawamoto Town,,,,,,,,,,,,,,,,,,,,,,,,,
,Shimane,江津市,Gotsu City,,,,,,,,,,,,,,,,,,,,,,,,,
,Shimane,知夫村,Chibu Village,,,,,,,,,,,,,,,,,,,,,,,,,
,Shimane,津和野町,Tsuwano Town,,,,,,,,,,,,,,,,,,,,,,,,,
,Shimane,西ノ島町,Nishinoshima Town,,,,,,,,,,,,,,,,,,,,,,,,,
,Shimane,浜田市,Hamada City,,,,,,,,,,,,,,,,,,,,,,,,,
,Shimane,益田市,Masuda City,,,,,,,,,,,,,,,,,,,,,,,,,
,Shimane,松江市,Matsue City,,,,,,,,,,,,,,,,,,,,,,,,,
,Shimane,美郷町,Misato Town,,,,,,,,,,,,,,,,,,,,,,,,,
,Shimane,安来市,Yasugi City,,,,,,,,,,,,,,,,,,,,,,,,,
,Shimane,吉賀町,Yoshika Town,,,,,,,,,,,,,,,,,,,,,,,,,
,Okayama,赤磐市,Akaiwa City,,,,,,,,,,,,,,,,,,,,,,,,,
,Okayama,浅口市,Asakuchi City,,,,,,,,,,,,,,,,,,,,,,,,,
,Okayama,井原市,Ibara City,,,,,,,,,,,,,,,,,,,,,,,,,
,Okayama,岡山市,Okayama City,,,,,,,,,,,,,,,,,,,,,,,,,
,Okayama,鏡野町,Kagamino Town,,,,,,,,,,,,,,,,,,,,,,,,,
,Okayama,笠岡市,Kasaoka City,,,,,,,,,,,,,,,,,,,,,,,,,
,Okayama,吉備中央町,Kibichuo Town,,,,,,,,,,,,,,,,,,,,,,,,,
,Okayama,久米南町,Kumenan Town,,,,,,,,,,,,,,,,,,,,,,,,,
,Okayama,倉敷市,Kurashiki City,,,,,,,,,,,,,,,,,,,,,,,,,
,Okayama,里庄町,Satosho Town,,,,,,,,,,,,,,,,,,,,,,,,,
,Okayama,勝央町,Shoo Town,,,,,,,,,,,,,,,,,,,,,,,,,
,Okayama,新庄村,Shinjo Village,,,,,,,,,,,,,,,,,,,,,,,,,
,Okayama,瀬戸内市,Setouchi City,,,,,,,,,,,,,,,,,,,,,,,,,
,Okayama,総社市,Soja City,,,,,,,,,,,,,,,,,,,,,,,,,
,Okayama,高梁市,Takahashi City,,,,,,,,,,,,,,,,,,,,,,,,,
,Okayama,玉野市,Tamano City,,,,,,,,,,,,,,,,,,,,,,,,,
,Okayama,津山市,Tsuyama City,,,,,,,,,,,,,,,,,,,,,,,,,
,Okayama,奈義町,Nagi Town,,,,,,,,,,,,,,,,,,,,,,,,,
,Okayama,新見市,Niimi City,,,,,,,,,,,,,,,,,,,,,,,,,
,Okayama,西粟倉村,Nishiawakura Village,,,,,,,,,,,,,,,,,,,,,,,,,
,Okayama,早島町,Hayashima Town,,,,,,,,,,,,,,,,,,,,,,,,,
,Okayama,備前市,Bizen City,,,,,,,,,,,,,,,,,,,,,,,,,
,Okayama,真庭市,Maniwa City,,,,,,,,,,,,,,,,,,,,,,,,,
,Okayama,美咲町,Misaki Town,,,,,,,,,,,,,,,,,,,,,,,,,
,Okayama,美作市,Mimasaka City,,,,,,,,,,,,,,,,,,,,,,,,,
,Okayama,矢掛町,Yakage Town,,,,,,,,,,,,,,,,,,,,,,,,,
,Okayama,和気町,Wake Town,,,,,,,,,,,,,,,,,,,,,,,,,
,Hiroshima,安芸太田町,Akiota Town,,,,,,,,,,,,,,,,,,,,,,,,,
,Hiroshima,安芸高田市,Akitakata City,,,,,,,,,,,,,,,,,,,,,,,,,
,Hiroshima,江田島市,Etajima City,,,,,,,,,,,,,,,,,,,,,,,,,
,Hiroshima,大崎上島町,Osakikamijima Town,,,,,,,,,,,,,,,,,,,,,,,,,
,Hiroshima,大竹市,Otake City,,,,,,,,,,,,,,,,,,,,,,,,,
,Hiroshima,尾道市,Onomichi City,,,,,,,,,,,,,,,,,,,,,,,,,
,Hiroshima,海田町,Kaita Town,,,,,,,,,,,,,,,,,,,,,,,,,
,Hiroshima,北広島町,Kitahiroshima Town,,,,,,,,,,,,,,,,,,,,,,,,,
,Hiroshima,熊野町,Kumano Town,,,,,,,,,,,,,,,,,,,,,,,,,
,Hiroshima,呉市,Kure City,,,,,,,,,,,,,,,,,,,,,,,,,
,Hiroshima,坂町,Saka Town,,,,,,,,,,,,,,,,,,,,,,,,,
,Hiroshima,庄原市,Shobara City,,,,,,,,,,,,,,,,,,,,,,,,,
,Hiroshima,神石高原町,Jinsekikogen Town,,,,,,,,,,,,,,,,,,,,,,,,,
,Hiroshima,世羅町,Sera Town,,,,,,,,,,,,,,,,,,,,,,,,,
,Hiroshima,竹原市,Takehara City,,,,,,,,,,,,,,,,,,,,,,,,,
,Hiroshima,廿日市市,Hatsukaichi City,,,,,,,,,,,,,,,,,,,,,,,,,
,Hiroshima,東広島市,Higashihiroshima City,,,,,,,,,,,,,,,,,,,,,,,,,
,Hiroshima,広島市,Hiroshima City,,,,,,,,,,,,,,,,,,,,,,,,,
,Hiroshima,福山市,Fukuyama City,,,,,,,,,,,,,,,,,,,,,,,,,
,Hiroshima,府中市,Fuchu City,,,,,,,,,,,,,,,,,,,,,,,,,
,Hiroshima,府中町,Fuchu Town,,,,,,,,,,,,,,,,,,,,,,,,,
,Hiroshima,三原市,Mihara City,,,,,,,,,,,,,,,,,,,,,,,,,
,Hiroshima,三次市,Miyoshi City,,,,,,,,,,,,,,,,,,,,,,,,,
,Yamaguchi,阿武町,Abu Town,,,,,,,,,,,,,,,,,,,,,,,,,
,Yamaguchi,岩国市,Iwakuni City,,,,,,,,,,,,,,,,,,,,,,,,,
,Yamaguchi,宇部市,Ube City,,,,,,,,,,,,,,,,,,,,,,,,,
,Yamaguchi,上関町,Kaminoseki Town,,,,,,,,,,,,,,,,,,,,,,,,,
,Yamaguchi,下松市,Kudamatsu City,,,,,,,,,,,,,,,,,,,,,,,,,
,Yamaguchi,山陽小野田市,Sanyo-Onoda City,,,,,,,,,,,,,,,,,,,,,,,,,
,Yamaguchi,下関市,Shimonoseki City,,,,,,,,,,,,,,,,,,,,,,,,,
,Yamaguchi,周南市,Shunan City,,,,,,,,,,,,,,,,,,,,,,,,,
,Yamaguchi,周防大島町,Suo-Oshima Town,,,,,,,,,,,,,,,,,,,,,,,,,
,Yamaguchi,田布施町,Tabuse Town,,,,,,,,,,,,,,,,,,,,,,,,,
,Yamaguchi,長門市,Nagato City,,,,,,,,,,,,,,,,,,,,,,,,,
,Yamaguchi,萩市,Hagi City,,,,,,,,,,,,,,,,,,,,,,,,,
,Yamaguchi,光市,Hikari City,,,,,,,,,,,,,,,,,,,,,,,,,
,Yamaguchi,平生町,Hirao Town,,,,,,,,,,,,,,,,,,,,,,,,,
,Yamaguchi,防府市,Hofu City,,,,,,,,,,,,,,,,,,,,,,,,,
,Yamaguchi,美祢市,Mine City,,,,,,,,,,,,,,,,,,,,,,,,,
,Yamaguchi,柳井市,Yanai City,,,,,,,,,,,,,,,,,,,,,,,,,
,Yamaguchi,山口市,Yamaguchi City,,,,,,,,,,,,,,,,,,,,,,,,,
,Yamaguchi,和木町,Waki Town,,,,,,,,,,,,,,,,,,,,,,,,,
Shikoku,Tokushima,藍住町,Aizumi Town,,,,,,,,,,,,,,,,,,,,,,,,,
,Tokushima,阿南市,Anan City,,,,,,,,,,,,,,,,,,,,,,,,,
,Tokushima,阿波市,Awa City,,,,,,,,,,,,,,,,,,,,,,,,,
,Tokushima,石井町,Ishii Town,,,,,,,,,,,,,,,,,,,,,,,,,
,Tokushima,板野町,Itano Town,,,,,,,,,,,,,,,,,,,,,,,,,
,Tokushima,海陽町,Kaiyo Town,,,,,,,,,,,,,,,,,,,,,,,,,
,Tokushima,勝浦町,Katsuura Town,,,,,,,,,,,,,,,,,,,,,,,,,
,Tokushima,上板町,Kamiita Town,,,,,,,,,,,,,,,,,,,,,,,,,
,Tokushima,上勝町,Kamikatsu Town,,,,,,,,,,,,,,,,,,,,,,,,,
,Tokushima,神山町,Kamiyama Town,,,,,,,,,,,,,,,,,,,,,,,,,
,Tokushima,北島町,Kitajima Town,,,,,,,,,,,,,,,,,,,,,,,,,
,Tokushima,小松島市,Komatsushima City,,,,,,,,,,,,,,,,,,,,,,,,,
,Tokushima,佐那河内村,Sanagochi Village,,,,,,,,,,,,,,,,,,,,,,,,,
,Tokushima,つるぎ町,Tsurugi Town,,,,,,,,,,,,,,,,,,,,,,,,,
,Tokushima,徳島市,Tokushima City,,,,,,,,,,,,,,,,,,,,,,,,,
,Tokushima,那賀町,Naka Town,,,,,,,,,,,,,,,,,,,,,,,,,
,Tokushima,鳴門市,Naruto City,,,,,,,,,,,,,,,,,,,,,,,,,
,Tokushima,東みよし町,Higashimiyoshi Town,,,,,,,,,,,,,,,,,,,,,,,,,
,Tokushima,松茂町,Matsushige Town,,,,,,,,,,,,,,,,,,,,,,,,,
,Tokushima,美波町,Minami Town,,,,,,,,,,,,,,,,,,,,,,,,,
,Tokushima,美馬市,Mima City,,,,,,,,,,,,,,,,,,,,,,,,,
,Tokushima,三好市,Miyoshi City,,,,,,,,,,,,,,,,,,,,,,,,,
,Tokushima,牟岐町,Mugi Town,,,,,,,,,,,,,,,,,,,,,,,,,
,Tokushima,吉野川市,Yoshinogawa City,,,,,,,,,,,,,,,,,,,,,,,,,
,Kagawa,綾川町,Ayagawa Town,,,,,,,,,,,,,,,,,,,,,,,,,
,Kagawa,宇多津町,Utazu Town,,,,,,,,,,,,,,,,,,,,,,,,,
,Kagawa,観音寺市,Kanonji City,,,,,,,,,,,,,,,,,,,,,,,,,
,Kagawa,琴平町,Kotohira Town,,,,,,,,,,,,,,,,,,,,,,,,,
,Kagawa,坂出市,Sakaide City,,,,,,,,,,,,,,,,,,,,,,,,,
,Kagawa,さぬき市,Sanuki City,,,,,,,,,,,,,,,,,,,,,,,,,
,Kagawa,小豆島町,Shodoshima Town,,,,,,,,,,,,,,,,,,,,,,,,,
,Kagawa,善通寺市,Zentsuji City,,,,,,,,,,,,,,,,,,,,,,,,,
,Kagawa,高松市,Takamatsu City,,,,,,,,,,,,,,,,,,,,,,,,,
,Kagawa,多度津町,Tadotsu Town,,,,,,,,,,,,,,,,,,,,,,,,,
,Kagawa,土庄町,Tonosho Town,,,,,,,,,,,,,,,,,,,,,,,,,
,Kagawa,直島町,Naoshima Town,,,,,,,,,,,,,,,,,,,,,,,,,
,Kagawa,東かがわ市,Higashikagawa City,,,,,,,,,,,,,,,,,,,,,,,,,
,Kagawa,丸亀市,Marugame City,,,,,,,,,,,,,,,,,,,,,,,,,
,Kagawa,まんのう町,Manno Town,,,,,,,,,,,,,,,,,,,,,,,,,
,Kagawa,三木町,Miki Town,,,,,,,,,,,,,,,,,,,,,,,,,
,Kagawa,三豊市,Mitoyo City,,,,,,,,,,,,,,,,,,,,,,,,,
,Ehime,愛南町,Ainan Town,,,,,,,,,,,,,,,,,,,,,,,,,
,Ehime,伊方町,Ikata Town,,,,,,,,,,,,,,,,,,,,,,,,,
,Ehime,今治市,Imabari City,,,,,,,,,,,,,,,,,,,,,,,,,
,Ehime,伊予市,Iyo City,,,,,,,,,,,,,,,,,,,,,,,,,
,Ehime,内子町,Uchiko Town,,,,,,,,,,,,,,,,,,,,,,,,,
,Ehime,宇和島市,Uwajima City,,,,,,,,,,,,,,,,,,,,,,,,,
,Ehime,大洲市,Ozu City,,,,,,,,,,,,,,,,,,,,,,,,,
,Ehime,上島町,Kamijima Town,,,,,,,,,,,,,,,,,,,,,,,,,
,Ehime,鬼北町,Kihoku Town,,,,,,,,,,,,,,,,,,,,,,,,,
,Ehime,久万高原町,Kumakogen Town,,,,,,,,,,,,,,,,,,,,,,,,,
,Ehime,西条市,Saijo City,,,,,,,,,,,,,,,,,,,,,,,,,
,Ehime,四国中央市,Shikokuchuo City,,,,,,,,,,,,,,,,,,,,,,,,,
,Ehime,西予市,Seiyo City,,,,,,,,,,,,,,,,,,,,,,,,,
,Ehime,東温市,Toon City,,,,,,,,,,,,,,,,,,,,,,,,,
,Ehime,砥部町,Tobe Town,,,,,,,,,,,,,,,,,,,,,,,,,
,Ehime,新居浜市,Niihama City,,,,,,,,,,,,,,,,,,,,,,,,,
,Ehime,松前町,Masaki Town,,,,,,,,,,,,,,,,,,,,,,,,,
,Ehime,松野町,Matsuno Town,,,,,,,,,,,,,,,,,,,,,,,,,
,Ehime,松山市,Matsuyama City,,,,,,,,,,,,,,,,,,,,,,,,,
,Ehime,八幡浜市,Yawatahama City,,,,,,,,,,,,,,,,,,,,,,,,,
,Kochi,安芸市,Aki City,,,,,,,,,,,,,,,,,,,,,,,,,
,Kochi,いの町,Ino Town,,,,,,,,,,,,,,,,,,,,,,,,,
,Kochi,馬路村,Umaji Village,,,,,,,,,,,,,,,,,,,,,,,,,
,Kochi,大川村,Okawa Village,,,,,,,,,,,,,,,,,,,,,,,,,
,Kochi,大月町,Otsuki Town,,,,,,,,,,,,,,,,,,,,,,,,,
,Kochi,大豊町,Otoyo Town,,,,,,,,,,,,,,,,,,,,,,,,,
,Kochi,越知町,Ochi Town,,,,,,,,,,,,,,,,,,,,,,,,,
,Kochi,香美市,Kami City,,,,,,,,,,,,,,,,,,,,,,,,,
,Kochi,北川村,Kitagawa Village,,,,,,,,,,,,,,,,,,,,,,,,,
,Kochi,黒潮町,Kuroshio Town,,,,,,,,,,,,,,,,,,,,,,,,,
,Kochi,芸西村,Geisei Village,,,,,,,,,,,,,,,,,,,,,,,,,
,Kochi,高知市,Kochi City,,,,,,,,,,,,,,,,,,,,,,,,,
,Kochi,香南市,Konan City,,,,,,,,,,,,,,,,,,,,,,,,,
,Kochi,佐川町,Sakawa Town,,,,,,,,,,,,,,,,,,,,,,,,,
,Kochi,四万十市,Shimanto City,,,,,,,,,,,,,,,,,,,,,,,,,
,Kochi,四万十町,Shimanto Town,,,,,,,,,,,,,,,,,,,,,,,,,
,Kochi,宿毛市,Sukumo City,,,,,,,,,,,,,,,,,,,,,,,,,
,Kochi,須崎市,Susaki City,,,,,,,,,,,,,,,,,,,,,,,,,
,Kochi,田野町,Tano Town,,,,,,,,,,,,,,,,,,,,,,,,,
,Kochi,津野町,Tsuno Town,,,,,,,,,,,,,,,,,,,,,,,,,
,Kochi,東洋町,Toyo Town,,,,,,,,,,,,,,,,,,,,,,,,,
,Kochi,土佐市,Tosa City,,,,,,,,,,,,,,,,,,,,,,,,,
,Kochi,土佐清水市,Tosashimizu City,,,,,,,,,,,,,,,,,,,,,,,,,
,Kochi,土佐町,Tosa Town,,,,,,,,,,,,,,,,,,,,,,,,,
,Kochi,中土佐町,Nakatosa Town,,,,,,,,,,,,,,,,,,,,,,,,,
,Kochi,奈半利町,Nahari Town,,,,,,,,,,,,,,,,,,,,,,,,,
,Kochi,南国市,Nankoku City,,,,,,,,,,,,,,,,,,,,,,,,,
,Kochi,仁淀川町,Niyodogawa Town,,,,,,,,,,,,,,,,,,,,,,,,,
,Kochi,日高村,Hidaka Village,,,,,,,,,,,,,,,,,,,,,,,,,
,Kochi,三原村,Mihara Village,,,,,,,,,,,,,,,,,,,,,,,,,
,Kochi,室戸市,Muroto City,,,,,,,,,,,,,,,,,,,,,,,,,
,Kochi,本山町,Motoyama Town,,,,,,,,,,,,,,,,,,,,,,,,,
,Kochi,安田町,Yasuda Town,,,,,,,,,,,,,,,,,,,,,,,,,
,Kochi,檮原町,Yusuhara Town,,,,,,,,,,,,,,,,,,,,,,,,,
Kyuushuu,Fukuoka,赤村,Aka Village,,,,,,,,,,,,,,,,,,,,,,,,,
,Fukuoka,朝倉市,Asakura City,,,,,,,,,,,,,,,,,,,,,,,,,
,Fukuoka,芦屋町,Ashiya Town,,,,,,,,,,,,,,,,,,,,,,,,,
,Fukuoka,飯塚市,Iizuka City,,,,,,,,,,,,,,,,,,,,,,,,,
,Fukuoka,糸島市,Itoshima City,,,,,,,,,,,,,,,,,,,,,,,,,
,Fukuoka,糸田町,Itoda Town,,,,,,,,,,,,,,,,,,,,,,,,,
,Fukuoka,うきは市,Ukiha City,,,,,,,,,,,,,,,,,,,,,,,,,
,Fukuoka,宇美町,Umi Town,,,,,,,,,,,,,,,,,,,,,,,,,
,Fukuoka,大川市,Okawa City,,,,,,,,,,,,,,,,,,,,,,,,,
,Fukuoka,大木町,Oki Town,,,,,,,,,,,,,,,,,,,,,,,,,
,Fukuoka,大任町,Oto Town,,,,,,,,,,,,,,,,,,,,,,,,,
,Fukuoka,大野城市,Onojo City,,,,,,,,,,,,,,,,,,,,,,,,,
,Fukuoka,大牟田市,Omuta City,,,,,,,,,,,,,,,,,,,,,,,,,
,Fukuoka,岡垣町,Okagaki Town,,,,,,,,,,,,,,,,,,,,,,,,,
,Fukuoka,小郡市,Ogori City,,,,,,,,,,,,,,,,,,,,,,,,,
,Fukuoka,遠賀町,Onga Town,,,,,,,,,,,,,,,,,,,,,,,,,
,Fukuoka,春日市,Kasuga City,,,,,,,,,,,,,,,,,,,,,,,,,
,Fukuoka,粕屋町,Kasuya Town,,,,,,,,,,,,,,,,,,,,,,,,,
,Fukuoka,嘉麻市,Kama City,,,,,,,,,,,,,,,,,,,,,,,,,
,Fukuoka,川崎町,Kawasaki Town,,,,,,,,,,,,,,,,,,,,,,,,,
,Fukuoka,香春町,Kawara Town,,,,,,,,,,,,,,,,,,,,,,,,,
,Fukuoka,苅田町,Kanda Town,,,,,,,,,,,,,,,,,,,,,,,,,
,Fukuoka,北九州市,Kitakyushu City,,,,,,,,,,,,,,,,,,,,,,,,,
,Fukuoka,鞍手町,Kurate Town,,,,,,,,,,,,,,,,,,,,,,,,,
,Fukuoka,久留米市,Kurume City,,,,,,,,,,,,,,,,,,,,,,,,,
,Fukuoka,桂川町,Keisen Town,,,,,,,,,,,,,,,,,,,,,,,,,
,Fukuoka,上毛町,Koge Town,,,,,,,,,,,,,,,,,,,,,,,,,
,Fukuoka,古賀市,Koga City,,,,,,,,,,,,,,,,,,,,,,,,,
,Fukuoka,小竹町,Kotake Town,,,,,,,,,,,,,,,,,,,,,,,,,
,Fukuoka,篠栗町,Sasaguri Town,,,,,,,,,,,,,,,,,,,,,,,,,
,Fukuoka,志免町,Shime Town,,,,,,,,,,,,,,,,,,,,,,,,,
,Fukuoka,新宮町,Shingu Town,,,,,,,,,,,,,,,,,,,,,,,,,
,Fukuoka,須恵町,Sue Town,,,,,,,,,,,,,,,,,,,,,,,,,
,Fukuoka,添田町,Soeda Town,,,,,,,,,,,,,,,,,,,,,,,,,
,Fukuoka,田川市,Tagawa City,,,,,,,,,,,,,,,,,,,,,,,,,
,Fukuoka,太宰府市,Dazaifu City,,,,,,,,,,,,,,,,,,,,,,,,,
,Fukuoka,大刀洗町,Tachiarai Town,,,,,,,,,,,,,,,,,,,,,,,,,
,Fukuoka,筑後市,Chikugo City,,,,,,,,,,,,,,,,,,,,,,,,,
,Fukuoka,筑紫野市,Chikushino City,,,,,,,,,,,,,,,,,,,,,,,,,
,Fukuoka,築上町,Chikujo Town,,,,,,,,,,,,,,,,,,,,,,,,,
,Fukuoka,筑前町,Chikuzen Town,,,,,,,,,,,,,,,,,,,,,,,,,
,Fukuoka,東峰村,Toho Village,,,,,,,,,,,,,,,,,,,,,,,,,
,Fukuoka,那珂川市,Nakagawa City,,,,,,,,,,,,,,,,,,,,,,,,,
,Fukuoka,中間市,Nakama City,,,,,,,,,,,,,,,,,,,,,,,,,
,Fukuoka,直方市,Nogata City,,,,,,,,,,,,,,,,,,,,,,,,,
,Fukuoka,久山町,Hisayama Town,,,,,,,,,,,,,,,,,,,,,,,,,
,Fukuoka,広川町,Hirokawa Town,,,,,,,,,,,,,,,,,,,,,,,,,
,Fukuoka,福岡市,Fukuoka City,,,,,,,,,,,,,,,,,,,,,,,,,
,Fukuoka,福智町,Fukuchi Town,,,,,,,,,,,,,,,,,,,,,,,,,
,Fukuoka,福津市,Fukutsu City,,,,,,,,,,,,,,,,,,,,,,,,,
,Fukuoka,豊前市,Buzen City,,,,,,,,,,,,,,,,,,,,,,,,,
,Fukuoka,水巻町,Mizumaki Town,,,,,,,,,,,,,,,,,,,,,,,,,
,Fukuoka,みやこ町,Miyako Town,,,,,,,,,,,,,,,,,,,,,,,,,
,Fukuoka,みやま市,Miyama City,,,,,,,,,,,,,,,,,,,,,,,,,
,Fukuoka,宮若市,Miyawaka City,,,,,,,,,,,,,,,,,,,,,,,,,
,Fukuoka,宗像市,Munakata City,,,,,,,,,,,,,,,,,,,,,,,,,
,Fukuoka,柳川市,Yanagawa City,,,,,,,,,,,,,,,,,,,,,,,,,
,Fukuoka,八女市,Yame City,,,,,,,,,,,,,,,,,,,,,,,,,
,Fukuoka,行橋市,Yukuhashi City,,,,,,,,,,,,,,,,,,,,,,,,,
,Fukuoka,吉富町,Yoshitomi Town,,,,,,,,,,,,,,,,,,,,,,,,,
,Saga,有田町,Arita Town,,,,,,,,,,,,,,,,,,,,,,,,,
,Saga,伊万里市,Imari City,,,,,,,,,,,,,,,,,,,,,,,,,
,Saga,嬉野市,Ureshino City,,,,,,,,,,,,,,,,,,,,,,,,,
,Saga,大町町,Omachi Town,,,,,,,,,,,,,,,,,,,,,,,,,
,Saga,小城市,Ogi City,,,,,,,,,,,,,,,,,,,,,,,,,
,Saga,鹿島市,Kashima City,,,,,,,,,,,,,,,,,,,,,,,,,
,Saga,上峰町,Kamimine Town,,,,,,,,,,,,,,,,,,,,,,,,,
,Saga,唐津市,Karatsu City,,,,,,,,,,,,,,,,,,,,,,,,,
,Saga,神埼市,Kanzaki City,,,,,,,,,,,,,,,,,,,,,,,,,
,Saga,基山町,Kiyama Town,,,,,,,,,,,,,,,,,,,,,,,,,
,Saga,玄海町,Genkai Town,,,,,,,,,,,,,,,,,,,,,,,,,
,Saga,江北町,Kohoku Town,,,,,,,,,,,,,,,,,,,,,,,,,
,Saga,佐賀市,Saga City,,,,,,,,,,,,,,,,,,,,,,,,,
,Saga,白石町,Shiroishi Town,,,,,,,,,,,,,,,,,,,,,,,,,
,Saga,多久市,Taku City,,,,,,,,,,,,,,,,,,,,,,,,,
,Saga,武雄市,Takeo City,,,,,,,,,,,,,,,,,,,,,,,,,
,Saga,太良町,Tara Town,,,,,,,,,,,,,,,,,,,,,,,,,
,Saga,鳥栖市,Tosu City,,,,,,,,,,,,,,,,,,,,,,,,,
,Saga,みやき町,Miyaki Town,,,,,,,,,,,,,,,,,,,,,,,,,
,Saga,吉野ヶ里町,Yoshinogari Town,,,,,,,,,,,,,,,,,,,,,,,,,
,Nagasaki,長崎市,Nagasaki City,,,,,,,,,,,,,,,,,,,,,,,,,
,Nagasaki,佐世保市,Sasebo City,,,,,,,,,,,,,,,,,,,,,,,,,
,Nagasaki,諫早市,Isahaya City,,,,,,,,,,,,,,,,,,,,,,,,,
,Nagasaki,大村市,Ōmura City,,,,,,,,,,,,,,,,,,,,,,,,,
,Nagasaki,島原市,Shimabara City,,,,,,,,,,,,,,,,,,,,,,,,,
,Nagasaki,南島原市,Minamishimabara City,,,,,,,,,,,,,,,,,,,,,,,,,
,Nagasaki,平戸市,Hirado City,,,,,,,,,,,,,,,,,,,,,,,,,
,Nagasaki,壱岐市,Iki City,,,,,,,,,,,,,,,,,,,,,,,,,
,Nagasaki,松浦市,Matsuura City,,,,,,,,,,,,,,,,,,,,,,,,,
,Nagasaki,対馬市,Tsushima City,,,,,,,,,,,,,,,,,,,,,,,,,
,Nagasaki,五島市,Gotō City,,,,,,,,,,,,,,,,,,,,,,,,,
,Nagasaki,西海市,Saikai City,,,,,,,,,,,,,,,,,,,,,,,,,
,Nagasaki,雲仙市,Unzen City,,,,,,,,,,,,,,,,,,,,,,,,,
,Nagasaki,長与町,Nagayo Town,,,,,,,,,,,,,,,,,,,,,,,,,
,Nagasaki,時津町,Togitsu Town,,,,,,,,,,,,,,,,,,,,,,,,,
,Nagasaki,東彼杵町,Higashisonogi Town,,,,,,,,,,,,,,,,,,,,,,,,,
,Nagasaki,川棚町,Kawatana Town,,,,,,,,,,,,,,,,,,,,,,,,,
,Nagasaki,波佐見町,Hasami Town,,,,,,,,,,,,,,,,,,,,,,,,,
,Nagasaki,小値賀町,Ojika Town,,,,,,,,,,,,,,,,,,,,,,,,,
,Nagasaki,佐々町,Saza Town,,,,,,,,,,,,,,,,,,,,,,,,,
,Nagasaki,新上五島町,Shinkamigoto Town,,,,,,,,,,,,,,,,,,,,,,,,,
,Kumamoto,熊本市,Kumamoto City,,,,,,,,,,,,,,,,,,,,,,,,,
,Kumamoto,八代市,Yatsushiro City,,,,,,,,,,,,,,,,,,,,,,,,,
,Kumamoto,天草市,Amakusa City,,,,,,,,,,,,,,,,,,,,,,,,,
,Kumamoto,玉名市,Tamana City,,,,,,,,,,,,,,,,,,,,,,,,,
,Kumamoto,合志市,Kōshi City,,,,,,,,,,,,,,,,,,,,,,,,,
,Kumamoto,宇城市,Uki City,,,,,,,,,,,,,,,,,,,,,,,,,
,Kumamoto,阿蘇市,Aso City,,,,,,,,,,,,,,,,,,,,,,,,,
,Kumamoto,人吉市,Hitoyoshi City,,,,,,,,,,,,,,,,,,,,,,,,,
,Kumamoto,上天草市,Kami-Amakusa City,,,,,,,,,,,,,,,,,,,,,,,,,
,Kumamoto,菊池市,Kikuchi City,,,,,,,,,,,,,,,,,,,,,,,,,
,Kumamoto,水俣市,Minamata City,,,,,,,,,,,,,,,,,,,,,,,,,
,Kumamoto,宇土市,Uto City,,,,,,,,,,,,,,,,,,,,,,,,,
,Kumamoto,山鹿市,Yamaga City,,,,,,,,,,,,,,,,,,,,,,,,,
,Kumamoto,荒尾市,Arao City,,,,,,,,,,,,,,,,,,,,,,,,,
,Kumamoto,益城町,Mashiki Town,,,,,,,,,,,,,,,,,,,,,,,,,
,Kumamoto,御船町,Mifune Town,,,,,,,,,,,,,,,,,,,,,,,,,
,Kumamoto,南小国町,Minamioguni Town,,,,,,,,,,,,,,,,,,,,,,,,,
,Kumamoto,美里町,Misato Town,,,,,,,,,,,,,,,,,,,,,,,,,
,Kumamoto,長洲町,Nagasu Town,,,,,,,,,,,,,,,,,,,,,,,,,
,Kumamoto,和水町,Nagomi Town,,,,,,,,,,,,,,,,,,,,,,,,,
,Kumamoto,南関町,Nankan Town,,,,,,,,,,,,,,,,,,,,,,,,,
,Kumamoto,錦町,Nishiki Town,,,,,,,,,,,,,,,,,,,,,,,,,
,Kumamoto,大津町,Ozu Town,,,,,,,,,,,,,,,,,,,,,,,,,
,Kumamoto,菊陽町,Kikuyo Town,,,,,,,,,,,,,,,,,,,,,,,,,
,Kumamoto,甲佐町,Kosa Town,,,,,,,,,,,,,,,,,,,,,,,,,
,Kumamoto,山都町,Yamato Town,,,,,,,,,,,,,,,,,,,,,,,,,
,Kumamoto,氷川町,Hikawa Town,,,,,,,,,,,,,,,,,,,,,,,,,
,Kumamoto,芦北町,Ashikita Town,,,,,,,,,,,,,,,,,,,,,,,,,
,Kumamoto,津奈木町,Tsunagi Town,,,,,,,,,,,,,,,,,,,,,,,,,
,Kumamoto,あさぎり町,Asagiri Town,,,,,,,,,,,,,,,,,,,,,,,,,
,Kumamoto,多良木町,Taragi Town,,,,,,,,,,,,,,,,,,,,,,,,,
,Kumamoto,湯前町,Yunomae Town,,,,,,,,,,,,,,,,,,,,,,,,,
,Kumamoto,水上村,Mizukami Village,,,,,,,,,,,,,,,,,,,,,,,,,
,Kumamoto,相良村,Sagara Village,,,,,,,,,,,,,,,,,,,,,,,,,
,Kumamoto,五木村,Itsuki Village,,,,,,,,,,,,,,,,,,,,,,,,,
,Kumamoto,山江村,Yamae Village,,,,,,,,,,,,,,,,,,,,,,,,,
,Kumamoto,球磨村,Kuma Village,,,,,,,,,,,,,,,,,,,,,,,,,
,Kumamoto,苓北町,Reihoku Town,,,,,,,,,,,,,,,,,,,,,,,,,
,Kumamoto,西原村,Nishihara Village,,,,,,,,,,,,,,,,,,,,,,,,,
,Kumamoto,南阿蘇村,Minamiaso Village,,,,,,,,,,,,,,,,,,,,,,,,,
,Kumamoto,高森町,Takamori Town,,,,,,,,,,,,,,,,,,,,,,,,,
,Kumamoto,産山村,Ubuyama Village,,,,,,,,,,,,,,,,,,,,,,,,,
,Kumamoto,玉東町,Gyokuto Town,,,,,,,,,,,,,,,,,,,,,,,,,
,Kumamoto,嘉島町,Kashima Town,,,,,,,,,,,,,,,,,,,,,,,,,
,Kumamoto,小国町,Oguni Town,,,,,,,,,,,,,,,,,,,,,,,,,
,Oita,別府市,Beppu City,,,,,,,,,,,,,,,,,,,,,,,,,
,Oita,豊後大野市,Bungo-Ōno City,,,,,,,,,,,,,,,,,,,,,,,,,
,Oita,豊後高田市,Bungotakada City,,,,,,,,,,,,,,,,,,,,,,,,,
,Oita,日田市,Hita City,,,,,,,,,,,,,,,,,,,,,,,,,
,Oita,杵築市,Kitsuki City,,,,,,,,,,,,,,,,,,,,,,,,,
,Oita,国東市,Kunisaki City,,,,,,,,,,,,,,,,,,,,,,,,,
,Oita,中津市,Nakatsu City,,,,,,,,,,,,,,,,,,,,,,,,,
,Oita,大分市,Ōita City,,,,,,,,,,,,,,,,,,,,,,,,,
,Oita,佐伯市,Saiki City,,,,,,,,,,,,,,,,,,,,,,,,,
,Oita,竹田市,Taketa City,,,,,,,,,,,,,,,,,,,,,,,,,
,Oita,津久見市,Tsukumi City,,,,,,,,,,,,,,,,,,,,,,,,,
,Oita,宇佐市,Usa City,,,,,,,,,,,,,,,,,,,,,,,,,
,Oita,臼杵市,Usuki City,,,,,,,,,,,,,,,,,,,,,,,,,
,Oita,由布市,Yufu City,,,,,,,,,,,,,,,,,,,,,,,,,
,Oita,日出町,Hiji Town,,,,,,,,,,,,,,,,,,,,,,,,,
,Oita,姫島村,Himeshima Village,,,,,,,,,,,,,,,,,,,,,,,,,
,Oita,九重町,Kokonoe Town,,,,,,,,,,,,,,,,,,,,,,,,,
,Oita,玖珠町,Kusu Town,,,,,,,,,,,,,,,,,,,,,,,,,
,Miyazaki,綾町,Aya Town,,,,,,,,,,,,,,,,,,,,,,,,,
,Miyazaki,えびの市,Ebino City,,,,,,,,,,,,,,,,,,,,,,,,,
,Miyazaki,門川町,Kadogawa Town,,,,,,,,,,,,,,,,,,,,,,,,,
,Miyazaki,川南町,Kawaminami Town,,,,,,,,,,,,,,,,,,,,,,,,,
,Miyazaki,木城町,Kijo Town,,,,,,,,,,,,,,,,,,,,,,,,,
,Miyazaki,串間市,Kushima City,,,,,,,,,,,,,,,,,,,,,,,,,
,Miyazaki,国富町,Kunitomi Town,,,,,,,,,,,,,,,,,,,,,,,,,
,Miyazaki,五ヶ瀬町,Gokase Town,,,,,,,,,,,,,,,,,,,,,,,,,
,Miyazaki,小林市,Kobayashi City,,,,,,,,,,,,,,,,,,,,,,,,,
,Miyazaki,西都市,Saito City,,,,,,,,,,,,,,,,,,,,,,,,,
,Miyazaki,椎葉村,Shiiba Village,,,,,,,,,,,,,,,,,,,,,,,,,
,Miyazaki,新富町,Shintomi Town,,,,,,,,,,,,,,,,,,,,,,,,,
,Miyazaki,高千穂町,Takachiho Town,,,,,,,,,,,,,,,,,,,,,,,,,
,Miyazaki,高鍋町,Takanabe Town,,,,,,,,,,,,,,,,,,,,,,,,,
,Miyazaki,高原町,Takaharu Town,,,,,,,,,,,,,,,,,,,,,,,,,
,Miyazaki,都農町,Tsuno Town,,,,,,,,,,,,,,,,,,,,,,,,,
,Miyazaki,西米良村,Nishimera Village,,,,,,,,,,,,,,,,,,,,,,,,,
,Miyazaki,日南市,Nichinan City,,,,,,,,,,,,,,,,,,,,,,,,,
,Miyazaki,延岡市,Nobeoka City,,,,,,,,,,,,,,,,,,,,,,,,,
,Miyazaki,日之影町,Hinokage Town,,,,,,,,,,,,,,,,,,,,,,,,,
,Miyazaki,日向市,Hyuga City,,,,,,,,,,,,,,,,,,,,,,,,,
,Miyazaki,美郷町,Misato Town,,,,,,,,,,,,,,,,,,,,,,,,,
,Miyazaki,三股町,Mimata Town,,,,,,,,,,,,,,,,,,,,,,,,,
,Miyazaki,都城市,Miyakonojo City,,,,,,,,,,,,,,,,,,,,,,,,,
,Miyazaki,宮崎市,Miyazaki City,,,,,,,,,,,,,,,,,,,,,,,,,
,Miyazaki,諸塚村,Morotsuka Village,,,,,,,,,,,,,,,,,,,,,,,,,
,Kagoshima,姶良市,Aira City,,,,,,,,,,,,,,,,,,,,,,,,,
,Kagoshima,阿久根市,Akune City,,,,,,,,,,,,,,,,,,,,,,,,,
,Kagoshima,天城町,Amagi Town,,,,,,,,,,,,,,,,,,,,,,,,,
,Kagoshima,奄美市,Amami City,,,,,,,,,,,,,,,,,,,,,,,,,
,Kagoshima,伊佐市,Isa City,,,,,,,,,,,,,,,,,,,,,,,,,
,Kagoshima,出水市,Izumi City,,,,,,,,,,,,,,,,,,,,,,,,,
,Kagoshima,伊仙町,Isen Town,,,,,,,,,,,,,,,,,,,,,,,,,
,Kagoshima,いちき串木野市,Ichikikushikino City,,,,,,,,,,,,,,,,,,,,,,,,,
,Kagoshima,指宿市,Ibusuki City,,,,,,,,,,,,,,,,,,,,,,,,,
,Kagoshima,宇検村,Uken Village,,,,,,,,,,,,,,,,,,,,,,,,,
,Kagoshima,大崎町,Osaki Town,,,,,,,,,,,,,,,,,,,,,,,,,
,Kagoshima,鹿児島市,Kagoshima City,,,,,,,,,,,,,,,,,,,,,,,,,
,Kagoshima,鹿屋市,Kanoya City,,,,,,,,,,,,,,,,,,,,,,,,,
,Kagoshima,喜界町,Kikai Town,,,,,,,,,,,,,,,,,,,,,,,,,
,Kagoshima,肝付町,Kimotsuki Town,,,,,,,,,,,,,,,,,,,,,,,,,
,Kagoshima,霧島市,Kirishima City,,,,,,,,,,,,,,,,,,,,,,,,,
,Kagoshima,錦江町,Kinko Town,,,,,,,,,,,,,,,,,,,,,,,,,
,Kagoshima,薩摩川内市,Satsumasendai City,,,,,,,,,,,,,,,,,,,,,,,,,
,Kagoshima,さつま町,Satsuma Town,,,,,,,,,,,,,,,,,,,,,,,,,
,Kagoshima,志布志市,Shibushi City,,,,,,,,,,,,,,,,,,,,,,,,,
,Kagoshima,瀬戸内町,Setouchi Town,,,,,,,,,,,,,,,,,,,,,,,,,
,Kagoshima,曽於市,Soo City,,,,,,,,,,,,,,,,,,,,,,,,,
,Kagoshima,龍郷町,Tatsugo Town,,,,,,,,,,,,,,,,,,,,,,,,,
,Kagoshima,垂水市,Tarumizu City,,,,,,,,,,,,,,,,,,,,,,,,,
,Kagoshima,知名町,China Town,,,,,,,,,,,,,,,,,,,,,,,,,
,Kagoshima,徳之島町,Tokunoshima Town,,,,,,,,,,,,,,,,,,,,,,,,,
,Kagoshima,十島村,Toshima Village,,,,,,,,,,,,,,,,,,,,,,,,,
,Kagoshima,長島町,Nagashima Town,,,,,,,,,,,,,,,,,,,,,,,,,
,Kagoshima,中種子町,Nakatane Town,,,,,,,,,,,,,,,,,,,,,,,,,
,Kagoshima,西之表市,Nishinoomote City,,,,,,,,,,,,,,,,,,,,,,,,,
,Kagoshima,日置市,Hioki City,,,,,,,,,,,,,,,,,,,,,,,,,
,Kagoshima,東串良町,Higashikushira Town,,,,,,,,,,,,,,,,,,,,,,,,,
,Kagoshima,枕崎市,Makurazaki City,,,,,,,,,,,,,,,,,,,,,,,,,
,Kagoshima,三島村,Mishima Village,,,,,,,,,,,,,,,,,,,,,,,,,
,Kagoshima,南大隅町,Minamiosumi Town,,,,,,,,,,,,,,,,,,,,,,,,,
,Kagoshima,南九州市,Minamikyushu City,,,,,,,,,,,,,,,,,,,,,,,,,
,Kagoshima,南さつま市,Minamisatsuma City,,,,,,,,,,,,,,,,,,,,,,,,,
,Kagoshima,南種子町,Minamitane Town,,,,,,,,,,,,,,,,,,,,,,,,,
,Kagoshima,屋久島町,Yakushima Town,,,,,,,,,,,,,,,,,,,,,,,,,
,Kagoshima,大和村,Yamato Village,,,,,,,,,,,,,,,,,,,,,,,,,
,Kagoshima,湧水町,Yusui Town,,,,,,,,,,,,,,,,,,,,,,,,,
,Kagoshima,与論町,Yoron Town,,,,,,,,,,,,,,,,,,,,,,,,,
,Kagoshima,和泊町,Wadomari Town,,,,,,,,,,,,,,,,,,,,,,,,,
Okinawa,Okinawa,粟国村,Aguni Village,,,,,,,,,,,,,,,,,,,,,,,,,
,Okinawa,伊江村,Ie Village,,,,,,,,,,,,,,,,,,,,,,,,,
,Okinawa,石垣市,Ishigaki City,,,,,,,,,,,,,,,,,,,,,,,,,
,Okinawa,伊是名村,Izena Village,,,,,,,,,,,,,,,,,,,,,,,,,
,Okinawa,糸満市,Itoman City,,,,,,,,,,,,,,,,,,,,,,,,,
,Okinawa,伊平屋村,Iheya Village,,,,,,,,,,,,,,,,,,,,,,,,,
,Okinawa,浦添市,Urasoe City,,,,,,,,,,,,,,,,,,,,,,,,,
,Okinawa,うるま市,Uruma City,,,,,,,,,,,,,,,,,,,,,,,,,
,Okinawa,大宜味村,Ogimi Village,,,,,,,,,,,,,,,,,,,,,,,,,
,Okinawa,沖縄市,Okinawa City,,,,,,,,,,,,,,,,,,,,,,,,,
,Okinawa,恩納村,Onna Village,,,,,,,,,,,,,,,,,,,,,,,,,
,Okinawa,嘉手納町,Kadena Town,,,,,,,,,,,,,,,,,,,,,,,,,
,Okinawa,北大東村,Kitadaito Village,,,,,,,,,,,,,,,,,,,,,,,,,
,Okinawa,北中城村,Kitanakagusuku Village,,,,,,,,,,,,,,,,,,,,,,,,,
,Okinawa,宜野座村,Ginoza Village,,,,,,,,,,,,,,,,,,,,,,,,,
,Okinawa,宜野湾市,Ginowan City,,,,,,,,,,,,,,,,,,,,,,,,,
,Okinawa,金武町,Kin Town,,,,,,,,,,,,,,,,,,,,,,,,,
,Okinawa,国頭村,Kunigami Village,,,,,,,,,,,,,,,,,,,,,,,,,
,Okinawa,久米島町,Kumejima Town,,,,,,,,,,,,,,,,,,,,,,,,,
,Okinawa,座間味村,Zamami Village,,,,,,,,,,,,,,,,,,,,,,,,,
,Okinawa,竹富町,Taketomi Town,,,,,,,,,,,,,,,,,,,,,,,,,
,Okinawa,多良間村,Tarama Village,,,,,,,,,,,,,,,,,,,,,,,,,
,Okinawa,北谷町,Chatan Town,,,,,,,,,,,,,,,,,,,,,,,,,
,Okinawa,渡嘉敷村,Tokashiki Village,,,,,,,,,,,,,,,,,,,,,,,,,
,Okinawa,渡名喜村,Tonaki Village,,,,,,,,,,,,,,,,,,,,,,,,,
,Okinawa,豊見城市,Tomigusuku City,,,,,,,,,,,,,,,,,,,,,,,,,
,Okinawa,中城村,Nakagusuku Village,,,,,,,,,,,,,,,,,,,,,,,,,
,Okinawa,今帰仁村,Nakijin Village,,,,,,,,,,,,,,,,,,,,,,,,,
,Okinawa,名護市,Nago City,,,,,,,,,,,,,,,,,,,,,,,,,
,Okinawa,那覇市,Naha City,,,,,,,,,,,,,,,,,,,,,,,,,
,Okinawa,南城市,Nanjo City,,,,,,,,,,,,,,,,,,,,,,,,,
,Okinawa,西原町,Nishihara Town,,,,,,,,,,,,,,,,,,,,,,,,,
,Okinawa,南風原町,Haebaru Town,,,,,,,,,,,,,,,,,,,,,,,,,
,Okinawa,東村,Higashi Village,,,,,,,,,,,,,,,,,,,,,,,,,
,Okinawa,南大東村,Minamidaito Village,,,,,,,,,,,,,,,,,,,,,,,,,
,Okinawa,宮古島市,Miyakojima City,,,,,,,,,,,,,,,,,,,,,,,,,
,Okinawa,本部町,Motobu Town,,,,,,,,,,,,,,,,,,,,,,,,,
,Okinawa,八重瀬町,Yaese Town,,,,,,,,,,,,,,,,,,,,,,,,,
,Okinawa,与那国町,Yonaguni Town,,,,,,,,,,,,,,,,,,,,,,,,,
,Okinawa,与那原町,Yonabaru Town,,,,,,,,,,,,,,,,,,,,,,,,,
,Okinawa,読谷村,Yomitan Village,,,,,,,,,,,,,,,,,,,,,,,,,
