location_id,location_name,type,parent_location_id,city,prefecture_id,region_id,coverage_phase,food_focus,admin_note,content_status
aibetsu-town,Aibetsu Town,Town,,Aibetsu Town,hokkaido,hokkaido,1,,,Published
akaigawa-village,Akaigawa Village,City,,Akaigawa Village,hokkaido,hokkaido,1,,,Published
akabira-city,Akabira City,City,,Akabira City,hokkaido,hokkaido,1,,,Published
asahikawa-city,Asahikawa City,City,,Asahikawa City,hokkaido,hokkaido,1,,,Published
ashibetsu-city,Ashibetsu City,City,,Ashibetsu City,hokkaido,hokkaido,1,,,Published
ashoro-town,Ashoro Town,Town,,Ashoro Town,hokkaido,hokkaido,1,,,Published
akkeshi-town,Akkeshi Town,Town,,Akkeshi Town,hokkaido,hokkaido,1,,,Published
assabu-town,Assabu Town,Town,,Assabu Town,hokkaido,hokkaido,1,,,Published
atsuma-town,Atsuma Town,Town,,Atsuma Town,hokkaido,hokkaido,1,,,Published
abashiri-city,Abashiri City,City,,Abashiri City,hokkaido,hokkaido,1,,,Published
abira-town,Abira Town,Town,,Abira Town,hokkaido,hokkaido,1,,,Published
ikeda-town,Ikeda Town,Town,,Ikeda Town,hokkaido,hokkaido,1,,,Published
ishikari-city,Ishikari City,City,,Ishikari City,hokkaido,hokkaido,1,,,Published
imakane-town,Imakane Town,Town,,Imakane Town,hokkaido,hokkaido,1,,,Published
iwanai-town,Iwanai Town,Town,,Iwanai Town,hokkaido,hokkaido,1,,,Published
iwamizawa-city,Iwamizawa City,City,,Iwamizawa City,hokkaido,hokkaido,1,,,Published
utashinai-city,Utashinai City,City,,Utashinai City,hokkaido,hokkaido,1,,,Published
urausu-town,Urausu Town,Town,,Urausu Town,hokkaido,hokkaido,1,,,Published
urakawa-town,Urakawa Town,Town,,Urakawa Town,hokkaido,hokkaido,1,,,Published
urahoro-town,Urahoro Town,Town,,Urahoro Town,hokkaido,hokkaido,1,,,Published
uryu-town,Uryu Town,Town,,Uryu Town,hokkaido,hokkaido,1,,,Published
esashi-town,Esashi Town,Town,,Esashi Town,hokkaido,hokkaido,1,,,Published
eniwa-city,Eniwa City,City,,Eniwa City,hokkaido,hokkaido,1,,,Published
ebetsu-city,Ebetsu City,City,,Ebetsu City,hokkaido,hokkaido,1,,,Published
erimo-town,Erimo Town,Town,,Erimo Town,hokkaido,hokkaido,1,,,Published
engaru-town,Engaru Town,Town,,Engaru Town,hokkaido,hokkaido,1,,,Published
embetsu-town,Embetsu Town,Town,,Embetsu Town,hokkaido,hokkaido,1,,,Published
oumu-town,Oumu Town,Town,,Oumu Town,hokkaido,hokkaido,1,,,Published
ozora-town,Ozora Town,Town,,Ozora Town,hokkaido,hokkaido,1,,,Published
okushiri-town,Okushiri Town,Town,,Okushiri Town,hokkaido,hokkaido,1,,,Published
oketo-town,Oketo Town,Town,,Oketo Town,hokkaido,hokkaido,1,,,Published
okoppe-town,Okoppe Town,Town,,Okoppe Town,hokkaido,hokkaido,1,,,Published
oshamambe-town,Oshamambe Town,Town,,Oshamambe Town,hokkaido,hokkaido,1,,,Published
otaru-city,Otaru City,City,,Otaru City,hokkaido,hokkaido,1,,,Published
otoineppu-village,Otoineppu Village,City,,Otoineppu Village,hokkaido,hokkaido,1,,,Published
otofuke-town,Otofuke Town,Town,,Otofuke Town,hokkaido,hokkaido,1,,,Published
otobe-town,Otobe Town,Town,,Otobe Town,hokkaido,hokkaido,1,,,Published
obihiro-city,Obihiro City,City,,Obihiro City,hokkaido,hokkaido,1,,,Published
obira-town,Obira Town,Town,,Obira Town,hokkaido,hokkaido,1,,,Published
kamikawa-town,Kamikawa Town,Town,,Kamikawa Town,hokkaido,hokkaido,1,,,Published
kamishihoro-town,Kamishihoro Town,Town,,Kamishihoro Town,hokkaido,hokkaido,1,,,Published
kamisunagawa-town,Kamisunagawa Town,Town,,Kamisunagawa Town,hokkaido,hokkaido,1,,,Published
kaminokuni-town,Kaminokuni Town,Town,,Kaminokuni Town,hokkaido,hokkaido,1,,,Published
kamifurano-town,Kamifurano Town,Town,,Kamifurano Town,hokkaido,hokkaido,1,,,Published
kamoenai-village,Kamoenai Village,City,,Kamoenai Village,hokkaido,hokkaido,1,,,Published
kikonai-town,Kikonai Town,Town,,Kikonai Town,hokkaido,hokkaido,1,,,Published
kitahiroshima-city,Kitahiroshima City,City,,Kitahiroshima City,hokkaido,hokkaido,1,,,Published
kitami-city,Kitami City,City,,Kitami City,hokkaido,hokkaido,1,,,Published
kimobetsu-town,Kimobetsu Town,Town,,Kimobetsu Town,hokkaido,hokkaido,1,,,Published
kyogoku-town,Kyogoku Town,Town,,Kyogoku Town,hokkaido,hokkaido,1,,,Published
kyowa-town,Kyowa Town,Town,,Kyowa Town,hokkaido,hokkaido,1,,,Published
kiyosato-town,Kiyosato Town,Town,,Kiyosato Town,hokkaido,hokkaido,1,,,Published
kushiro-city,Kushiro City,City,,Kushiro City,hokkaido,hokkaido,1,,,Published
kushiro-town,Kushiro Town,Town,,Kushiro Town,hokkaido,hokkaido,1,,,Published
kutchan-town,Kutchan Town,Town,,Kutchan Town,hokkaido,hokkaido,1,,,Published
kuriyama-town,Kuriyama Town,Town,,Kuriyama Town,hokkaido,hokkaido,1,,,Published
kuromatsunai-town,Kuromatsunai Town,Town,,Kuromatsunai Town,hokkaido,hokkaido,1,,,Published
kunneppu-town,Kunneppu Town,Town,,Kunneppu Town,hokkaido,hokkaido,1,,,Published
kembuchi-town,Kembuchi Town,Town,,Kembuchi Town,hokkaido,hokkaido,1,,,Published
koshimizu-town,Koshimizu Town,Town,,Koshimizu Town,hokkaido,hokkaido,1,,,Published
sapporo-city,Sapporo City,City,,Sapporo City,hokkaido,hokkaido,1,,,Published
samani-town,Samani Town,Town,,Samani Town,hokkaido,hokkaido,1,,,Published
sarabetsu-village,Sarabetsu Village,City,,Sarabetsu Village,hokkaido,hokkaido,1,,,Published
sarufutsu-village,Sarufutsu Village,City,,Sarufutsu Village,hokkaido,hokkaido,1,,,Published
saroma-town,Saroma Town,Town,,Saroma Town,hokkaido,hokkaido,1,,,Published
shikaoi-town,Shikaoi Town,Town,,Shikaoi Town,hokkaido,hokkaido,1,,,Published
shikabe-town,Shikabe Town,Town,,Shikabe Town,hokkaido,hokkaido,1,,,Published
shikotan-village,Shikotan Village,City,,Shikotan Village,hokkaido,hokkaido,1,,,Published
shibecha-town,Shibecha Town,Town,,Shibecha Town,hokkaido,hokkaido,1,,,Published
shibetsu-city,Shibetsu City,City,,Shibetsu City,hokkaido,hokkaido,1,,,Published
shibetsu-town,Shibetsu Town,Town,,Shibetsu Town,hokkaido,hokkaido,1,,,Published
shibetoro-village,Shibetoro Village,City,,Shibetoro Village,hokkaido,hokkaido,1,,,Published
shihoro-town,Shihoro Town,Town,,Shihoro Town,hokkaido,hokkaido,1,,,Published
shimamaki-village,Shimamaki Village,City,,Shimamaki Village,hokkaido,hokkaido,1,,,Published
shimizu-town,Shimizu Town,Town,,Shimizu Town,hokkaido,hokkaido,1,,,Published
shimukappu-village,Shimukappu Village,City,,Shimukappu Village,hokkaido,hokkaido,1,,,Published
shimokawa-town,Shimokawa Town,Town,,Shimokawa Town,hokkaido,hokkaido,1,,,Published
shakotan-town,Shakotan Town,Town,,Shakotan Town,hokkaido,hokkaido,1,,,Published
shana-village,Shana Village,City,,Shana Village,hokkaido,hokkaido,1,,,Published
shari-town,Shari Town,Town,,Shari Town,hokkaido,hokkaido,1,,,Published
shosanbetsu-village,Shosanbetsu Village,City,,Shosanbetsu Village,hokkaido,hokkaido,1,,,Published
shiraoi-town,Shiraoi Town,Town,,Shiraoi Town,hokkaido,hokkaido,1,,,Published
shiranuka-town,Shiranuka Town,Town,,Shiranuka Town,hokkaido,hokkaido,1,,,Published
shiriuchi-town,Shiriuchi Town,Town,,Shiriuchi Town,hokkaido,hokkaido,1,,,Published
shinshinotsu-village,Shinshinotsu Village,City,,Shinshinotsu Village,hokkaido,hokkaido,1,,,Published
shintoku-town,Shintoku Town,Town,,Shintoku Town,hokkaido,hokkaido,1,,,Published
shintotsukawa-town,Shintotsukawa Town,Town,,Shintotsukawa Town,hokkaido,hokkaido,1,,,Published
shinhidaka-town,Shinhidaka Town,Town,,Shinhidaka Town,hokkaido,hokkaido,1,,,Published
suttsu-town,Suttsu Town,Town,,Suttsu Town,hokkaido,hokkaido,1,,,Published
sunagawa-city,Sunagawa City,City,,Sunagawa City,hokkaido,hokkaido,1,,,Published
setana-town,Setana Town,Town,,Setana Town,hokkaido,hokkaido,1,,,Published
sobetsu-town,Sobetsu Town,Town,,Sobetsu Town,hokkaido,hokkaido,1,,,Published
taiki-town,Taiki Town,Town,,Taiki Town,hokkaido,hokkaido,1,,,Published
takasu-town,Takasu Town,Town,,Takasu Town,hokkaido,hokkaido,1,,,Published
takikawa-city,Takikawa City,City,,Takikawa City,hokkaido,hokkaido,1,,,Published
takinoue-town,Takinoue Town,Town,,Takinoue Town,hokkaido,hokkaido,1,,,Published
date-city,Date City,City,,Date City,hokkaido,hokkaido,1,,,Published
chippubetsu-town,Chippubetsu Town,Town,,Chippubetsu Town,hokkaido,hokkaido,1,,,Published
chitose-city,Chitose City,City,,Chitose City,hokkaido,hokkaido,1,,,Published
tsukigata-town,Tsukigata Town,Town,,Tsukigata Town,hokkaido,hokkaido,1,,,Published
tsubetsu-town,Tsubetsu Town,Town,,Tsubetsu Town,hokkaido,hokkaido,1,,,Published
tsurui-village,Tsurui Village,City,,Tsurui Village,hokkaido,hokkaido,1,,,Published
teshio-town,Teshio Town,Town,,Teshio Town,hokkaido,hokkaido,1,,,Published
teshikaga-town,Teshikaga Town,Town,,Teshikaga Town,hokkaido,hokkaido,1,,,Published
tobetsu-town,Tobetsu Town,Town,,Tobetsu Town,hokkaido,hokkaido,1,,,Published
tohma-town,Tohma Town,Town,,Tohma Town,hokkaido,hokkaido,1,,,Published
toyako-town,Toyako Town,Town,,Toyako Town,hokkaido,hokkaido,1,,,Published
tomakomai-city,Tomakomai City,City,,Tomakomai City,hokkaido,hokkaido,1,,,Published
tomamae-town,Tomamae Town,Town,,Tomamae Town,hokkaido,hokkaido,1,,,Published
tomari-village,Tomari Village,City,,Tomari Village,hokkaido,hokkaido,1,,,Published
tomari-village-kunashir-island,Tomari Village (Kunashir Island),City,,Tomari Village (Kunashir Island),hokkaido,hokkaido,1,,,Published
toyoura-town,Toyoura Town,Town,,Toyoura Town,hokkaido,hokkaido,1,,,Published
toyokoro-town,Toyokoro Town,Town,,Toyokoro Town,hokkaido,hokkaido,1,,,Published
toyotomi-town,Toyotomi Town,Town,,Toyotomi Town,hokkaido,hokkaido,1,,,Published
naie-town,Naie Town,Town,,Naie Town,hokkaido,hokkaido,1,,,Published
nakagawa-town,Nakagawa Town,Town,,Nakagawa Town,hokkaido,hokkaido,1,,,Published
nakasatsunai-village,Nakasatsunai Village,City,,Nakasatsunai Village,hokkaido,hokkaido,1,,,Published
nakashibetsu-town,Nakashibetsu Town,Town,,Nakashibetsu Town,hokkaido,hokkaido,1,,,Published
nakatombetsu-town,Nakatombetsu Town,Town,,Nakatombetsu Town,hokkaido,hokkaido,1,,,Published
naganuma-town,Naganuma Town,Town,,Naganuma Town,hokkaido,hokkaido,1,,,Published
nakafurano-town,Nakafurano Town,Town,,Nakafurano Town,hokkaido,hokkaido,1,,,Published
nanae-town,Nanae Town,Town,,Nanae Town,hokkaido,hokkaido,1,,,Published
nayoro-city,Nayoro City,City,,Nayoro City,hokkaido,hokkaido,1,,,Published
nanporo-town,Nanporo Town,Town,,Nanporo Town,hokkaido,hokkaido,1,,,Published
niikappu-town,Niikappu Town,Town,,Niikappu Town,hokkaido,hokkaido,1,,,Published
niki-town,Niki Town,Town,,Niki Town,hokkaido,hokkaido,1,,,Published
nishiokoppe-village,Nishiokoppe Village,City,,Nishiokoppe Village,hokkaido,hokkaido,1,,,Published
niseko-town,Niseko Town,Town,,Niseko Town,hokkaido,hokkaido,1,,,Published
numata-town,Numata Town,Town,,Numata Town,hokkaido,hokkaido,1,,,Published
nemuro-city,Nemuro City,City,,Nemuro City,hokkaido,hokkaido,1,,,Published
noboribetsu-city,Noboribetsu City,City,,Noboribetsu City,hokkaido,hokkaido,1,,,Published
hakodate-city,Hakodate City,City,,Hakodate City,hokkaido,hokkaido,1,,,Published
haboro-town,Haboro Town,Town,,Haboro Town,hokkaido,hokkaido,1,,,Published
hamatonbetsu-town,Hamatonbetsu Town,Town,,Hamatonbetsu Town,hokkaido,hokkaido,1,,,Published
hamanaka-town,Hamanaka Town,Town,,Hamanaka Town,hokkaido,hokkaido,1,,,Published
biei-town,Biei Town,Town,,Biei Town,hokkaido,hokkaido,1,,,Published
higashikagura-town,Higashikagura Town,Town,,Higashikagura Town,hokkaido,hokkaido,1,,,Published
higashikawa-town,Higashikawa Town,Town,,Higashikawa Town,hokkaido,hokkaido,1,,,Published
hidaka-town,Hidaka Town,Town,,Hidaka Town,hokkaido,hokkaido,1,,,Published
pippu-town,Pippu Town,Town,,Pippu Town,hokkaido,hokkaido,1,,,Published
bibai-city,Bibai City,City,,Bibai City,hokkaido,hokkaido,1,,,Published
bifuka-town,Bifuka Town,Town,,Bifuka Town,hokkaido,hokkaido,1,,,Published
bihoro-town,Bihoro Town,Town,,Bihoro Town,hokkaido,hokkaido,1,,,Published
biratori-town,Biratori Town,Town,,Biratori Town,hokkaido,hokkaido,1,,,Published
hiroo-town,Hiroo Town,Town,,Hiroo Town,hokkaido,hokkaido,1,,,Published
fukagawa-city,Fukagawa City,City,,Fukagawa City,hokkaido,hokkaido,1,,,Published
fukushima-town,Fukushima Town,Town,,Fukushima Town,hokkaido,hokkaido,1,,,Published
furano-city,Furano City,City,,Furano City,hokkaido,hokkaido,1,,,Published
furubira-town,Furubira Town,Town,,Furubira Town,hokkaido,hokkaido,1,,,Published
betsukai-town,Betsukai Town,Town,,Betsukai Town,hokkaido,hokkaido,1,,,Published
hokuto-city,Hokuto City,City,,Hokuto City,hokkaido,hokkaido,1,,,Published
hokuryu-town,Hokuryu Town,Town,,Hokuryu Town,hokkaido,hokkaido,1,,,Published
horokanai-town,Horokanai Town,Town,,Horokanai Town,hokkaido,hokkaido,1,,,Published
horonobe-town,Horonobe Town,Town,,Horonobe Town,hokkaido,hokkaido,1,,,Published
honbetsu-town,Honbetsu Town,Town,,Honbetsu Town,hokkaido,hokkaido,1,,,Published
makubetsu-town,Makubetsu Town,Town,,Makubetsu Town,hokkaido,hokkaido,1,,,Published
mashike-town,Mashike Town,Town,,Mashike Town,hokkaido,hokkaido,1,,,Published
makkari-village,Makkari Village,City,,Makkari Village,hokkaido,hokkaido,1,,,Published
matsumae-town,Matsumae Town,Town,,Matsumae Town,hokkaido,hokkaido,1,,,Published
mikasa-city,Mikasa City,City,,Mikasa City,hokkaido,hokkaido,1,,,Published
minamifurano-town,Minamifurano Town,Town,,Minamifurano Town,hokkaido,hokkaido,1,,,Published
mukawa-town,Mukawa Town,Town,,Mukawa Town,hokkaido,hokkaido,1,,,Published
muroran-city,Muroran City,City,,Muroran City,hokkaido,hokkaido,1,,,Published
memuro-town,Memuro Town,Town,,Memuro Town,hokkaido,hokkaido,1,,,Published
moseushi-town,Moseushi Town,Town,,Moseushi Town,hokkaido,hokkaido,1,,,Published
mori-town,Mori Town,Town,,Mori Town,hokkaido,hokkaido,1,,,Published
mombetsu-city,Mombetsu City,City,,Mombetsu City,hokkaido,hokkaido,1,,,Published
yakumo-town,Yakumo Town,Town,,Yakumo Town,hokkaido,hokkaido,1,,,Published
yubari-city,Yubari City,City,,Yubari City,hokkaido,hokkaido,1,,,Published
yubetsu-town,Yubetsu Town,Town,,Yubetsu Town,hokkaido,hokkaido,1,,,Published
yuni-town,Yuni Town,Town,,Yuni Town,hokkaido,hokkaido,1,,,Published
yoichi-town,Yoichi Town,Town,,Yoichi Town,hokkaido,hokkaido,1,,,Published
rausu-town,Rausu Town,Town,,Rausu Town,hokkaido,hokkaido,1,,,Published
rankoshi-town,Rankoshi Town,Town,,Rankoshi Town,hokkaido,hokkaido,1,,,Published
rikubetsu-town,Rikubetsu Town,Town,,Rikubetsu Town,hokkaido,hokkaido,1,,,Published
rishiri-town,Rishiri Town,Town,,Rishiri Town,hokkaido,hokkaido,1,,,Published
rishirifuji-town,Rishirifuji Town,Town,,Rishirifuji Town,hokkaido,hokkaido,1,,,Published
rusutsu-village,Rusutsu Village,City,,Rusutsu Village,hokkaido,hokkaido,1,,,Published
rubetsu-village,Rubetsu Village,City,,Rubetsu Village,hokkaido,hokkaido,1,,,Published
rumoi-city,Rumoi City,City,,Rumoi City,hokkaido,hokkaido,1,,,Published
ruyobetsu-village,Ruyobetsu Village,City,,Ruyobetsu Village,hokkaido,hokkaido,1,,,Published
rebun-town,Rebun Town,Town,,Rebun Town,hokkaido,hokkaido,1,,,Published
wakkanai-city,Wakkanai City,City,,Wakkanai City,hokkaido,hokkaido,1,,,Published
wassamu-town,Wassamu Town,Town,,Wassamu Town,hokkaido,hokkaido,1,,,Published
aomori-city,Aomori City,City,,Aomori City,aomori,tohoku,1,,,Published
ajigasawa-town,Ajigasawa Town,Town,,Ajigasawa Town,aomori,tohoku,1,,,Published
itayanagi-town,Itayanagi Town,Town,,Itayanagi Town,aomori,tohoku,1,,,Published
inakadate-village,Inakadate Village,City,,Inakadate Village,aomori,tohoku,1,,,Published
imabetsu-town,Imabetsu Town,Town,,Imabetsu Town,aomori,tohoku,1,,,Published
oirase-town,Oirase Town,Town,,Oirase Town,aomori,tohoku,1,,,Published
oma-town,Oma Town,Town,,Oma Town,aomori,tohoku,1,,,Published
owani-town,Owani Town,Town,,Owani Town,aomori,tohoku,1,,,Published
kazamaura-village,Kazamaura Village,City,,Kazamaura Village,aomori,tohoku,1,,,Published
kuroishi-city,Kuroishi City,City,,Kuroishi City,aomori,tohoku,1,,,Published
goshogawara-city,Goshogawara City,City,,Goshogawara City,aomori,tohoku,1,,,Published
gonohe-town,Gonohe Town,Town,,Gonohe Town,aomori,tohoku,1,,,Published
sai-village,Sai Village,City,,Sai Village,aomori,tohoku,1,,,Published
sannohe-town,Sannohe Town,Town,,Sannohe Town,aomori,tohoku,1,,,Published
shichinohe-town,Shichinohe Town,Town,,Shichinohe Town,aomori,tohoku,1,,,Published
shingo-village,Shingo Village,City,,Shingo Village,aomori,tohoku,1,,,Published
sotogahama-town,Sotogahama Town,Town,,Sotogahama Town,aomori,tohoku,1,,,Published
takko-town,Takko Town,Town,,Takko Town,aomori,tohoku,1,,,Published
tsugaru-city,Tsugaru City,City,,Tsugaru City,aomori,tohoku,1,,,Published
tsuruta-town,Tsuruta Town,Town,,Tsuruta Town,aomori,tohoku,1,,,Published
tohoku-town,Tohoku Town,Town,,Tohoku Town,aomori,tohoku,1,,,Published
towada-city,Towada City,City,,Towada City,aomori,tohoku,1,,,Published
nakadomari-town,Nakadomari Town,Town,,Nakadomari Town,aomori,tohoku,1,,,Published
nanbu-town,Nanbu Town,Town,,Nanbu Town,aomori,tohoku,1,,,Published
nishimeya-village,Nishimeya Village,City,,Nishimeya Village,aomori,tohoku,1,,,Published
noheji-town,Noheji Town,Town,,Noheji Town,aomori,tohoku,1,,,Published
hashikami-town,Hashikami Town,Town,,Hashikami Town,aomori,tohoku,1,,,Published
hachinohe-city,Hachinohe City,City,,Hachinohe City,aomori,tohoku,1,,,Published
higashidori-village,Higashidori Village,City,,Higashidori Village,aomori,tohoku,1,,,Published
hirakawa-city,Hirakawa City,City,,Hirakawa City,aomori,tohoku,1,,,Published
hiranai-town,Hiranai Town,Town,,Hiranai Town,aomori,tohoku,1,,,Published
hirosaki-city,Hirosaki City,City,,Hirosaki City,aomori,tohoku,1,,,Published
fukaura-town,Fukaura Town,Town,,Fukaura Town,aomori,tohoku,1,,,Published
fujisaki-town,Fujisaki Town,Town,,Fujisaki Town,aomori,tohoku,1,,,Published
misawa-city,Misawa City,City,,Misawa City,aomori,tohoku,1,,,Published
mutsu-city,Mutsu City,City,,Mutsu City,aomori,tohoku,1,,,Published
yokohama-town,Yokohama Town,Town,,Yokohama Town,aomori,tohoku,1,,,Published
yomogita-village,Yomogita Village,City,,Yomogita Village,aomori,tohoku,1,,,Published
rokunohe-town,Rokunohe Town,Town,,Rokunohe Town,aomori,tohoku,1,,,Published
rokkasho-village,Rokkasho Village,City,,Rokkasho Village,aomori,tohoku,1,,,Published
ichinoseki-city,Ichinoseki City,City,,Ichinoseki City,iwate,tohoku,1,,,Published
ichinohe-town,Ichinohe Town,Town,,Ichinohe Town,iwate,tohoku,1,,,Published
iwaizumi-town,Iwaizumi Town,Town,,Iwaizumi Town,iwate,tohoku,1,,,Published
iwate-town,Iwate Town,Town,,Iwate Town,iwate,tohoku,1,,,Published
oshu-city,Oshu City,City,,Oshu City,iwate,tohoku,1,,,Published
otsuchi-town,Otsuchi Town,Town,,Otsuchi Town,iwate,tohoku,1,,,Published
ofunato-city,Ofunato City,City,,Ofunato City,iwate,tohoku,1,,,Published
kanegasaki-town,Kanegasaki Town,Town,,Kanegasaki Town,iwate,tohoku,1,,,Published
kamaishi-city,Kamaishi City,City,,Kamaishi City,iwate,tohoku,1,,,Published
karumai-town,Karumai Town,Town,,Karumai Town,iwate,tohoku,1,,,Published
kitakami-city,Kitakami City,City,,Kitakami City,iwate,tohoku,1,,,Published
kuji-city,Kuji City,City,,Kuji City,iwate,tohoku,1,,,Published
kuzumaki-town,Kuzumaki Town,Town,,Kuzumaki Town,iwate,tohoku,1,,,Published
kunohe-village,Kunohe Village,City,,Kunohe Village,iwate,tohoku,1,,,Published
shizukuishi-town,Shizukuishi Town,Town,,Shizukuishi Town,iwate,tohoku,1,,,Published
shiwa-town,Shiwa Town,Town,,Shiwa Town,iwate,tohoku,1,,,Published
sumita-town,Sumita Town,Town,,Sumita Town,iwate,tohoku,1,,,Published
takizawa-city,Takizawa City,City,,Takizawa City,iwate,tohoku,1,,,Published
tanohata-village,Tanohata Village,City,,Tanohata Village,iwate,tohoku,1,,,Published
tono-city,Tono City,City,,Tono City,iwate,tohoku,1,,,Published
nishiwaga-town,Nishiwaga Town,Town,,Nishiwaga Town,iwate,tohoku,1,,,Published
ninohe-city,Ninohe City,City,,Ninohe City,iwate,tohoku,1,,,Published
noda-village,Noda Village,City,,Noda Village,iwate,tohoku,1,,,Published
hachimantai-city,Hachimantai City,City,,Hachimantai City,iwate,tohoku,1,,,Published
hanamaki-city,Hanamaki City,City,,Hanamaki City,iwate,tohoku,1,,,Published
hiraizumi-town,Hiraizumi Town,Town,,Hiraizumi Town,iwate,tohoku,1,,,Published
hirono-town,Hirono Town,Town,,Hirono Town,iwate,tohoku,1,,,Published
fudai-village,Fudai Village,City,,Fudai Village,iwate,tohoku,1,,,Published
miyako-city,Miyako City,City,,Miyako City,iwate,tohoku,1,,,Published
morioka-city,Morioka City,City,,Morioka City,iwate,tohoku,1,,,Published
yahaba-town,Yahaba Town,Town,,Yahaba Town,iwate,tohoku,1,,,Published
yamada-town,Yamada Town,Town,,Yamada Town,iwate,tohoku,1,,,Published
rikuzentakata-city,Rikuzentakata City,City,,Rikuzentakata City,iwate,tohoku,1,,,Published
ishinomaki-city,Ishinomaki City,City,,Ishinomaki City,miyagi,tohoku,1,,,Published
iwanuma-city,Iwanuma City,City,,Iwanuma City,miyagi,tohoku,1,,,Published
ogawara-town,Ogawara Town,Town,,Ogawara Town,miyagi,tohoku,1,,,Published
osaki-city,Osaki City,City,,Osaki City,miyagi,tohoku,1,,,Published
osato-town,Osato Town,Town,,Osato Town,miyagi,tohoku,1,,,Published
ohira-village,Ohira Village,City,,Ohira Village,miyagi,tohoku,1,,,Published
onagawa-town,Onagawa Town,Town,,Onagawa Town,miyagi,tohoku,1,,,Published
kakuda-city,Kakuda City,City,,Kakuda City,miyagi,tohoku,1,,,Published
kami-town,Kami Town,Town,,Kami Town,miyagi,tohoku,1,,,Published
kawasaki-town,Kawasaki Town,Town,,Kawasaki Town,miyagi,tohoku,1,,,Published
kurihara-city,Kurihara City,City,,Kurihara City,miyagi,tohoku,1,,,Published
kesennuma-city,Kesennuma City,City,,Kesennuma City,miyagi,tohoku,1,,,Published
zao-town,Zao Town,Town,,Zao Town,miyagi,tohoku,1,,,Published
shiogama-city,Shiogama City,City,,Shiogama City,miyagi,tohoku,1,,,Published
shikama-town,Shikama Town,Town,,Shikama Town,miyagi,tohoku,1,,,Published
shichikashuku-town,Shichikashuku Town,Town,,Shichikashuku Town,miyagi,tohoku,1,,,Published
shichigahama-town,Shichigahama Town,Town,,Shichigahama Town,miyagi,tohoku,1,,,Published
shibata-town,Shibata Town,Town,,Shibata Town,miyagi,tohoku,1,,,Published
shiroishi-city,Shiroishi City,City,,Shiroishi City,miyagi,tohoku,1,,,Published
sendai-city,Sendai City,City,,Sendai City,miyagi,tohoku,1,,,Published
taiwa-town,Taiwa Town,Town,,Taiwa Town,miyagi,tohoku,1,,,Published
tagajo-city,Tagajo City,City,,Tagajo City,miyagi,tohoku,1,,,Published
tomiya-city,Tomiya City,City,,Tomiya City,miyagi,tohoku,1,,,Published
tome-city,Tome City,City,,Tome City,miyagi,tohoku,1,,,Published
natori-city,Natori City,City,,Natori City,miyagi,tohoku,1,,,Published
higashimatsushima-city,Higashimatsushima City,City,,Higashimatsushima City,miyagi,tohoku,1,,,Published
matsushima-town,Matsushima Town,Town,,Matsushima Town,miyagi,tohoku,1,,,Published
marumori-town,Marumori Town,Town,,Marumori Town,miyagi,tohoku,1,,,Published
misato-town,Misato Town,Town,,Misato Town,miyagi,tohoku,1,,,Published
minamisanriku-town,Minamisanriku Town,Town,,Minamisanriku Town,miyagi,tohoku,1,,,Published
murata-town,Murata Town,Town,,Murata Town,miyagi,tohoku,1,,,Published
yamamoto-town,Yamamoto Town,Town,,Yamamoto Town,miyagi,tohoku,1,,,Published
rifu-town,Rifu Town,Town,,Rifu Town,miyagi,tohoku,1,,,Published
wakuya-town,Wakuya Town,Town,,Wakuya Town,miyagi,tohoku,1,,,Published
watari-town,Watari Town,Town,,Watari Town,miyagi,tohoku,1,,,Published
akita-city,Akita City,City,,Akita City,akita,tohoku,1,,,Published
ikawa-town,Ikawa Town,Town,,Ikawa Town,akita,tohoku,1,,,Published
ugo-town,Ugo Town,Town,,Ugo Town,akita,tohoku,1,,,Published
ogata-village,Ogata Village,City,,Ogata Village,akita,tohoku,1,,,Published
odate-city,Odate City,City,,Odate City,akita,tohoku,1,,,Published
oga-city,Oga City,City,,Oga City,akita,tohoku,1,,,Published
katagami-city,Katagami City,City,,Katagami City,akita,tohoku,1,,,Published
kazuno-city,Kazuno City,City,,Kazuno City,akita,tohoku,1,,,Published
kamikoani-village,Kamikoani Village,City,,Kamikoani Village,akita,tohoku,1,,,Published
kitaakita-city,Kitaakita City,City,,Kitaakita City,akita,tohoku,1,,,Published
kosaka-town,Kosaka Town,Town,,Kosaka Town,akita,tohoku,1,,,Published
gojome-town,Gojome Town,Town,,Gojome Town,akita,tohoku,1,,,Published
semboku-city,Semboku City,City,,Semboku City,akita,tohoku,1,,,Published
daisen-city,Daisen City,City,,Daisen City,akita,tohoku,1,,,Published
nikaho-city,Nikaho City,City,,Nikaho City,akita,tohoku,1,,,Published
noshiro-city,Noshiro City,City,,Noshiro City,akita,tohoku,1,,,Published
hachirogata-town,Hachirogata Town,Town,,Hachirogata Town,akita,tohoku,1,,,Published
happo-town,Happo Town,Town,,Happo Town,akita,tohoku,1,,,Published
higashinaruse-village,Higashinaruse Village,City,,Higashinaruse Village,akita,tohoku,1,,,Published
fujisato-town,Fujisato Town,Town,,Fujisato Town,akita,tohoku,1,,,Published
mitane-town,Mitane Town,Town,,Mitane Town,akita,tohoku,1,,,Published
yuzawa-city,Yuzawa City,City,,Yuzawa City,akita,tohoku,1,,,Published
yurihonjo-city,Yurihonjo City,City,,Yurihonjo City,akita,tohoku,1,,,Published
yokote-city,Yokote City,City,,Yokote City,akita,tohoku,1,,,Published
asahi-town,Asahi Town,Town,,Asahi Town,yamagata,tohoku,1,,,Published
iide-town,Iide Town,Town,,Iide Town,yamagata,tohoku,1,,,Published
oishida-town,Oishida Town,Town,,Oishida Town,yamagata,tohoku,1,,,Published
oe-town,Oe Town,Town,,Oe Town,yamagata,tohoku,1,,,Published
okura-village,Okura Village,City,,Okura Village,yamagata,tohoku,1,,,Published
oguni-town,Oguni Town,Town,,Oguni Town,yamagata,tohoku,1,,,Published
obanazawa-city,Obanazawa City,City,,Obanazawa City,yamagata,tohoku,1,,,Published
kaneyama-town,Kaneyama Town,Town,,Kaneyama Town,yamagata,tohoku,1,,,Published
kahoku-town,Kahoku Town,Town,,Kahoku Town,yamagata,tohoku,1,,,Published
kaminoyama-city,Kaminoyama City,City,,Kaminoyama City,yamagata,tohoku,1,,,Published
kawanishi-town,Kawanishi Town,Town,,Kawanishi Town,yamagata,tohoku,1,,,Published
sagae-city,Sagae City,City,,Sagae City,yamagata,tohoku,1,,,Published
sakata-city,Sakata City,City,,Sakata City,yamagata,tohoku,1,,,Published
sakegawa-village,Sakegawa Village,City,,Sakegawa Village,yamagata,tohoku,1,,,Published
shonai-town,Shonai Town,Town,,Shonai Town,yamagata,tohoku,1,,,Published
shirataka-town,Shirataka Town,Town,,Shirataka Town,yamagata,tohoku,1,,,Published
shinjo-city,Shinjo City,City,,Shinjo City,yamagata,tohoku,1,,,Published
takahata-town,Takahata Town,Town,,Takahata Town,yamagata,tohoku,1,,,Published
tsuruoka-city,Tsuruoka City,City,,Tsuruoka City,yamagata,tohoku,1,,,Published
tendo-city,Tendo City,City,,Tendo City,yamagata,tohoku,1,,,Published
tozawa-village,Tozawa Village,City,,Tozawa Village,yamagata,tohoku,1,,,Published
nagai-city,Nagai City,City,,Nagai City,yamagata,tohoku,1,,,Published
nakayama-town,Nakayama Town,Town,,Nakayama Town,yamagata,tohoku,1,,,Published
nanyo-city,Nanyo City,City,,Nanyo City,yamagata,tohoku,1,,,Published
nishikawa-town,Nishikawa Town,Town,,Nishikawa Town,yamagata,tohoku,1,,,Published
higashine-city,Higashine City,City,,Higashine City,yamagata,tohoku,1,,,Published
funagata-town,Funagata Town,Town,,Funagata Town,yamagata,tohoku,1,,,Published
mamurogawa-town,Mamurogawa Town,Town,,Mamurogawa Town,yamagata,tohoku,1,,,Published
mikawa-town,Mikawa Town,Town,,Mikawa Town,yamagata,tohoku,1,,,Published
murayama-city,Murayama City,City,,Murayama City,yamagata,tohoku,1,,,Published
mogami-town,Mogami Town,Town,,Mogami Town,yamagata,tohoku,1,,,Published
yamagata-city,Yamagata City,City,,Yamagata City,yamagata,tohoku,1,,,Published
yamanobe-town,Yamanobe Town,Town,,Yamanobe Town,yamagata,tohoku,1,,,Published
yuza-town,Yuza Town,Town,,Yuza Town,yamagata,tohoku,1,,,Published
yonezawa-city,Yonezawa City,City,,Yonezawa City,yamagata,tohoku,1,,,Published
aizubange-town,Aizubange Town,Town,,Aizubange Town,fukushima,tohoku,1,,,Published
aizumisato-town,Aizumisato Town,Town,,Aizumisato Town,fukushima,tohoku,1,,,Published
aizuwakamatsu-city,Aizuwakamatsu City,City,,Aizuwakamatsu City,fukushima,tohoku,1,,,Published
asakawa-town,Asakawa Town,Town,,Asakawa Town,fukushima,tohoku,1,,,Published
iitate-village,Iitate Village,City,,Iitate Village,fukushima,tohoku,1,,,Published
ishikawa-town,Ishikawa Town,Town,,Ishikawa Town,fukushima,tohoku,1,,,Published
izumizaki-village,Izumizaki Village,City,,Izumizaki Village,fukushima,tohoku,1,,,Published
inawashiro-town,Inawashiro Town,Town,,Inawashiro Town,fukushima,tohoku,1,,,Published
iwaki-city,Iwaki City,City,,Iwaki City,fukushima,tohoku,1,,,Published
okuma-town,Okuma Town,Town,,Okuma Town,fukushima,tohoku,1,,,Published
otama-village,Otama Village,City,,Otama Village,fukushima,tohoku,1,,,Published
ono-town,Ono Town,Town,,Ono Town,fukushima,tohoku,1,,,Published
kagamiishi-town,Kagamiishi Town,Town,,Kagamiishi Town,fukushima,tohoku,1,,,Published
katsurao-village,Katsurao Village,City,,Katsurao Village,fukushima,tohoku,1,,,Published
kawauchi-village,Kawauchi Village,City,,Kawauchi Village,fukushima,tohoku,1,,,Published
kawamata-town,Kawamata Town,Town,,Kawamata Town,fukushima,tohoku,1,,,Published
kitakata-city,Kitakata City,City,,Kitakata City,fukushima,tohoku,1,,,Published
kitashiobara-village,Kitashiobara Village,City,,Kitashiobara Village,fukushima,tohoku,1,,,Published
kunimi-town,Kunimi Town,Town,,Kunimi Town,fukushima,tohoku,1,,,Published
koori-town,Koori Town,Town,,Koori Town,fukushima,tohoku,1,,,Published
koriyama-city,Koriyama City,City,,Koriyama City,fukushima,tohoku,1,,,Published
samegawa-village,Samegawa Village,City,,Samegawa Village,fukushima,tohoku,1,,,Published
shimogo-town,Shimogo Town,Town,,Shimogo Town,fukushima,tohoku,1,,,Published
showa-village,Showa Village,City,,Showa Village,fukushima,tohoku,1,,,Published
shirakawa-city,Shirakawa City,City,,Shirakawa City,fukushima,tohoku,1,,,Published
shinchi-town,Shinchi Town,Town,,Shinchi Town,fukushima,tohoku,1,,,Published
sukagawa-city,Sukagawa City,City,,Sukagawa City,fukushima,tohoku,1,,,Published
soma-city,Soma City,City,,Soma City,fukushima,tohoku,1,,,Published
tadami-town,Tadami Town,Town,,Tadami Town,fukushima,tohoku,1,,,Published
tanagura-town,Tanagura Town,Town,,Tanagura Town,fukushima,tohoku,1,,,Published
tamakawa-village,Tamakawa Village,City,,Tamakawa Village,fukushima,tohoku,1,,,Published
tamura-city,Tamura City,City,,Tamura City,fukushima,tohoku,1,,,Published
tenei-village,Tenei Village,City,,Tenei Village,fukushima,tohoku,1,,,Published
tomioka-town,Tomioka Town,Town,,Tomioka Town,fukushima,tohoku,1,,,Published
nakajima-village,Nakajima Village,City,,Nakajima Village,fukushima,tohoku,1,,,Published
namie-town,Namie Town,Town,,Namie Town,fukushima,tohoku,1,,,Published
naraha-town,Naraha Town,Town,,Naraha Town,fukushima,tohoku,1,,,Published
nishiaizu-town,Nishiaizu Town,Town,,Nishiaizu Town,fukushima,tohoku,1,,,Published
nishigo-village,Nishigo Village,City,,Nishigo Village,fukushima,tohoku,1,,,Published
nihonmatsu-city,Nihonmatsu City,City,,Nihonmatsu City,fukushima,tohoku,1,,,Published
hanawa-town,Hanawa Town,Town,,Hanawa Town,fukushima,tohoku,1,,,Published
bandai-town,Bandai Town,Town,,Bandai Town,fukushima,tohoku,1,,,Published
hinoemata-village,Hinoemata Village,City,,Hinoemata Village,fukushima,tohoku,1,,,Published
hirata-village,Hirata Village,City,,Hirata Village,fukushima,tohoku,1,,,Published
fukushima-city,Fukushima City,City,,Fukushima City,fukushima,tohoku,1,,,Published
futaba-town,Futaba Town,Town,,Futaba Town,fukushima,tohoku,1,,,Published
furudono-town,Furudono Town,Town,,Furudono Town,fukushima,tohoku,1,,,Published
mishima-town,Mishima Town,Town,,Mishima Town,fukushima,tohoku,1,,,Published
minamiaizu-town,Minamiaizu Town,Town,,Minamiaizu Town,fukushima,tohoku,1,,,Published
minamisoma-city,Minamisoma City,City,,Minamisoma City,fukushima,tohoku,1,,,Published
miharu-town,Miharu Town,Town,,Miharu Town,fukushima,tohoku,1,,,Published
motomiya-city,Motomiya City,City,,Motomiya City,fukushima,tohoku,1,,,Published
yanaizu-town,Yanaizu Town,Town,,Yanaizu Town,fukushima,tohoku,1,,,Published
yabuki-town,Yabuki Town,Town,,Yabuki Town,fukushima,tohoku,1,,,Published
yamatsuri-town,Yamatsuri Town,Town,,Yamatsuri Town,fukushima,tohoku,1,,,Published
yugawa-village,Yugawa Village,City,,Yugawa Village,fukushima,tohoku,1,,,Published
ami-town,Ami Town,Town,,Ami Town,ibaraki,kanto,1,,,Published
ishioka-city,Ishioka City,City,,Ishioka City,ibaraki,kanto,1,,,Published
itako-city,Itako City,City,,Itako City,ibaraki,kanto,1,,,Published
inashiki-city,Inashiki City,City,,Inashiki City,ibaraki,kanto,1,,,Published
ibaraki-town,Ibaraki Town,Town,,Ibaraki Town,ibaraki,kanto,1,,,Published
ushiku-city,Ushiku City,City,,Ushiku City,ibaraki,kanto,1,,,Published
oarai-town,Oarai Town,Town,,Oarai Town,ibaraki,kanto,1,,,Published
omitama-city,Omitama City,City,,Omitama City,ibaraki,kanto,1,,,Published
kasama-city,Kasama City,City,,Kasama City,ibaraki,kanto,1,,,Published
kashima-city,Kashima City,City,,Kashima City,ibaraki,kanto,1,,,Published
kasumigaura-city,Kasumigaura City,City,,Kasumigaura City,ibaraki,kanto,1,,,Published
kamisu-city,Kamisu City,City,,Kamisu City,ibaraki,kanto,1,,,Published
kawachi-town,Kawachi Town,Town,,Kawachi Town,ibaraki,kanto,1,,,Published
kitaibaraki-city,Kitaibaraki City,City,,Kitaibaraki City,ibaraki,kanto,1,,,Published
koga-city,Koga City,City,,Koga City,ibaraki,kanto,1,,,Published
goka-town,Goka Town,Town,,Goka Town,ibaraki,kanto,1,,,Published
sakai-town,Sakai Town,Town,,Sakai Town,ibaraki,kanto,1,,,Published
sakuragawa-city,Sakuragawa City,City,,Sakuragawa City,ibaraki,kanto,1,,,Published
shimotsuma-city,Shimotsuma City,City,,Shimotsuma City,ibaraki,kanto,1,,,Published
joso-city,Joso City,City,,Joso City,ibaraki,kanto,1,,,Published
shirosato-town,Shirosato Town,Town,,Shirosato Town,ibaraki,kanto,1,,,Published
daigo-town,Daigo Town,Town,,Daigo Town,ibaraki,kanto,1,,,Published
takahagi-city,Takahagi City,City,,Takahagi City,ibaraki,kanto,1,,,Published
chikusei-city,Chikusei City,City,,Chikusei City,ibaraki,kanto,1,,,Published
tsukuba-city,Tsukuba City,City,,Tsukuba City,ibaraki,kanto,1,,,Published
tsukubamirai-city,Tsukubamirai City,City,,Tsukubamirai City,ibaraki,kanto,1,,,Published
tsuchiura-city,Tsuchiura City,City,,Tsuchiura City,ibaraki,kanto,1,,,Published
tokai-village,Tokai Village,City,,Tokai Village,ibaraki,kanto,1,,,Published
tone-town,Tone Town,Town,,Tone Town,ibaraki,kanto,1,,,Published
toride-city,Toride City,City,,Toride City,ibaraki,kanto,1,,,Published
naka-city,Naka City,City,,Naka City,ibaraki,kanto,1,,,Published
namegata-city,Namegata City,City,,Namegata City,ibaraki,kanto,1,,,Published
bando-city,Bando City,City,,Bando City,ibaraki,kanto,1,,,Published
hitachiota-city,Hitachiota City,City,,Hitachiota City,ibaraki,kanto,1,,,Published
hitachiomiya-city,Hitachiomiya City,City,,Hitachiomiya City,ibaraki,kanto,1,,,Published
hitachi-city,Hitachi City,City,,Hitachi City,ibaraki,kanto,1,,,Published
hitachinaka-city,Hitachinaka City,City,,Hitachinaka City,ibaraki,kanto,1,,,Published
hokota-city,Hokota City,City,,Hokota City,ibaraki,kanto,1,,,Published
mito-city,Mito City,City,,Mito City,ibaraki,kanto,1,,,Published
miho-village,Miho Village,City,,Miho Village,ibaraki,kanto,1,,,Published
moriya-city,Moriya City,City,,Moriya City,ibaraki,kanto,1,,,Published
yachiyo-town,Yachiyo Town,Town,,Yachiyo Town,ibaraki,kanto,1,,,Published
yuki-city,Yuki City,City,,Yuki City,ibaraki,kanto,1,,,Published
ryugasaki-city,Ryugasaki City,City,,Ryugasaki City,ibaraki,kanto,1,,,Published
ashikaga-city,Ashikaga City,City,,Ashikaga City,tochigi,kanto,1,,,Published
ichikai-town,Ichikai Town,Town,,Ichikai Town,tochigi,kanto,1,,,Published
utsunomiya-city,Utsunomiya City,City,,Utsunomiya City,tochigi,kanto,1,,,Published
otawara-city,Otawara City,City,,Otawara City,tochigi,kanto,1,,,Published
oyama-city,Oyama City,City,,Oyama City,tochigi,kanto,1,,,Published
kanuma-city,Kanuma City,City,,Kanuma City,tochigi,kanto,1,,,Published
kaminokawa-town,Kaminokawa Town,Town,,Kaminokawa Town,tochigi,kanto,1,,,Published
sakura-city,Sakura City,City,,Sakura City,tochigi,kanto,1,,,Published
sano-city,Sano City,City,,Sano City,tochigi,kanto,1,,,Published
shioya-town,Shioya Town,Town,,Shioya Town,tochigi,kanto,1,,,Published
shimotsuke-city,Shimotsuke City,City,,Shimotsuke City,tochigi,kanto,1,,,Published
takanezawa-town,Takanezawa Town,Town,,Takanezawa Town,tochigi,kanto,1,,,Published
tochigi-city,Tochigi City,City,,Tochigi City,tochigi,kanto,1,,,Published
nasukarasuyama-city,Nasukarasuyama City,City,,Nasukarasuyama City,tochigi,kanto,1,,,Published
nasushiobara-city,Nasushiobara City,City,,Nasushiobara City,tochigi,kanto,1,,,Published
nasu-town,Nasu Town,Town,,Nasu Town,tochigi,kanto,1,,,Published
nikko-city,Nikko City,City,,Nikko City,tochigi,kanto,1,,,Published
nogi-town,Nogi Town,Town,,Nogi Town,tochigi,kanto,1,,,Published
haga-town,Haga Town,Town,,Haga Town,tochigi,kanto,1,,,Published
mashiko-town,Mashiko Town,Town,,Mashiko Town,tochigi,kanto,1,,,Published
mibu-town,Mibu Town,Town,,Mibu Town,tochigi,kanto,1,,,Published
moka-city,Moka City,City,,Moka City,tochigi,kanto,1,,,Published
motegi-town,Motegi Town,Town,,Motegi Town,tochigi,kanto,1,,,Published
yaita-city,Yaita City,City,,Yaita City,tochigi,kanto,1,,,Published
annaka-city,Annaka City,City,,Annaka City,gunma,kanto,1,,,Published
isesaki-city,Isesaki City,City,,Isesaki City,gunma,kanto,1,,,Published
itakura-town,Itakura Town,Town,,Itakura Town,gunma,kanto,1,,,Published
ueno-village,Ueno Village,City,,Ueno Village,gunma,kanto,1,,,Published
ora-town,Ora Town,Town,,Ora Town,gunma,kanto,1,,,Published
oizumi-town,Oizumi Town,Town,,Oizumi Town,gunma,kanto,1,,,Published
ota-city,Ota City,City,,Ota City,gunma,kanto,1,,,Published
katashina-village,Katashina Village,City,,Katashina Village,gunma,kanto,1,,,Published
kawaba-village,Kawaba Village,City,,Kawaba Village,gunma,kanto,1,,,Published
kanna-town,Kanna Town,Town,,Kanna Town,gunma,kanto,1,,,Published
kanra-town,Kanra Town,Town,,Kanra Town,gunma,kanto,1,,,Published
kiryu-city,Kiryu City,City,,Kiryu City,gunma,kanto,1,,,Published
kusatsu-town,Kusatsu Town,Town,,Kusatsu Town,gunma,kanto,1,,,Published
shibukawa-city,Shibukawa City,City,,Shibukawa City,gunma,kanto,1,,,Published
shimonita-town,Shimonita Town,Town,,Shimonita Town,gunma,kanto,1,,,Published
shinto-village,Shinto Village,City,,Shinto Village,gunma,kanto,1,,,Published
takasaki-city,Takasaki City,City,,Takasaki City,gunma,kanto,1,,,Published
takayama-village,Takayama Village,City,,Takayama Village,gunma,kanto,1,,,Published
tatebayashi-city,Tatebayashi City,City,,Tatebayashi City,gunma,kanto,1,,,Published
tamamura-town,Tamamura Town,Town,,Tamamura Town,gunma,kanto,1,,,Published
chiyoda-town,Chiyoda Town,Town,,Chiyoda Town,gunma,kanto,1,,,Published
tsumagoi-village,Tsumagoi Village,City,,Tsumagoi Village,gunma,kanto,1,,,Published
tomioka-city,Tomioka City,City,,Tomioka City,gunma,kanto,1,,,Published
nakanojo-town,Nakanojo Town,Town,,Nakanojo Town,gunma,kanto,1,,,Published
naganohara-town,Naganohara Town,Town,,Naganohara Town,gunma,kanto,1,,,Published
nanmoku-village,Nanmoku Village,City,,Nanmoku Village,gunma,kanto,1,,,Published
numata-city,Numata City,City,,Numata City,gunma,kanto,1,,,Published
higashiagatsuma-town,Higashiagatsuma Town,Town,,Higashiagatsuma Town,gunma,kanto,1,,,Published
fujioka-city,Fujioka City,City,,Fujioka City,gunma,kanto,1,,,Published
maebashi-city,Maebashi City,City,,Maebashi City,gunma,kanto,1,,,Published
midori-city,Midori City,City,,Midori City,gunma,kanto,1,,,Published
minakami-town,Minakami Town,Town,,Minakami Town,gunma,kanto,1,,,Published
meiwa-town,Meiwa Town,Town,,Meiwa Town,gunma,kanto,1,,,Published
yoshioka-town,Yoshioka Town,Town,,Yoshioka Town,gunma,kanto,1,,,Published
ageo-city,Ageo City,City,,Ageo City,saitama,kanto,1,,,Published
asaka-city,Asaka City,City,,Asaka City,saitama,kanto,1,,,Published
ina-town,Ina Town,Town,,Ina Town,saitama,kanto,1,,,Published
iruma-city,Iruma City,City,,Iruma City,saitama,kanto,1,,,Published
ogano-town,Ogano Town,Town,,Ogano Town,saitama,kanto,1,,,Published
ogawa-town,Ogawa Town,Town,,Ogawa Town,saitama,kanto,1,,,Published
okegawa-city,Okegawa City,City,,Okegawa City,saitama,kanto,1,,,Published
ogose-town,Ogose Town,Town,,Ogose Town,saitama,kanto,1,,,Published
kasukabe-city,Kasukabe City,City,,Kasukabe City,saitama,kanto,1,,,Published
kazo-city,Kazo City,City,,Kazo City,saitama,kanto,1,,,Published
kamisato-town,Kamisato Town,Town,,Kamisato Town,saitama,kanto,1,,,Published
kawaguchi-city,Kawaguchi City,City,,Kawaguchi City,saitama,kanto,1,,,Published
kawagoe-city,Kawagoe City,City,,Kawagoe City,saitama,kanto,1,,,Published
kawajima-town,Kawajima Town,Town,,Kawajima Town,saitama,kanto,1,,,Published
kitamoto-city,Kitamoto City,City,,Kitamoto City,saitama,kanto,1,,,Published
gyoda-city,Gyoda City,City,,Gyoda City,saitama,kanto,1,,,Published
kuki-city,Kuki City,City,,Kuki City,saitama,kanto,1,,,Published
kumagaya-city,Kumagaya City,City,,Kumagaya City,saitama,kanto,1,,,Published
konosu-city,Konosu City,City,,Konosu City,saitama,kanto,1,,,Published
koshigaya-city,Koshigaya City,City,,Koshigaya City,saitama,kanto,1,,,Published
saitama-city,Saitama City,City,,Saitama City,saitama,kanto,1,,,Published
sakado-city,Sakado City,City,,Sakado City,saitama,kanto,1,,,Published
satte-city,Satte City,City,,Satte City,saitama,kanto,1,,,Published
sayama-city,Sayama City,City,,Sayama City,saitama,kanto,1,,,Published
shiki-city,Shiki City,City,,Shiki City,saitama,kanto,1,,,Published
shiraoka-city,Shiraoka City,City,,Shiraoka City,saitama,kanto,1,,,Published
sugito-town,Sugito Town,Town,,Sugito Town,saitama,kanto,1,,,Published
soka-city,Soka City,City,,Soka City,saitama,kanto,1,,,Published
chichibu-city,Chichibu City,City,,Chichibu City,saitama,kanto,1,,,Published
tsurugashima-city,Tsurugashima City,City,,Tsurugashima City,saitama,kanto,1,,,Published
tokigawa-town,Tokigawa Town,Town,,Tokigawa Town,saitama,kanto,1,,,Published
tokorozawa-city,Tokorozawa City,City,,Tokorozawa City,saitama,kanto,1,,,Published
toda-city,Toda City,City,,Toda City,saitama,kanto,1,,,Published
nagatoro-town,Nagatoro Town,Town,,Nagatoro Town,saitama,kanto,1,,,Published
namegawa-town,Namegawa Town,Town,,Namegawa Town,saitama,kanto,1,,,Published
niiza-city,Niiza City,City,,Niiza City,saitama,kanto,1,,,Published
hasuda-city,Hasuda City,City,,Hasuda City,saitama,kanto,1,,,Published
hatoyama-town,Hatoyama Town,Town,,Hatoyama Town,saitama,kanto,1,,,Published
hanyu-city,Hanyu City,City,,Hanyu City,saitama,kanto,1,,,Published
hanno-city,Hanno City,City,,Hanno City,saitama,kanto,1,,,Published
higashichichibu-village,Higashichichibu Village,City,,Higashichichibu Village,saitama,kanto,1,,,Published
higashimatsuyama-city,Higashimatsuyama City,City,,Higashimatsuyama City,saitama,kanto,1,,,Published
hidaka-city,Hidaka City,City,,Hidaka City,saitama,kanto,1,,,Published
fukaya-city,Fukaya City,City,,Fukaya City,saitama,kanto,1,,,Published
fujimi-city,Fujimi City,City,,Fujimi City,saitama,kanto,1,,,Published
fujimino-city,Fujimino City,City,,Fujimino City,saitama,kanto,1,,,Published
honjo-city,Honjo City,City,,Honjo City,saitama,kanto,1,,,Published
matsubushi-town,Matsubushi Town,Town,,Matsubushi Town,saitama,kanto,1,,,Published
misato-city,Misato City,City,,Misato City,saitama,kanto,1,,,Published
minano-town,Minano Town,Town,,Minano Town,saitama,kanto,1,,,Published
miyashiro-town,Miyashiro Town,Town,,Miyashiro Town,saitama,kanto,1,,,Published
miyoshi-town,Miyoshi Town,Town,,Miyoshi Town,saitama,kanto,1,,,Published
moroyama-town,Moroyama Town,Town,,Moroyama Town,saitama,kanto,1,,,Published
yashio-city,Yashio City,City,,Yashio City,saitama,kanto,1,,,Published
yokoze-town,Yokoze Town,Town,,Yokoze Town,saitama,kanto,1,,,Published
yoshikawa-city,Yoshikawa City,City,,Yoshikawa City,saitama,kanto,1,,,Published
yoshimi-town,Yoshimi Town,Town,,Yoshimi Town,saitama,kanto,1,,,Published
yorii-town,Yorii Town,Town,,Yorii Town,saitama,kanto,1,,,Published
ranzan-town,Ranzan Town,Town,,Ranzan Town,saitama,kanto,1,,,Published
wako-city,Wako City,City,,Wako City,saitama,kanto,1,,,Published
warabi-city,Warabi City,City,,Warabi City,saitama,kanto,1,,,Published
asahi-city,Asahi City,City,,Asahi City,chiba,kanto,1,,,Published
abiko-city,Abiko City,City,,Abiko City,chiba,kanto,1,,,Published
isumi-city,Isumi City,City,,Isumi City,chiba,kanto,1,,,Published
ichikawa-city,Ichikawa City,City,,Ichikawa City,chiba,kanto,1,,,Published
ichinomiya-town,Ichinomiya Town,Town,,Ichinomiya Town,chiba,kanto,1,,,Published
ichihara-city,Ichihara City,City,,Ichihara City,chiba,kanto,1,,,Published
inzai-city,Inzai City,City,,Inzai City,chiba,kanto,1,,,Published
urayasu-city,Urayasu City,City,,Urayasu City,chiba,kanto,1,,,Published
oamishirasato-city,Oamishirasato City,City,,Oamishirasato City,chiba,kanto,1,,,Published
otaki-town,Otaki Town,Town,,Otaki Town,chiba,kanto,1,,,Published
onjuku-town,Onjuku Town,Town,,Onjuku Town,chiba,kanto,1,,,Published
kashiwa-city,Kashiwa City,City,,Kashiwa City,chiba,kanto,1,,,Published
katsuura-city,Katsuura City,City,,Katsuura City,chiba,kanto,1,,,Published
katori-city,Katori City,City,,Katori City,chiba,kanto,1,,,Published
kamagaya-city,Kamagaya City,City,,Kamagaya City,chiba,kanto,1,,,Published
kamogawa-city,Kamogawa City,City,,Kamogawa City,chiba,kanto,1,,,Published
kisarazu-city,Kisarazu City,City,,Kisarazu City,chiba,kanto,1,,,Published
kimitsu-city,Kimitsu City,City,,Kimitsu City,chiba,kanto,1,,,Published
kyonan-town,Kyonan Town,Town,,Kyonan Town,chiba,kanto,1,,,Published
kujukuri-town,Kujukuri Town,Town,,Kujukuri Town,chiba,kanto,1,,,Published
kozaki-town,Kozaki Town,Town,,Kozaki Town,chiba,kanto,1,,,Published
sakae-town,Sakae Town,Town,,Sakae Town,chiba,kanto,1,,,Published
sammu-city,Sammu City,City,,Sammu City,chiba,kanto,1,,,Published
shisui-town,Shisui Town,Town,,Shisui Town,chiba,kanto,1,,,Published
shibayama-town,Shibayama Town,Town,,Shibayama Town,chiba,kanto,1,,,Published
shirako-town,Shirako Town,Town,,Shirako Town,chiba,kanto,1,,,Published
shiroi-city,Shiroi City,City,,Shiroi City,chiba,kanto,1,,,Published
sosa-city,Sosa City,City,,Sosa City,chiba,kanto,1,,,Published
sodegaura-city,Sodegaura City,City,,Sodegaura City,chiba,kanto,1,,,Published
tako-town,Tako Town,Town,,Tako Town,chiba,kanto,1,,,Published
tateyama-city,Tateyama City,City,,Tateyama City,chiba,kanto,1,,,Published
chiba-city,Chiba City,City,,Chiba City,chiba,kanto,1,,,Published
choshi-city,Choshi City,City,,Choshi City,chiba,kanto,1,,,Published
chosei-village,Chosei Village,City,,Chosei Village,chiba,kanto,1,,,Published
chonan-town,Chonan Town,Town,,Chonan Town,chiba,kanto,1,,,Published
togane-city,Togane City,City,,Togane City,chiba,kanto,1,,,Published
tonosho-town,Tonosho Town,Town,,Tonosho Town,chiba,kanto,1,,,Published
tomisato-city,Tomisato City,City,,Tomisato City,chiba,kanto,1,,,Published
nagara-town,Nagara Town,Town,,Nagara Town,chiba,kanto,1,,,Published
nagareyama-city,Nagareyama City,City,,Nagareyama City,chiba,kanto,1,,,Published
narashino-city,Narashino City,City,,Narashino City,chiba,kanto,1,,,Published
narita-city,Narita City,City,,Narita City,chiba,kanto,1,,,Published
noda-city,Noda City,City,,Noda City,chiba,kanto,1,,,Published
futtsu-city,Futtsu City,City,,Futtsu City,chiba,kanto,1,,,Published
funabashi-city,Funabashi City,City,,Funabashi City,chiba,kanto,1,,,Published
matsudo-city,Matsudo City,City,,Matsudo City,chiba,kanto,1,,,Published
minamiboso-city,Minamiboso City,City,,Minamiboso City,chiba,kanto,1,,,Published
mutsuzawa-town,Mutsuzawa Town,Town,,Mutsuzawa Town,chiba,kanto,1,,,Published
mobara-city,Mobara City,City,,Mobara City,chiba,kanto,1,,,Published
yachimata-city,Yachimata City,City,,Yachimata City,chiba,kanto,1,,,Published
yachiyo-city,Yachiyo City,City,,Yachiyo City,chiba,kanto,1,,,Published
yokoshibahikari-town,Yokoshibahikari Town,Town,,Yokoshibahikari Town,chiba,kanto,1,,,Published
yotsukaido-city,Yotsukaido City,City,,Yotsukaido City,chiba,kanto,1,,,Published
aikawa-town,Aikawa Town,Town,,Aikawa Town,kanagawa,kanto,1,,,Published
atsugi-city,Atsugi City,City,,Atsugi City,kanagawa,kanto,1,,,Published
ayase-city,Ayase City,City,,Ayase City,kanagawa,kanto,1,,,Published
isehara-city,Isehara City,City,,Isehara City,kanagawa,kanto,1,,,Published
ebina-city,Ebina City,City,,Ebina City,kanagawa,kanto,1,,,Published
oiso-town,Oiso Town,Town,,Oiso Town,kanagawa,kanto,1,,,Published
oi-town,Oi Town,Town,,Oi Town,kanagawa,kanto,1,,,Published
odawara-city,Odawara City,City,,Odawara City,kanagawa,kanto,1,,,Published
kaisei-town,Kaisei Town,Town,,Kaisei Town,kanagawa,kanto,1,,,Published
kamakura-city,Kamakura City,City,,Kamakura City,kanagawa,kanto,1,,,Published
kawasaki-city,Kawasaki City,City,,Kawasaki City,kanagawa,kanto,1,,,Published
kiyokawa-village,Kiyokawa Village,City,,Kiyokawa Village,kanagawa,kanto,1,,,Published
sagamihara-city,Sagamihara City,City,,Sagamihara City,kanagawa,kanto,1,,,Published
zama-city,Zama City,City,,Zama City,kanagawa,kanto,1,,,Published
samukawa-town,Samukawa Town,Town,,Samukawa Town,kanagawa,kanto,1,,,Published
zushi-city,Zushi City,City,,Zushi City,kanagawa,kanto,1,,,Published
chigasaki-city,Chigasaki City,City,,Chigasaki City,kanagawa,kanto,1,,,Published
nakai-town,Nakai Town,Town,,Nakai Town,kanagawa,kanto,1,,,Published
ninomiya-town,Ninomiya Town,Town,,Ninomiya Town,kanagawa,kanto,1,,,Published
hakone-town,Hakone Town,Town,,Hakone Town,kanagawa,kanto,1,,,Published
hadano-city,Hadano City,City,,Hadano City,kanagawa,kanto,1,,,Published
hayama-town,Hayama Town,Town,,Hayama Town,kanagawa,kanto,1,,,Published
hiratsuka-city,Hiratsuka City,City,,Hiratsuka City,kanagawa,kanto,1,,,Published
fujisawa-city,Fujisawa City,City,,Fujisawa City,kanagawa,kanto,1,,,Published
matsuda-town,Matsuda Town,Town,,Matsuda Town,kanagawa,kanto,1,,,Published
manazuru-town,Manazuru Town,Town,,Manazuru Town,kanagawa,kanto,1,,,Published
miura-city,Miura City,City,,Miura City,kanagawa,kanto,1,,,Published
minamiashigara-city,Minamiashigara City,City,,Minamiashigara City,kanagawa,kanto,1,,,Published
yamakita-town,Yamakita Town,Town,,Yamakita Town,kanagawa,kanto,1,,,Published
yamato-city,Yamato City,City,,Yamato City,kanagawa,kanto,1,,,Published
yugawara-town,Yugawara Town,Town,,Yugawara Town,kanagawa,kanto,1,,,Published
yokosuka-city,Yokosuka City,City,,Yokosuka City,kanagawa,kanto,1,,,Published
yokohama-city,Yokohama City,City,,Yokohama City,kanagawa,kanto,1,,,Published
aogashima-village,Aogashima Village,City,,Aogashima Village,tokyo,kanto,1,,,Published
akishima-city,Akishima City,City,,Akishima City,tokyo,kanto,1,,,Published
akiruno-city,Akiruno City,City,,Akiruno City,tokyo,kanto,1,,,Published
adachi-ward,Adachi Ward,Area,,Adachi Ward,tokyo,kanto,1,,,Published
arakawa-ward,Arakawa Ward,Area,,Arakawa Ward,tokyo,kanto,1,,,Published
itabashi-ward,Itabashi Ward,Area,,Itabashi Ward,tokyo,kanto,1,,,Published
inagi-city,Inagi City,City,,Inagi City,tokyo,kanto,1,,,Published
edogawa-ward,Edogawa Ward,Area,,Edogawa Ward,tokyo,kanto,1,,,Published
ome-city,Ome City,City,,Ome City,tokyo,kanto,1,,,Published
oshima-town,Oshima Town,Town,,Oshima Town,tokyo,kanto,1,,,Published
ota-ward,Ota Ward,Area,,Ota Ward,tokyo,kanto,1,,,Published
ogasawara-village,Ogasawara Village,City,,Ogasawara Village,tokyo,kanto,1,,,Published
okutama-town,Okutama Town,Town,,Okutama Town,tokyo,kanto,1,,,Published
katsushika-ward,Katsushika Ward,Area,,Katsushika Ward,tokyo,kanto,1,,,Published
kita-ward,Kita Ward,Area,,Kita Ward,tokyo,kanto,1,,,Published
kiyose-city,Kiyose City,City,,Kiyose City,tokyo,kanto,1,,,Published
kunitachi-city,Kunitachi City,City,,Kunitachi City,tokyo,kanto,1,,,Published
kozushima-village,Kozushima Village,City,,Kozushima Village,tokyo,kanto,1,,,Published
koto-ward,Koto Ward,Area,,Koto Ward,tokyo,kanto,1,,,Published
koganei-city,Koganei City,City,,Koganei City,tokyo,kanto,1,,,Published
kokubunji-city,Kokubunji City,City,,Kokubunji City,tokyo,kanto,1,,,Published
kodaira-city,Kodaira City,City,,Kodaira City,tokyo,kanto,1,,,Published
komae-city,Komae City,City,,Komae City,tokyo,kanto,1,,,Published
shinagawa-ward,Shinagawa Ward,Area,,Shinagawa Ward,tokyo,kanto,1,,,Published
shibuya-ward,Shibuya Ward,Area,,Shibuya Ward,tokyo,kanto,1,,,Published
shinjuku-ward,Shinjuku Ward,Area,,Shinjuku Ward,tokyo,kanto,1,,,Published
suginami-ward,Suginami Ward,Area,,Suginami Ward,tokyo,kanto,1,,,Published
sumida-ward,Sumida Ward,Area,,Sumida Ward,tokyo,kanto,1,,,Published
setagaya-ward,Setagaya Ward,Area,,Setagaya Ward,tokyo,kanto,1,,,Published
taito-ward,Taito Ward,Area,,Taito Ward,tokyo,kanto,1,,,Published
tachikawa-city,Tachikawa City,City,,Tachikawa City,tokyo,kanto,1,,,Published
tama-city,Tama City,City,,Tama City,tokyo,kanto,1,,,Published
chuo-ward,Chuo Ward,Area,,Chuo Ward,tokyo,kanto,1,,,Published
chofu-city,Chofu City,City,,Chofu City,tokyo,kanto,1,,,Published
chiyoda-ward,Chiyoda Ward,Area,,Chiyoda Ward,tokyo,kanto,1,,,Published
toshima-ward,Toshima Ward,Area,,Toshima Ward,tokyo,kanto,1,,,Published
toshima-village,Toshima Village,City,,Toshima Village,tokyo,kanto,1,,,Published
nakano-ward,Nakano Ward,Area,,Nakano Ward,tokyo,kanto,1,,,Published
niijima-village,Niijima Village,City,,Niijima Village,tokyo,kanto,1,,,Published
nishitokyo-city,Nishitokyo City,City,,Nishitokyo City,tokyo,kanto,1,,,Published
nerima-ward,Nerima Ward,Area,,Nerima Ward,tokyo,kanto,1,,,Published
hachioji-city,Hachioji City,City,,Hachioji City,tokyo,kanto,1,,,Published
hachijo-town,Hachijo Town,Town,,Hachijo Town,tokyo,kanto,1,,,Published
hamura-city,Hamura City,City,,Hamura City,tokyo,kanto,1,,,Published
higashikurume-city,Higashikurume City,City,,Higashikurume City,tokyo,kanto,1,,,Published
higashimurayama-city,Higashimurayama City,City,,Higashimurayama City,tokyo,kanto,1,,,Published
higashiyamato-city,Higashiyamato City,City,,Higashiyamato City,tokyo,kanto,1,,,Published
hino-city,Hino City,City,,Hino City,tokyo,kanto,1,,,Published
hinode-town,Hinode Town,Town,,Hinode Town,tokyo,kanto,1,,,Published
hinohara-village,Hinohara Village,City,,Hinohara Village,tokyo,kanto,1,,,Published
fuchu-city,Fuchu City,City,,Fuchu City,tokyo,kanto,1,,,Published
fussa-city,Fussa City,City,,Fussa City,tokyo,kanto,1,,,Published
bunkyo-ward,Bunkyo Ward,Area,,Bunkyo Ward,tokyo,kanto,1,,,Published
machida-city,Machida City,City,,Machida City,tokyo,kanto,1,,,Published
mikurajima-village,Mikurajima Village,City,,Mikurajima Village,tokyo,kanto,1,,,Published
mizuho-town,Mizuho Town,Town,,Mizuho Town,tokyo,kanto,1,,,Published
mitaka-city,Mitaka City,City,,Mitaka City,tokyo,kanto,1,,,Published
minato-ward,Minato Ward,Area,,Minato Ward,tokyo,kanto,1,,,Published
miyake-village,Miyake Village,City,,Miyake Village,tokyo,kanto,1,,,Published
musashino-city,Musashino City,City,,Musashino City,tokyo,kanto,1,,,Published
musashimurayama-city,Musashimurayama City,City,,Musashimurayama City,tokyo,kanto,1,,,Published
meguro-ward,Meguro Ward,Area,,Meguro Ward,tokyo,kanto,1,,,Published
agano-city,Agano City,City,,Agano City,niigata,chubu,1,,,Published
aga-town,Aga Town,Town,,Aga Town,niigata,chubu,1,,,Published
awashimaura-village,Awashimaura Village,City,,Awashimaura Village,niigata,chubu,1,,,Published
izumozaki-town,Izumozaki Town,Town,,Izumozaki Town,niigata,chubu,1,,,Published
itoigawa-city,Itoigawa City,City,,Itoigawa City,niigata,chubu,1,,,Published
uonuma-city,Uonuma City,City,,Uonuma City,niigata,chubu,1,,,Published
ojiya-city,Ojiya City,City,,Ojiya City,niigata,chubu,1,,,Published
kashiwazaki-city,Kashiwazaki City,City,,Kashiwazaki City,niigata,chubu,1,,,Published
kamo-city,Kamo City,City,,Kamo City,niigata,chubu,1,,,Published
kariwa-village,Kariwa Village,City,,Kariwa Village,niigata,chubu,1,,,Published
gosen-city,Gosen City,City,,Gosen City,niigata,chubu,1,,,Published
sado-city,Sado City,City,,Sado City,niigata,chubu,1,,,Published
sanjo-city,Sanjo City,City,,Sanjo City,niigata,chubu,1,,,Published
shibata-city,Shibata City,City,,Shibata City,niigata,chubu,1,,,Published
joetsu-city,Joetsu City,City,,Joetsu City,niigata,chubu,1,,,Published
seiro-town,Seiro Town,Town,,Seiro Town,niigata,chubu,1,,,Published
sekikawa-village,Sekikawa Village,City,,Sekikawa Village,niigata,chubu,1,,,Published
tainai-city,Tainai City,City,,Tainai City,niigata,chubu,1,,,Published
tagami-town,Tagami Town,Town,,Tagami Town,niigata,chubu,1,,,Published
tsunan-town,Tsunan Town,Town,,Tsunan Town,niigata,chubu,1,,,Published
tsubame-city,Tsubame City,City,,Tsubame City,niigata,chubu,1,,,Published
tokamachi-city,Tokamachi City,City,,Tokamachi City,niigata,chubu,1,,,Published
nagaoka-city,Nagaoka City,City,,Nagaoka City,niigata,chubu,1,,,Published
niigata-city,Niigata City,City,,Niigata City,niigata,chubu,1,,,Published
mitsuke-city,Mitsuke City,City,,Mitsuke City,niigata,chubu,1,,,Published
minamiuonuma-city,Minamiuonuma City,City,,Minamiuonuma City,niigata,chubu,1,,,Published
myoko-city,Myoko City,City,,Myoko City,niigata,chubu,1,,,Published
murakami-city,Murakami City,City,,Murakami City,niigata,chubu,1,,,Published
yahiko-village,Yahiko Village,City,,Yahiko Village,niigata,chubu,1,,,Published
yuzawa-town,Yuzawa Town,Town,,Yuzawa Town,niigata,chubu,1,,,Published
imizu-city,Imizu City,City,,Imizu City,toyama,chubu,1,,,Published
uozu-city,Uozu City,City,,Uozu City,toyama,chubu,1,,,Published
oyabe-city,Oyabe City,City,,Oyabe City,toyama,chubu,1,,,Published
kamiichi-town,Kamiichi Town,Town,,Kamiichi Town,toyama,chubu,1,,,Published
kurobe-city,Kurobe City,City,,Kurobe City,toyama,chubu,1,,,Published
takaoka-city,Takaoka City,City,,Takaoka City,toyama,chubu,1,,,Published
tateyama-town,Tateyama Town,Town,,Tateyama Town,toyama,chubu,1,,,Published
tonami-city,Tonami City,City,,Tonami City,toyama,chubu,1,,,Published
toyama-city,Toyama City,City,,Toyama City,toyama,chubu,1,,,Published
namerikawa-city,Namerikawa City,City,,Namerikawa City,toyama,chubu,1,,,Published
nanto-city,Nanto City,City,,Nanto City,toyama,chubu,1,,,Published
nyuzen-town,Nyuzen Town,Town,,Nyuzen Town,toyama,chubu,1,,,Published
himi-city,Himi City,City,,Himi City,toyama,chubu,1,,,Published
funahashi-village,Funahashi Village,City,,Funahashi Village,toyama,chubu,1,,,Published
anamizu-town,Anamizu Town,Town,,Anamizu Town,ishikawa,chubu,1,,,Published
uchinada-town,Uchinada Town,Town,,Uchinada Town,ishikawa,chubu,1,,,Published
kaga-city,Kaga City,City,,Kaga City,ishikawa,chubu,1,,,Published
kanazawa-city,Kanazawa City,City,,Kanazawa City,ishikawa,chubu,1,,,Published
kahoku-city,Kahoku City,City,,Kahoku City,ishikawa,chubu,1,,,Published
kawakita-town,Kawakita Town,Town,,Kawakita Town,ishikawa,chubu,1,,,Published
komatsu-city,Komatsu City,City,,Komatsu City,ishikawa,chubu,1,,,Published
shika-town,Shika Town,Town,,Shika Town,ishikawa,chubu,1,,,Published
suzu-city,Suzu City,City,,Suzu City,ishikawa,chubu,1,,,Published
tsubata-town,Tsubata Town,Town,,Tsubata Town,ishikawa,chubu,1,,,Published
nakanoto-town,Nakanoto Town,Town,,Nakanoto Town,ishikawa,chubu,1,,,Published
nanao-city,Nanao City,City,,Nanao City,ishikawa,chubu,1,,,Published
noto-town,Noto Town,Town,,Noto Town,ishikawa,chubu,1,,,Published
nonoichi-city,Nonoichi City,City,,Nonoichi City,ishikawa,chubu,1,,,Published
nomi-city,Nomi City,City,,Nomi City,ishikawa,chubu,1,,,Published
hakui-city,Hakui City,City,,Hakui City,ishikawa,chubu,1,,,Published
hakusan-city,Hakusan City,City,,Hakusan City,ishikawa,chubu,1,,,Published
hodatsushimizu-town,Hodatsushimizu Town,Town,,Hodatsushimizu Town,ishikawa,chubu,1,,,Published
wajima-city,Wajima City,City,,Wajima City,ishikawa,chubu,1,,,Published
awara-city,Awara City,City,,Awara City,fukui,chubu,1,,,Published
eiheiji-town,Eiheiji Town,Town,,Eiheiji Town,fukui,chubu,1,,,Published
echizen-city,Echizen City,City,,Echizen City,fukui,chubu,1,,,Published
echizen-town,Echizen Town,Town,,Echizen Town,fukui,chubu,1,,,Published
ono-city,Ono City,City,,Ono City,fukui,chubu,1,,,Published
obama-city,Obama City,City,,Obama City,fukui,chubu,1,,,Published
katsuyama-city,Katsuyama City,City,,Katsuyama City,fukui,chubu,1,,,Published
sakai-city,Sakai City,City,,Sakai City,fukui,chubu,1,,,Published
sabae-city,Sabae City,City,,Sabae City,fukui,chubu,1,,,Published
takahama-town,Takahama Town,Town,,Takahama Town,fukui,chubu,1,,,Published
tsuruga-city,Tsuruga City,City,,Tsuruga City,fukui,chubu,1,,,Published
fukui-city,Fukui City,City,,Fukui City,fukui,chubu,1,,,Published
minamiechizen-town,Minamiechizen Town,Town,,Minamiechizen Town,fukui,chubu,1,,,Published
mihama-town,Mihama Town,Town,,Mihama Town,fukui,chubu,1,,,Published
wakasa-town,Wakasa Town,Town,,Wakasa Town,fukui,chubu,1,,,Published
ichikawamisato-town,Ichikawamisato Town,Town,,Ichikawamisato Town,yamanashi,chubu,1,,,Published
uenohara-city,Uenohara City,City,,Uenohara City,yamanashi,chubu,1,,,Published
otsuki-city,Otsuki City,City,,Otsuki City,yamanashi,chubu,1,,,Published
oshino-village,Oshino Village,City,,Oshino Village,yamanashi,chubu,1,,,Published
kai-city,Kai City,City,,Kai City,yamanashi,chubu,1,,,Published
koshu-city,Koshu City,City,,Koshu City,yamanashi,chubu,1,,,Published
kofu-city,Kofu City,City,,Kofu City,yamanashi,chubu,1,,,Published
kosuge-village,Kosuge Village,City,,Kosuge Village,yamanashi,chubu,1,,,Published
showa-town,Showa Town,Town,,Showa Town,yamanashi,chubu,1,,,Published
tabayama-village,Tabayama Village,City,,Tabayama Village,yamanashi,chubu,1,,,Published
chuo-city,Chuo City,City,,Chuo City,yamanashi,chubu,1,,,Published
tsuru-city,Tsuru City,City,,Tsuru City,yamanashi,chubu,1,,,Published
doshi-village,Doshi Village,City,,Doshi Village,yamanashi,chubu,1,,,Published
narusawa-village,Narusawa Village,City,,Narusawa Village,yamanashi,chubu,1,,,Published
nishikatsura-town,Nishikatsura Town,Town,,Nishikatsura Town,yamanashi,chubu,1,,,Published
nirasaki-city,Nirasaki City,City,,Nirasaki City,yamanashi,chubu,1,,,Published
hayakawa-town,Hayakawa Town,Town,,Hayakawa Town,yamanashi,chubu,1,,,Published
fuefuki-city,Fuefuki City,City,,Fuefuki City,yamanashi,chubu,1,,,Published
fujikawaguchiko-town,Fujikawaguchiko Town,Town,,Fujikawaguchiko Town,yamanashi,chubu,1,,,Published
fujikawa-town,Fujikawa Town,Town,,Fujikawa Town,yamanashi,chubu,1,,,Published
fujiyoshida-city,Fujiyoshida City,City,,Fujiyoshida City,yamanashi,chubu,1,,,Published
minami-alps-city,Minami-Alps City,City,,Minami-Alps City,yamanashi,chubu,1,,,Published
minobu-town,Minobu Town,Town,,Minobu Town,yamanashi,chubu,1,,,Published
yamanakako-village,Yamanakako Village,City,,Yamanakako Village,yamanashi,chubu,1,,,Published
yamanashi-city,Yamanashi City,City,,Yamanashi City,yamanashi,chubu,1,,,Published
aoki-village,Aoki Village,City,,Aoki Village,nagano,chubu,1,,,Published
agematsu-town,Agematsu Town,Town,,Agematsu Town,nagano,chubu,1,,,Published
asahi-village,Asahi Village,City,,Asahi Village,nagano,chubu,1,,,Published
achi-village,Achi Village,City,,Achi Village,nagano,chubu,1,,,Published
azumino-city,Azumino City,City,,Azumino City,nagano,chubu,1,,,Published
anan-town,Anan Town,Town,,Anan Town,nagano,chubu,1,,,Published
iijima-town,Iijima Town,Town,,Iijima Town,nagano,chubu,1,,,Published
iida-city,Iida City,City,,Iida City,nagano,chubu,1,,,Published
iizuna-town,Iizuna Town,Town,,Iizuna Town,nagano,chubu,1,,,Published
iiyama-city,Iiyama City,City,,Iiyama City,nagano,chubu,1,,,Published
ikusaka-village,Ikusaka Village,City,,Ikusaka Village,nagano,chubu,1,,,Published
ina-city,Ina City,City,,Ina City,nagano,chubu,1,,,Published
ueda-city,Ueda City,City,,Ueda City,nagano,chubu,1,,,Published
urugi-village,Urugi Village,City,,Urugi Village,nagano,chubu,1,,,Published
otaki-village,Otaki Village,City,,Otaki Village,nagano,chubu,1,,,Published
okuwa-village,Okuwa Village,City,,Okuwa Village,nagano,chubu,1,,,Published
oshika-village,Oshika Village,City,,Oshika Village,nagano,chubu,1,,,Published
omachi-city,Omachi City,City,,Omachi City,nagano,chubu,1,,,Published
okaya-city,Okaya City,City,,Okaya City,nagano,chubu,1,,,Published
ogawa-village,Ogawa Village,City,,Ogawa Village,nagano,chubu,1,,,Published
otari-village,Otari Village,City,,Otari Village,nagano,chubu,1,,,Published
obuse-town,Obuse Town,Town,,Obuse Town,nagano,chubu,1,,,Published
omi-village,Omi Village,City,,Omi Village,nagano,chubu,1,,,Published
karuizawa-town,Karuizawa Town,Town,,Karuizawa Town,nagano,chubu,1,,,Published
kawakami-village,Kawakami Village,City,,Kawakami Village,nagano,chubu,1,,,Published
kijimadaira-village,Kijimadaira Village,City,,Kijimadaira Village,nagano,chubu,1,,,Published
kiso-town,Kiso Town,Town,,Kiso Town,nagano,chubu,1,,,Published
kiso-village,Kiso Village,City,,Kiso Village,nagano,chubu,1,,,Published
kitaaiki-village,Kitaaiki Village,City,,Kitaaiki Village,nagano,chubu,1,,,Published
koumi-town,Koumi Town,Town,,Koumi Town,nagano,chubu,1,,,Published
komagane-city,Komagane City,City,,Komagane City,nagano,chubu,1,,,Published
komoro-city,Komoro City,City,,Komoro City,nagano,chubu,1,,,Published
sakae-village,Sakae Village,City,,Sakae Village,nagano,chubu,1,,,Published
sakaki-town,Sakaki Town,Town,,Sakaki Town,nagano,chubu,1,,,Published
saku-city,Saku City,City,,Saku City,nagano,chubu,1,,,Published
sakuho-town,Sakuho Town,Town,,Sakuho Town,nagano,chubu,1,,,Published
shiojiri-city,Shiojiri City,City,,Shiojiri City,nagano,chubu,1,,,Published
shinano-town,Shinano Town,Town,,Shinano Town,nagano,chubu,1,,,Published
shimojo-village,Shimojo Village,City,,Shimojo Village,nagano,chubu,1,,,Published
shimosuwa-town,Shimosuwa Town,Town,,Shimosuwa Town,nagano,chubu,1,,,Published
suzaka-city,Suzaka City,City,,Suzaka City,nagano,chubu,1,,,Published
suwa-city,Suwa City,City,,Suwa City,nagano,chubu,1,,,Published
takagi-village,Takagi Village,City,,Takagi Village,nagano,chubu,1,,,Published
takamori-town,Takamori Town,Town,,Takamori Town,nagano,chubu,1,,,Published
tatsuno-town,Tatsuno Town,Town,,Tatsuno Town,nagano,chubu,1,,,Published
tateshina-town,Tateshina Town,Town,,Tateshina Town,nagano,chubu,1,,,Published
chikuhoku-village,Chikuhoku Village,City,,Chikuhoku Village,nagano,chubu,1,,,Published
chikuma-city,Chikuma City,City,,Chikuma City,nagano,chubu,1,,,Published
chino-city,Chino City,City,,Chino City,nagano,chubu,1,,,Published
tenryu-village,Tenryu Village,City,,Tenryu Village,nagano,chubu,1,,,Published
tomi-city,Tomi City,City,,Tomi City,nagano,chubu,1,,,Published
toyooka-village,Toyooka Village,City,,Toyooka Village,nagano,chubu,1,,,Published
nakagawa-village,Nakagawa Village,City,,Nakagawa Village,nagano,chubu,1,,,Published
nagano-city,Nagano City,City,,Nagano City,nagano,chubu,1,,,Published
nakano-city,Nakano City,City,,Nakano City,nagano,chubu,1,,,Published
nagawa-town,Nagawa Town,Town,,Nagawa Town,nagano,chubu,1,,,Published
nagiso-town,Nagiso Town,Town,,Nagiso Town,nagano,chubu,1,,,Published
neba-village,Neba Village,City,,Neba Village,nagano,chubu,1,,,Published
nozawaonsen-village,Nozawaonsen Village,City,,Nozawaonsen Village,nagano,chubu,1,,,Published
hakuba-village,Hakuba Village,City,,Hakuba Village,nagano,chubu,1,,,Published
hara-village,Hara Village,City,,Hara Village,nagano,chubu,1,,,Published
hiraya-village,Hiraya Village,City,,Hiraya Village,nagano,chubu,1,,,Published
fujimi-town,Fujimi Town,Town,,Fujimi Town,nagano,chubu,1,,,Published
matsukawa-town,Matsukawa Town,Town,,Matsukawa Town,nagano,chubu,1,,,Published
matsukawa-village,Matsukawa Village,City,,Matsukawa Village,nagano,chubu,1,,,Published
matsumoto-city,Matsumoto City,City,,Matsumoto City,nagano,chubu,1,,,Published
minamiaiki-village,Minamiaiki Village,City,,Minamiaiki Village,nagano,chubu,1,,,Published
minamimaki-village,Minamimaki Village,City,,Minamimaki Village,nagano,chubu,1,,,Published
minamiminowa-village,Minamiminowa Village,City,,Minamiminowa Village,nagano,chubu,1,,,Published
minowa-town,Minowa Town,Town,,Minowa Town,nagano,chubu,1,,,Published
miyada-village,Miyada Village,City,,Miyada Village,nagano,chubu,1,,,Published
miyota-town,Miyota Town,Town,,Miyota Town,nagano,chubu,1,,,Published
yasuoka-village,Yasuoka Village,City,,Yasuoka Village,nagano,chubu,1,,,Published
yamagata-village,Yamagata Village,City,,Yamagata Village,nagano,chubu,1,,,Published
yamanouchi-town,Yamanouchi Town,Town,,Yamanouchi Town,nagano,chubu,1,,,Published
anpachi-town,Anpachi Town,Town,,Anpachi Town,gifu,chubu,1,,,Published
ibigawa-town,Ibigawa Town,Town,,Ibigawa Town,gifu,chubu,1,,,Published
ena-city,Ena City,City,,Ena City,gifu,chubu,1,,,Published
ogaki-city,Ogaki City,City,,Ogaki City,gifu,chubu,1,,,Published
kaizu-city,Kaizu City,City,,Kaizu City,gifu,chubu,1,,,Published
kakamigahara-city,Kakamigahara City,City,,Kakamigahara City,gifu,chubu,1,,,Published
kasamatsu-town,Kasamatsu Town,Town,,Kasamatsu Town,gifu,chubu,1,,,Published
kani-city,Kani City,City,,Kani City,gifu,chubu,1,,,Published
kawabe-town,Kawabe Town,Town,,Kawabe Town,gifu,chubu,1,,,Published
kitagata-town,Kitagata Town,Town,,Kitagata Town,gifu,chubu,1,,,Published
ginan-town,Ginan Town,Town,,Ginan Town,gifu,chubu,1,,,Published
gifu-city,Gifu City,City,,Gifu City,gifu,chubu,1,,,Published
gujo-city,Gujo City,City,,Gujo City,gifu,chubu,1,,,Published
gero-city,Gero City,City,,Gero City,gifu,chubu,1,,,Published
godo-town,Godo Town,Town,,Godo Town,gifu,chubu,1,,,Published
sakahogi-town,Sakahogi Town,Town,,Sakahogi Town,gifu,chubu,1,,,Published
shirakawa-town,Shirakawa Town,Town,,Shirakawa Town,gifu,chubu,1,,,Published
shirakawa-village,Shirakawa Village,City,,Shirakawa Village,gifu,chubu,1,,,Published
sekigahara-town,Sekigahara Town,Town,,Sekigahara Town,gifu,chubu,1,,,Published
seki-city,Seki City,City,,Seki City,gifu,chubu,1,,,Published
takayama-city,Takayama City,City,,Takayama City,gifu,chubu,1,,,Published
tajimi-city,Tajimi City,City,,Tajimi City,gifu,chubu,1,,,Published
tarui-town,Tarui Town,Town,,Tarui Town,gifu,chubu,1,,,Published
toki-city,Toki City,City,,Toki City,gifu,chubu,1,,,Published
tomika-town,Tomika Town,Town,,Tomika Town,gifu,chubu,1,,,Published
nakatsugawa-city,Nakatsugawa City,City,,Nakatsugawa City,gifu,chubu,1,,,Published
hashima-city,Hashima City,City,,Hashima City,gifu,chubu,1,,,Published
higashishirakawa-village,Higashishirakawa Village,City,,Higashishirakawa Village,gifu,chubu,1,,,Published
hida-city,Hida City,City,,Hida City,gifu,chubu,1,,,Published
hichiso-town,Hichiso Town,Town,,Hichiso Town,gifu,chubu,1,,,Published
mizunami-city,Mizunami City,City,,Mizunami City,gifu,chubu,1,,,Published
mizuho-city,Mizuho City,City,,Mizuho City,gifu,chubu,1,,,Published
mitake-town,Mitake Town,Town,,Mitake Town,gifu,chubu,1,,,Published
minokamo-city,Minokamo City,City,,Minokamo City,gifu,chubu,1,,,Published
mino-city,Mino City,City,,Mino City,gifu,chubu,1,,,Published
motosu-city,Motosu City,City,,Motosu City,gifu,chubu,1,,,Published
yaotsu-town,Yaotsu Town,Town,,Yaotsu Town,gifu,chubu,1,,,Published
yoro-town,Yoro Town,Town,,Yoro Town,gifu,chubu,1,,,Published
wanouchi-town,Wanouchi Town,Town,,Wanouchi Town,gifu,chubu,1,,,Published
atami-city,Atami City,City,,Atami City,shizuoka,chubu,1,,,Published
izu-city,Izu City,City,,Izu City,shizuoka,chubu,1,,,Published
izunokuni-city,Izunokuni City,City,,Izunokuni City,shizuoka,chubu,1,,,Published
ito-city,Ito City,City,,Ito City,shizuoka,chubu,1,,,Published
iwata-city,Iwata City,City,,Iwata City,shizuoka,chubu,1,,,Published
omaezaki-city,Omaezaki City,City,,Omaezaki City,shizuoka,chubu,1,,,Published
oyama-town,Oyama Town,Town,,Oyama Town,shizuoka,chubu,1,,,Published
kakegawa-city,Kakegawa City,City,,Kakegawa City,shizuoka,chubu,1,,,Published
kawazu-town,Kawazu Town,Town,,Kawazu Town,shizuoka,chubu,1,,,Published
kawanehon-town,Kawanehon Town,Town,,Kawanehon Town,shizuoka,chubu,1,,,Published
kannami-town,Kannami Town,Town,,Kannami Town,shizuoka,chubu,1,,,Published
kikugawa-city,Kikugawa City,City,,Kikugawa City,shizuoka,chubu,1,,,Published
kosai-city,Kosai City,City,,Kosai City,shizuoka,chubu,1,,,Published
gotemba-city,Gotemba City,City,,Gotemba City,shizuoka,chubu,1,,,Published
shizuoka-city,Shizuoka City,City,,Shizuoka City,shizuoka,chubu,1,,,Published
shimada-city,Shimada City,City,,Shimada City,shizuoka,chubu,1,,,Published
shimoda-city,Shimoda City,City,,Shimoda City,shizuoka,chubu,1,,,Published
susono-city,Susono City,City,,Susono City,shizuoka,chubu,1,,,Published
nagaizumi-town,Nagaizumi Town,Town,,Nagaizumi Town,shizuoka,chubu,1,,,Published
nishiizu-town,Nishiizu Town,Town,,Nishiizu Town,shizuoka,chubu,1,,,Published
numazu-city,Numazu City,City,,Numazu City,shizuoka,chubu,1,,,Published
hamamatsu-city,Hamamatsu City,City,,Hamamatsu City,shizuoka,chubu,1,,,Published
higashiizu-town,Higashiizu Town,Town,,Higashiizu Town,shizuoka,chubu,1,,,Published
fukuroi-city,Fukuroi City,City,,Fukuroi City,shizuoka,chubu,1,,,Published
fujieda-city,Fujieda City,City,,Fujieda City,shizuoka,chubu,1,,,Published
fuji-city,Fuji City,City,,Fuji City,shizuoka,chubu,1,,,Published
fujinomiya-city,Fujinomiya City,City,,Fujinomiya City,shizuoka,chubu,1,,,Published
makinohara-city,Makinohara City,City,,Makinohara City,shizuoka,chubu,1,,,Published
matsuzaki-town,Matsuzaki Town,Town,,Matsuzaki Town,shizuoka,chubu,1,,,Published
mishima-city,Mishima City,City,,Mishima City,shizuoka,chubu,1,,,Published
minamiizu-town,Minamiizu Town,Town,,Minamiizu Town,shizuoka,chubu,1,,,Published
yaizu-city,Yaizu City,City,,Yaizu City,shizuoka,chubu,1,,,Published
yoshida-town,Yoshida Town,Town,,Yoshida Town,shizuoka,chubu,1,,,Published
aisai-city,Aisai City,City,,Aisai City,aichi,chubu,1,,,Published
agui-town,Agui Town,Town,,Agui Town,aichi,chubu,1,,,Published
ama-city,Ama City,City,,Ama City,aichi,chubu,1,,,Published
anjo-city,Anjo City,City,,Anjo City,aichi,chubu,1,,,Published
ichinomiya-city,Ichinomiya City,City,,Ichinomiya City,aichi,chubu,1,,,Published
inazawa-city,Inazawa City,City,,Inazawa City,aichi,chubu,1,,,Published
inuyama-city,Inuyama City,City,,Inuyama City,aichi,chubu,1,,,Published
iwakura-city,Iwakura City,City,,Iwakura City,aichi,chubu,1,,,Published
oguchi-town,Oguchi Town,Town,,Oguchi Town,aichi,chubu,1,,,Published
oharu-town,Oharu Town,Town,,Oharu Town,aichi,chubu,1,,,Published
obu-city,Obu City,City,,Obu City,aichi,chubu,1,,,Published
okazaki-city,Okazaki City,City,,Okazaki City,aichi,chubu,1,,,Published
owariasahi-city,Owariasahi City,City,,Owariasahi City,aichi,chubu,1,,,Published
kasugai-city,Kasugai City,City,,Kasugai City,aichi,chubu,1,,,Published
kanie-town,Kanie Town,Town,,Kanie Town,aichi,chubu,1,,,Published
gamagori-city,Gamagori City,City,,Gamagori City,aichi,chubu,1,,,Published
kariya-city,Kariya City,City,,Kariya City,aichi,chubu,1,,,Published
kitanagoya-city,Kitanagoya City,City,,Kitanagoya City,aichi,chubu,1,,,Published
kiyosu-city,Kiyosu City,City,,Kiyosu City,aichi,chubu,1,,,Published
kota-town,Kota Town,Town,,Kota Town,aichi,chubu,1,,,Published
konan-city,Konan City,City,,Konan City,aichi,chubu,1,,,Published
komaki-city,Komaki City,City,,Komaki City,aichi,chubu,1,,,Published
shitara-town,Shitara Town,Town,,Shitara Town,aichi,chubu,1,,,Published
shinshiro-city,Shinshiro City,City,,Shinshiro City,aichi,chubu,1,,,Published
seto-city,Seto City,City,,Seto City,aichi,chubu,1,,,Published
takahama-city,Takahama City,City,,Takahama City,aichi,chubu,1,,,Published
taketoyo-town,Taketoyo Town,Town,,Taketoyo Town,aichi,chubu,1,,,Published
tahara-city,Tahara City,City,,Tahara City,aichi,chubu,1,,,Published
chita-city,Chita City,City,,Chita City,aichi,chubu,1,,,Published
chiryu-city,Chiryu City,City,,Chiryu City,aichi,chubu,1,,,Published
tsushima-city,Tsushima City,City,,Tsushima City,aichi,chubu,1,,,Published
toei-town,Toei Town,Town,,Toei Town,aichi,chubu,1,,,Published
tokai-city,Tokai City,City,,Tokai City,aichi,chubu,1,,,Published
togo-town,Togo Town,Town,,Togo Town,aichi,chubu,1,,,Published
tokoname-city,Tokoname City,City,,Tokoname City,aichi,chubu,1,,,Published
tobishima-village,Tobishima Village,City,,Tobishima Village,aichi,chubu,1,,,Published
toyoake-city,Toyoake City,City,,Toyoake City,aichi,chubu,1,,,Published
toyokawa-city,Toyokawa City,City,,Toyokawa City,aichi,chubu,1,,,Published
toyota-city,Toyota City,City,,Toyota City,aichi,chubu,1,,,Published
toyone-village,Toyone Village,City,,Toyone Village,aichi,chubu,1,,,Published
toyohashi-city,Toyohashi City,City,,Toyohashi City,aichi,chubu,1,,,Published
toyoyama-town,Toyoyama Town,Town,,Toyoyama Town,aichi,chubu,1,,,Published
nagakute-city,Nagakute City,City,,Nagakute City,aichi,chubu,1,,,Published
nagoya-city,Nagoya City,City,,Nagoya City,aichi,chubu,1,,,Published
nishio-city,Nishio City,City,,Nishio City,aichi,chubu,1,,,Published
nisshin-city,Nisshin City,City,,Nisshin City,aichi,chubu,1,,,Published
handa-city,Handa City,City,,Handa City,aichi,chubu,1,,,Published
higashiura-town,Higashiura Town,Town,,Higashiura Town,aichi,chubu,1,,,Published
fuso-town,Fuso Town,Town,,Fuso Town,aichi,chubu,1,,,Published
hekinan-city,Hekinan City,City,,Hekinan City,aichi,chubu,1,,,Published
minamichita-town,Minamichita Town,Town,,Minamichita Town,aichi,chubu,1,,,Published
miyoshi-city,Miyoshi City,City,,Miyoshi City,aichi,chubu,1,,,Published
yatomi-city,Yatomi City,City,,Yatomi City,aichi,chubu,1,,,Published
iga-city,Iga City,City,,Iga City,mie,kansai,1,,,Published
ise-city,Ise City,City,,Ise City,mie,kansai,1,,,Published
inabe-city,Inabe City,City,,Inabe City,mie,kansai,1,,,Published
odai-town,Odai Town,Town,,Odai Town,mie,kansai,1,,,Published
owase-city,Owase City,City,,Owase City,mie,kansai,1,,,Published
kameyama-city,Kameyama City,City,,Kameyama City,mie,kansai,1,,,Published
kawagoe-town,Kawagoe Town,Town,,Kawagoe Town,mie,kansai,1,,,Published
kisosaki-town,Kisosaki Town,Town,,Kisosaki Town,mie,kansai,1,,,Published
kiho-town,Kiho Town,Town,,Kiho Town,mie,kansai,1,,,Published
kihoku-town,Kihoku Town,Town,,Kihoku Town,mie,kansai,1,,,Published
kumano-city,Kumano City,City,,Kumano City,mie,kansai,1,,,Published
kuwana-city,Kuwana City,City,,Kuwana City,mie,kansai,1,,,Published
komono-town,Komono Town,Town,,Komono Town,mie,kansai,1,,,Published
shima-city,Shima City,City,,Shima City,mie,kansai,1,,,Published
suzuka-city,Suzuka City,City,,Suzuka City,mie,kansai,1,,,Published
taki-town,Taki Town,Town,,Taki Town,mie,kansai,1,,,Published
tamaki-town,Tamaki Town,Town,,Tamaki Town,mie,kansai,1,,,Published
tsu-city,Tsu City,City,,Tsu City,mie,kansai,1,,,Published
toin-town,Toin Town,Town,,Toin Town,mie,kansai,1,,,Published
toba-city,Toba City,City,,Toba City,mie,kansai,1,,,Published
nabari-city,Nabari City,City,,Nabari City,mie,kansai,1,,,Published
matsusaka-city,Matsusaka City,City,,Matsusaka City,mie,kansai,1,,,Published
minamiise-town,Minamiise Town,Town,,Minamiise Town,mie,kansai,1,,,Published
yokkaichi-city,Yokkaichi City,City,,Yokkaichi City,mie,kansai,1,,,Published
watarai-town,Watarai Town,Town,,Watarai Town,mie,kansai,1,,,Published
aisho-town,Aisho Town,Town,,Aisho Town,shiga,kansai,1,,,Published
omihachiman-city,Omihachiman City,City,,Omihachiman City,shiga,kansai,1,,,Published
otsu-city,Otsu City,City,,Otsu City,shiga,kansai,1,,,Published
kusatsu-city,Kusatsu City,City,,Kusatsu City,shiga,kansai,1,,,Published
koka-city,Koka City,City,,Koka City,shiga,kansai,1,,,Published
kora-town,Kora Town,Town,,Kora Town,shiga,kansai,1,,,Published
takashima-city,Takashima City,City,,Takashima City,shiga,kansai,1,,,Published
taga-town,Taga Town,Town,,Taga Town,shiga,kansai,1,,,Published
toyosato-town,Toyosato Town,Town,,Toyosato Town,shiga,kansai,1,,,Published
nagahama-city,Nagahama City,City,,Nagahama City,shiga,kansai,1,,,Published
higashiomi-city,Higashiomi City,City,,Higashiomi City,shiga,kansai,1,,,Published
hikone-city,Hikone City,City,,Hikone City,shiga,kansai,1,,,Published
hino-town,Hino Town,Town,,Hino Town,shiga,kansai,1,,,Published
maibara-city,Maibara City,City,,Maibara City,shiga,kansai,1,,,Published
moriyama-city,Moriyama City,City,,Moriyama City,shiga,kansai,1,,,Published
yasu-city,Yasu City,City,,Yasu City,shiga,kansai,1,,,Published
ritto-city,Ritto City,City,,Ritto City,shiga,kansai,1,,,Published
ryuo-town,Ryuo Town,Town,,Ryuo Town,shiga,kansai,1,,,Published
ayabe-city,Ayabe City,City,,Ayabe City,kyoto,kansai,1,,,Published
ide-town,Ide Town,Town,,Ide Town,kyoto,kansai,1,,,Published
ine-town,Ine Town,Town,,Ine Town,kyoto,kansai,1,,,Published
uji-city,Uji City,City,,Uji City,kyoto,kansai,1,,,Published
ujitawara-town,Ujitawara Town,Town,,Ujitawara Town,kyoto,kansai,1,,,Published
oyamazaki-town,Oyamazaki Town,Town,,Oyamazaki Town,kyoto,kansai,1,,,Published
kasagi-town,Kasagi Town,Town,,Kasagi Town,kyoto,kansai,1,,,Published
kameoka-city,Kameoka City,City,,Kameoka City,kyoto,kansai,1,,,Published
kizugawa-city,Kizugawa City,City,,Kizugawa City,kyoto,kansai,1,,,Published
kyotanabe-city,Kyotanabe City,City,,Kyotanabe City,kyoto,kansai,1,,,Published
kyotango-city,Kyotango City,City,,Kyotango City,kyoto,kansai,1,,,Published
kyotamba-town,Kyotamba Town,Town,,Kyotamba Town,kyoto,kansai,1,,,Published
kyoto-city,Kyoto City,City,,Kyoto City,kyoto,kansai,1,,,Published
kumiyama-town,Kumiyama Town,Town,,Kumiyama Town,kyoto,kansai,1,,,Published
joyo-city,Joyo City,City,,Joyo City,kyoto,kansai,1,,,Published
seika-town,Seika Town,Town,,Seika Town,kyoto,kansai,1,,,Published
nagaokakyo-city,Nagaokakyo City,City,,Nagaokakyo City,kyoto,kansai,1,,,Published
nantan-city,Nantan City,City,,Nantan City,kyoto,kansai,1,,,Published
fukuchiyama-city,Fukuchiyama City,City,,Fukuchiyama City,kyoto,kansai,1,,,Published
maizuru-city,Maizuru City,City,,Maizuru City,kyoto,kansai,1,,,Published
minamiyamashiro-village,Minamiyamashiro Village,City,,Minamiyamashiro Village,kyoto,kansai,1,,,Published
miyazu-city,Miyazu City,City,,Miyazu City,kyoto,kansai,1,,,Published
muko-city,Muko City,City,,Muko City,kyoto,kansai,1,,,Published
yawata-city,Yawata City,City,,Yawata City,kyoto,kansai,1,,,Published
yosano-town,Yosano Town,Town,,Yosano Town,kyoto,kansai,1,,,Published
wazuka-town,Wazuka Town,Town,,Wazuka Town,kyoto,kansai,1,,,Published
ikeda-city,Ikeda City,City,,Ikeda City,osaka,kansai,1,,,Published
izumiotsu-city,Izumiotsu City,City,,Izumiotsu City,osaka,kansai,1,,,Published
izumisano-city,Izumisano City,City,,Izumisano City,osaka,kansai,1,,,Published
izumi-city,Izumi City,City,,Izumi City,osaka,kansai,1,,,Published
ibaraki-city,Ibaraki City,City,,Ibaraki City,osaka,kansai,1,,,Published
osakasayama-city,Osakasayama City,City,,Osakasayama City,osaka,kansai,1,,,Published
osaka-city,Osaka City,City,,Osaka City,osaka,kansai,1,,,Published
kaizuka-city,Kaizuka City,City,,Kaizuka City,osaka,kansai,1,,,Published
kashiwara-city,Kashiwara City,City,,Kashiwara City,osaka,kansai,1,,,Published
katano-city,Katano City,City,,Katano City,osaka,kansai,1,,,Published
kadoma-city,Kadoma City,City,,Kadoma City,osaka,kansai,1,,,Published
kanan-town,Kanan Town,Town,,Kanan Town,osaka,kansai,1,,,Published
kawachinagano-city,Kawachinagano City,City,,Kawachinagano City,osaka,kansai,1,,,Published
kishiwada-city,Kishiwada City,City,,Kishiwada City,osaka,kansai,1,,,Published
kumatori-town,Kumatori Town,Town,,Kumatori Town,osaka,kansai,1,,,Published
shijonawate-city,Shijonawate City,City,,Shijonawate City,osaka,kansai,1,,,Published
shimamoto-town,Shimamoto Town,Town,,Shimamoto Town,osaka,kansai,1,,,Published
suita-city,Suita City,City,,Suita City,osaka,kansai,1,,,Published
settsu-city,Settsu City,City,,Settsu City,osaka,kansai,1,,,Published
sennan-city,Sennan City,City,,Sennan City,osaka,kansai,1,,,Published
taishi-town,Taishi Town,Town,,Taishi Town,osaka,kansai,1,,,Published
daito-city,Daito City,City,,Daito City,osaka,kansai,1,,,Published
takaishi-city,Takaishi City,City,,Takaishi City,osaka,kansai,1,,,Published
takatsuki-city,Takatsuki City,City,,Takatsuki City,osaka,kansai,1,,,Published
tajiri-town,Tajiri Town,Town,,Tajiri Town,osaka,kansai,1,,,Published
tadaoka-town,Tadaoka Town,Town,,Tadaoka Town,osaka,kansai,1,,,Published
chihayaakasaka-village,Chihayaakasaka Village,City,,Chihayaakasaka Village,osaka,kansai,1,,,Published
toyonaka-city,Toyonaka City,City,,Toyonaka City,osaka,kansai,1,,,Published
toyono-town,Toyono Town,Town,,Toyono Town,osaka,kansai,1,,,Published
tondabayashi-city,Tondabayashi City,City,,Tondabayashi City,osaka,kansai,1,,,Published
neyagawa-city,Neyagawa City,City,,Neyagawa City,osaka,kansai,1,,,Published
nose-town,Nose Town,Town,,Nose Town,osaka,kansai,1,,,Published
habikino-city,Habikino City,City,,Habikino City,osaka,kansai,1,,,Published
hannan-city,Hannan City,City,,Hannan City,osaka,kansai,1,,,Published
higashiosaka-city,Higashiosaka City,City,,Higashiosaka City,osaka,kansai,1,,,Published
hirakata-city,Hirakata City,City,,Hirakata City,osaka,kansai,1,,,Published
fujiidera-city,Fujiidera City,City,,Fujiidera City,osaka,kansai,1,,,Published
matsubara-city,Matsubara City,City,,Matsubara City,osaka,kansai,1,,,Published
misaki-town,Misaki Town,Town,,Misaki Town,osaka,kansai,1,,,Published
minoh-city,Minoh City,City,,Minoh City,osaka,kansai,1,,,Published
moriguchi-city,Moriguchi City,City,,Moriguchi City,osaka,kansai,1,,,Published
yao-city,Yao City,City,,Yao City,osaka,kansai,1,,,Published
aioi-city,Aioi City,City,,Aioi City,hyogo,kansai,1,,,Published
akashi-city,Akashi City,City,,Akashi City,hyogo,kansai,1,,,Published
ako-city,Ako City,City,,Ako City,hyogo,kansai,1,,,Published
asago-city,Asago City,City,,Asago City,hyogo,kansai,1,,,Published
ashiya-city,Ashiya City,City,,Ashiya City,hyogo,kansai,1,,,Published
amagasaki-city,Amagasaki City,City,,Amagasaki City,hyogo,kansai,1,,,Published
awaji-city,Awaji City,City,,Awaji City,hyogo,kansai,1,,,Published
itami-city,Itami City,City,,Itami City,hyogo,kansai,1,,,Published
ichikawa-town,Ichikawa Town,Town,,Ichikawa Town,hyogo,kansai,1,,,Published
inagawa-town,Inagawa Town,Town,,Inagawa Town,hyogo,kansai,1,,,Published
inami-town,Inami Town,Town,,Inami Town,hyogo,kansai,1,,,Published
kakogawa-city,Kakogawa City,City,,Kakogawa City,hyogo,kansai,1,,,Published
kasai-city,Kasai City,City,,Kasai City,hyogo,kansai,1,,,Published
kato-city,Kato City,City,,Kato City,hyogo,kansai,1,,,Published
kamigori-town,Kamigori Town,Town,,Kamigori Town,hyogo,kansai,1,,,Published
kawanishi-city,Kawanishi City,City,,Kawanishi City,hyogo,kansai,1,,,Published
kobe-city,Kobe City,City,,Kobe City,hyogo,kansai,1,,,Published
sayo-town,Sayo Town,Town,,Sayo Town,hyogo,kansai,1,,,Published
sanda-city,Sanda City,City,,Sanda City,hyogo,kansai,1,,,Published
shiso-city,Shiso City,City,,Shiso City,hyogo,kansai,1,,,Published
shinonsen-town,Shinonsen Town,Town,,Shinonsen Town,hyogo,kansai,1,,,Published
sumoto-city,Sumoto City,City,,Sumoto City,hyogo,kansai,1,,,Published
takasago-city,Takasago City,City,,Takasago City,hyogo,kansai,1,,,Published
taka-town,Taka Town,Town,,Taka Town,hyogo,kansai,1,,,Published
takarazuka-city,Takarazuka City,City,,Takarazuka City,hyogo,kansai,1,,,Published
tatsuno-city,Tatsuno City,City,,Tatsuno City,hyogo,kansai,1,,,Published
tamba-sasayama-city,Tamba Sasayama City,City,,Tamba Sasayama City,hyogo,kansai,1,,,Published
tamba-city,Tamba City,City,,Tamba City,hyogo,kansai,1,,,Published
toyooka-city,Toyooka City,City,,Toyooka City,hyogo,kansai,1,,,Published
nishinomiya-city,Nishinomiya City,City,,Nishinomiya City,hyogo,kansai,1,,,Published
nishiwaki-city,Nishiwaki City,City,,Nishiwaki City,hyogo,kansai,1,,,Published
harima-town,Harima Town,Town,,Harima Town,hyogo,kansai,1,,,Published
himeji-city,Himeji City,City,,Himeji City,hyogo,kansai,1,,,Published
fukusaki-town,Fukusaki Town,Town,,Fukusaki Town,hyogo,kansai,1,,,Published
miki-city,Miki City,City,,Miki City,hyogo,kansai,1,,,Published
minamiawaji-city,Minamiawaji City,City,,Minamiawaji City,hyogo,kansai,1,,,Published
yabu-city,Yabu City,City,,Yabu City,hyogo,kansai,1,,,Published
asuka-village,Asuka Village,City,,Asuka Village,nara,kansai,1,,,Published
ando-town,Ando Town,Town,,Ando Town,nara,kansai,1,,,Published
ikaruga-town,Ikaruga Town,Town,,Ikaruga Town,nara,kansai,1,,,Published
ikoma-city,Ikoma City,City,,Ikoma City,nara,kansai,1,,,Published
uda-city,Uda City,City,,Uda City,nara,kansai,1,,,Published
oji-town,Oji Town,Town,,Oji Town,nara,kansai,1,,,Published
oyodo-town,Oyodo Town,Town,,Oyodo Town,nara,kansai,1,,,Published
kashiba-city,Kashiba City,City,,Kashiba City,nara,kansai,1,,,Published
kashihara-city,Kashihara City,City,,Kashihara City,nara,kansai,1,,,Published
katsuragi-city,Katsuragi City,City,,Katsuragi City,nara,kansai,1,,,Published
kamikitayama-village,Kamikitayama Village,City,,Kamikitayama Village,nara,kansai,1,,,Published
kawai-town,Kawai Town,Town,,Kawai Town,nara,kansai,1,,,Published
kanmaki-town,Kanmaki Town,Town,,Kanmaki Town,nara,kansai,1,,,Published
kurotaki-village,Kurotaki Village,City,,Kurotaki Village,nara,kansai,1,,,Published
koryo-town,Koryo Town,Town,,Koryo Town,nara,kansai,1,,,Published
gojo-city,Gojo City,City,,Gojo City,nara,kansai,1,,,Published
gose-city,Gose City,City,,Gose City,nara,kansai,1,,,Published
sakurai-city,Sakurai City,City,,Sakurai City,nara,kansai,1,,,Published
sango-town,Sango Town,Town,,Sango Town,nara,kansai,1,,,Published
shimoichi-town,Shimoichi Town,Town,,Shimoichi Town,nara,kansai,1,,,Published
shimokitayama-village,Shimokitayama Village,City,,Shimokitayama Village,nara,kansai,1,,,Published
soni-village,Soni Village,City,,Soni Village,nara,kansai,1,,,Published
takatori-town,Takatori Town,Town,,Takatori Town,nara,kansai,1,,,Published
tawaramoto-town,Tawaramoto Town,Town,,Tawaramoto Town,nara,kansai,1,,,Published
tenkawa-village,Tenkawa Village,City,,Tenkawa Village,nara,kansai,1,,,Published
tenri-city,Tenri City,City,,Tenri City,nara,kansai,1,,,Published
totsukawa-village,Totsukawa Village,City,,Totsukawa Village,nara,kansai,1,,,Published
nara-city,Nara City,City,,Nara City,nara,kansai,1,,,Published
nosegawa-village,Nosegawa Village,City,,Nosegawa Village,nara,kansai,1,,,Published
higashiyoshino-village,Higashiyoshino Village,City,,Higashiyoshino Village,nara,kansai,1,,,Published
heguri-town,Heguri Town,Town,,Heguri Town,nara,kansai,1,,,Published
mitsue-village,Mitsue Village,City,,Mitsue Village,nara,kansai,1,,,Published
miyake-town,Miyake Town,Town,,Miyake Town,nara,kansai,1,,,Published
yamazoe-village,Yamazoe Village,City,,Yamazoe Village,nara,kansai,1,,,Published
yamatokoriyama-city,Yamatokoriyama City,City,,Yamatokoriyama City,nara,kansai,1,,,Published
yamatotakada-city,Yamatotakada City,City,,Yamatotakada City,nara,kansai,1,,,Published
yoshino-town,Yoshino Town,Town,,Yoshino Town,nara,kansai,1,,,Published
aridagawa-town,Aridagawa Town,Town,,Aridagawa Town,wakayama,kansai,1,,,Published
arida-city,Arida City,City,,Arida City,wakayama,kansai,1,,,Published
iwade-city,Iwade City,City,,Iwade City,wakayama,kansai,1,,,Published
kainan-city,Kainan City,City,,Kainan City,wakayama,kansai,1,,,Published
katsuragi-town,Katsuragi Town,Town,,Katsuragi Town,wakayama,kansai,1,,,Published
kamitonda-town,Kamitonda Town,Town,,Kamitonda Town,wakayama,kansai,1,,,Published
kitayama-village,Kitayama Village,City,,Kitayama Village,wakayama,kansai,1,,,Published
kinokawa-city,Kinokawa City,City,,Kinokawa City,wakayama,kansai,1,,,Published
kimino-town,Kimino Town,Town,,Kimino Town,wakayama,kansai,1,,,Published
kushimoto-town,Kushimoto Town,Town,,Kushimoto Town,wakayama,kansai,1,,,Published
kudoyama-town,Kudoyama Town,Town,,Kudoyama Town,wakayama,kansai,1,,,Published
koya-town,Koya Town,Town,,Koya Town,wakayama,kansai,1,,,Published
kozagawa-town,Kozagawa Town,Town,,Kozagawa Town,wakayama,kansai,1,,,Published
gobo-city,Gobo City,City,,Gobo City,wakayama,kansai,1,,,Published
shirahama-town,Shirahama Town,Town,,Shirahama Town,wakayama,kansai,1,,,Published
shingu-city,Shingu City,City,,Shingu City,wakayama,kansai,1,,,Published
susami-town,Susami Town,Town,,Susami Town,wakayama,kansai,1,,,Published
taiji-town,Taiji Town,Town,,Taiji Town,wakayama,kansai,1,,,Published
tanabe-city,Tanabe City,City,,Tanabe City,wakayama,kansai,1,,,Published
nachikatsuura-town,Nachikatsuura Town,Town,,Nachikatsuura Town,wakayama,kansai,1,,,Published
hashimoto-city,Hashimoto City,City,,Hashimoto City,wakayama,kansai,1,,,Published
hidakagawa-town,Hidakagawa Town,Town,,Hidakagawa Town,wakayama,kansai,1,,,Published
hirogawa-town,Hirogawa Town,Town,,Hirogawa Town,wakayama,kansai,1,,,Published
minabe-town,Minabe Town,Town,,Minabe Town,wakayama,kansai,1,,,Published
yuasa-town,Yuasa Town,Town,,Yuasa Town,wakayama,kansai,1,,,Published
yura-town,Yura Town,Town,,Yura Town,wakayama,kansai,1,,,Published
wakayama-city,Wakayama City,City,,Wakayama City,wakayama,kansai,1,,,Published
iwami-town,Iwami Town,Town,,Iwami Town,tottori,chugoku,1,,,Published
kurayoshi-city,Kurayoshi City,City,,Kurayoshi City,tottori,chugoku,1,,,Published
kofu-town,Kofu Town,Town,,Kofu Town,tottori,chugoku,1,,,Published
kotoura-town,Kotoura Town,Town,,Kotoura Town,tottori,chugoku,1,,,Published
sakaiminato-city,Sakaiminato City,City,,Sakaiminato City,tottori,chugoku,1,,,Published
daisen-town,Daisen Town,Town,,Daisen Town,tottori,chugoku,1,,,Published
chizu-town,Chizu Town,Town,,Chizu Town,tottori,chugoku,1,,,Published
tottori-city,Tottori City,City,,Tottori City,tottori,chugoku,1,,,Published
nichinan-town,Nichinan Town,Town,,Nichinan Town,tottori,chugoku,1,,,Published
hiezu-village,Hiezu Village,City,,Hiezu Village,tottori,chugoku,1,,,Published
hoki-town,Hoki Town,Town,,Hoki Town,tottori,chugoku,1,,,Published
hokuei-town,Hokuei Town,Town,,Hokuei Town,tottori,chugoku,1,,,Published
misasa-town,Misasa Town,Town,,Misasa Town,tottori,chugoku,1,,,Published
yazu-town,Yazu Town,Town,,Yazu Town,tottori,chugoku,1,,,Published
yurihama-town,Yurihama Town,Town,,Yurihama Town,tottori,chugoku,1,,,Published
yonago-city,Yonago City,City,,Yonago City,tottori,chugoku,1,,,Published
ama-town,Ama Town,Town,,Ama Town,shimane,chugoku,1,,,Published
iinan-town,Iinan Town,Town,,Iinan Town,shimane,chugoku,1,,,Published
izumo-city,Izumo City,City,,Izumo City,shimane,chugoku,1,,,Published
unnan-city,Unnan City,City,,Unnan City,shimane,chugoku,1,,,Published
oda-city,Oda City,City,,Oda City,shimane,chugoku,1,,,Published
onan-town,Onan Town,Town,,Onan Town,shimane,chugoku,1,,,Published
okinoshima-town,Okinoshima Town,Town,,Okinoshima Town,shimane,chugoku,1,,,Published
okuizumo-town,Okuizumo Town,Town,,Okuizumo Town,shimane,chugoku,1,,,Published
kawamoto-town,Kawamoto Town,Town,,Kawamoto Town,shimane,chugoku,1,,,Published
gotsu-city,Gotsu City,City,,Gotsu City,shimane,chugoku,1,,,Published
chibu-village,Chibu Village,City,,Chibu Village,shimane,chugoku,1,,,Published
tsuwano-town,Tsuwano Town,Town,,Tsuwano Town,shimane,chugoku,1,,,Published
nishinoshima-town,Nishinoshima Town,Town,,Nishinoshima Town,shimane,chugoku,1,,,Published
hamada-city,Hamada City,City,,Hamada City,shimane,chugoku,1,,,Published
masuda-city,Masuda City,City,,Masuda City,shimane,chugoku,1,,,Published
matsue-city,Matsue City,City,,Matsue City,shimane,chugoku,1,,,Published
yasugi-city,Yasugi City,City,,Yasugi City,shimane,chugoku,1,,,Published
yoshika-town,Yoshika Town,Town,,Yoshika Town,shimane,chugoku,1,,,Published
akaiwa-city,Akaiwa City,City,,Akaiwa City,okayama,chugoku,1,,,Published
asakuchi-city,Asakuchi City,City,,Asakuchi City,okayama,chugoku,1,,,Published
ibara-city,Ibara City,City,,Ibara City,okayama,chugoku,1,,,Published
okayama-city,Okayama City,City,,Okayama City,okayama,chugoku,1,,,Published
kagamino-town,Kagamino Town,Town,,Kagamino Town,okayama,chugoku,1,,,Published
kasaoka-city,Kasaoka City,City,,Kasaoka City,okayama,chugoku,1,,,Published
kibichuo-town,Kibichuo Town,Town,,Kibichuo Town,okayama,chugoku,1,,,Published
kumenan-town,Kumenan Town,Town,,Kumenan Town,okayama,chugoku,1,,,Published
kurashiki-city,Kurashiki City,City,,Kurashiki City,okayama,chugoku,1,,,Published
satosho-town,Satosho Town,Town,,Satosho Town,okayama,chugoku,1,,,Published
shoo-town,Shoo Town,Town,,Shoo Town,okayama,chugoku,1,,,Published
shinjo-village,Shinjo Village,City,,Shinjo Village,okayama,chugoku,1,,,Published
setouchi-city,Setouchi City,City,,Setouchi City,okayama,chugoku,1,,,Published
soja-city,Soja City,City,,Soja City,okayama,chugoku,1,,,Published
takahashi-city,Takahashi City,City,,Takahashi City,okayama,chugoku,1,,,Published
tamano-city,Tamano City,City,,Tamano City,okayama,chugoku,1,,,Published
tsuyama-city,Tsuyama City,City,,Tsuyama City,okayama,chugoku,1,,,Published
nagi-town,Nagi Town,Town,,Nagi Town,okayama,chugoku,1,,,Published
niimi-city,Niimi City,City,,Niimi City,okayama,chugoku,1,,,Published
nishiawakura-village,Nishiawakura Village,City,,Nishiawakura Village,okayama,chugoku,1,,,Published
hayashima-town,Hayashima Town,Town,,Hayashima Town,okayama,chugoku,1,,,Published
bizen-city,Bizen City,City,,Bizen City,okayama,chugoku,1,,,Published
maniwa-city,Maniwa City,City,,Maniwa City,okayama,chugoku,1,,,Published
mimasaka-city,Mimasaka City,City,,Mimasaka City,okayama,chugoku,1,,,Published
yakage-town,Yakage Town,Town,,Yakage Town,okayama,chugoku,1,,,Published
wake-town,Wake Town,Town,,Wake Town,okayama,chugoku,1,,,Published
akiota-town,Akiota Town,Town,,Akiota Town,hiroshima,chugoku,1,,,Published
akitakata-city,Akitakata City,City,,Akitakata City,hiroshima,chugoku,1,,,Published
etajima-city,Etajima City,City,,Etajima City,hiroshima,chugoku,1,,,Published
osakikamijima-town,Osakikamijima Town,Town,,Osakikamijima Town,hiroshima,chugoku,1,,,Published
otake-city,Otake City,City,,Otake City,hiroshima,chugoku,1,,,Published
onomichi-city,Onomichi City,City,,Onomichi City,hiroshima,chugoku,1,,,Published
kaita-town,Kaita Town,Town,,Kaita Town,hiroshima,chugoku,1,,,Published
kitahiroshima-town,Kitahiroshima Town,Town,,Kitahiroshima Town,hiroshima,chugoku,1,,,Published
kumano-town,Kumano Town,Town,,Kumano Town,hiroshima,chugoku,1,,,Published
kure-city,Kure City,City,,Kure City,hiroshima,chugoku,1,,,Published
saka-town,Saka Town,Town,,Saka Town,hiroshima,chugoku,1,,,Published
shobara-city,Shobara City,City,,Shobara City,hiroshima,chugoku,1,,,Published
jinsekikogen-town,Jinsekikogen Town,Town,,Jinsekikogen Town,hiroshima,chugoku,1,,,Published
sera-town,Sera Town,Town,,Sera Town,hiroshima,chugoku,1,,,Published
takehara-city,Takehara City,City,,Takehara City,hiroshima,chugoku,1,,,Published
hatsukaichi-city,Hatsukaichi City,City,,Hatsukaichi City,hiroshima,chugoku,1,,,Published
higashihiroshima-city,Higashihiroshima City,City,,Higashihiroshima City,hiroshima,chugoku,1,,,Published
hiroshima-city,Hiroshima City,City,,Hiroshima City,hiroshima,chugoku,1,,,Published
fukuyama-city,Fukuyama City,City,,Fukuyama City,hiroshima,chugoku,1,,,Published
fuchu-town,Fuchu Town,Town,,Fuchu Town,hiroshima,chugoku,1,,,Published
mihara-city,Mihara City,City,,Mihara City,hiroshima,chugoku,1,,,Published
abu-town,Abu Town,Town,,Abu Town,yamaguchi,chugoku,1,,,Published
iwakuni-city,Iwakuni City,City,,Iwakuni City,yamaguchi,chugoku,1,,,Published
ube-city,Ube City,City,,Ube City,yamaguchi,chugoku,1,,,Published
kaminoseki-town,Kaminoseki Town,Town,,Kaminoseki Town,yamaguchi,chugoku,1,,,Published
kudamatsu-city,Kudamatsu City,City,,Kudamatsu City,yamaguchi,chugoku,1,,,Published
sanyo-onoda-city,Sanyo-Onoda City,City,,Sanyo-Onoda City,yamaguchi,chugoku,1,,,Published
shimonoseki-city,Shimonoseki City,City,,Shimonoseki City,yamaguchi,chugoku,1,,,Published
shunan-city,Shunan City,City,,Shunan City,yamaguchi,chugoku,1,,,Published
suo-oshima-town,Suo-Oshima Town,Town,,Suo-Oshima Town,yamaguchi,chugoku,1,,,Published
tabuse-town,Tabuse Town,Town,,Tabuse Town,yamaguchi,chugoku,1,,,Published
nagato-city,Nagato City,City,,Nagato City,yamaguchi,chugoku,1,,,Published
hagi-city,Hagi City,City,,Hagi City,yamaguchi,chugoku,1,,,Published
hikari-city,Hikari City,City,,Hikari City,yamaguchi,chugoku,1,,,Published
hirao-town,Hirao Town,Town,,Hirao Town,yamaguchi,chugoku,1,,,Published
hofu-city,Hofu City,City,,Hofu City,yamaguchi,chugoku,1,,,Published
mine-city,Mine City,City,,Mine City,yamaguchi,chugoku,1,,,Published
yanai-city,Yanai City,City,,Yanai City,yamaguchi,chugoku,1,,,Published
yamaguchi-city,Yamaguchi City,City,,Yamaguchi City,yamaguchi,chugoku,1,,,Published
waki-town,Waki Town,Town,,Waki Town,yamaguchi,chugoku,1,,,Published
aizumi-town,Aizumi Town,Town,,Aizumi Town,tokushima,shikoku,1,,,Published
anan-city,Anan City,City,,Anan City,tokushima,shikoku,1,,,Published
awa-city,Awa City,City,,Awa City,tokushima,shikoku,1,,,Published
ishii-town,Ishii Town,Town,,Ishii Town,tokushima,shikoku,1,,,Published
itano-town,Itano Town,Town,,Itano Town,tokushima,shikoku,1,,,Published
kaiyo-town,Kaiyo Town,Town,,Kaiyo Town,tokushima,shikoku,1,,,Published
katsuura-town,Katsuura Town,Town,,Katsuura Town,tokushima,shikoku,1,,,Published
kamiita-town,Kamiita Town,Town,,Kamiita Town,tokushima,shikoku,1,,,Published
kamikatsu-town,Kamikatsu Town,Town,,Kamikatsu Town,tokushima,shikoku,1,,,Published
kamiyama-town,Kamiyama Town,Town,,Kamiyama Town,tokushima,shikoku,1,,,Published
kitajima-town,Kitajima Town,Town,,Kitajima Town,tokushima,shikoku,1,,,Published
komatsushima-city,Komatsushima City,City,,Komatsushima City,tokushima,shikoku,1,,,Published
sanagochi-village,Sanagochi Village,City,,Sanagochi Village,tokushima,shikoku,1,,,Published
tsurugi-town,Tsurugi Town,Town,,Tsurugi Town,tokushima,shikoku,1,,,Published
tokushima-city,Tokushima City,City,,Tokushima City,tokushima,shikoku,1,,,Published
naka-town,Naka Town,Town,,Naka Town,tokushima,shikoku,1,,,Published
naruto-city,Naruto City,City,,Naruto City,tokushima,shikoku,1,,,Published
higashimiyoshi-town,Higashimiyoshi Town,Town,,Higashimiyoshi Town,tokushima,shikoku,1,,,Published
matsushige-town,Matsushige Town,Town,,Matsushige Town,tokushima,shikoku,1,,,Published
minami-town,Minami Town,Town,,Minami Town,tokushima,shikoku,1,,,Published
mima-city,Mima City,City,,Mima City,tokushima,shikoku,1,,,Published
mugi-town,Mugi Town,Town,,Mugi Town,tokushima,shikoku,1,,,Published
yoshinogawa-city,Yoshinogawa City,City,,Yoshinogawa City,tokushima,shikoku,1,,,Published
ayagawa-town,Ayagawa Town,Town,,Ayagawa Town,kagawa,shikoku,1,,,Published
utazu-town,Utazu Town,Town,,Utazu Town,kagawa,shikoku,1,,,Published
kanonji-city,Kanonji City,City,,Kanonji City,kagawa,shikoku,1,,,Published
kotohira-town,Kotohira Town,Town,,Kotohira Town,kagawa,shikoku,1,,,Published
sakaide-city,Sakaide City,City,,Sakaide City,kagawa,shikoku,1,,,Published
sanuki-city,Sanuki City,City,,Sanuki City,kagawa,shikoku,1,,,Published
shodoshima-town,Shodoshima Town,Town,,Shodoshima Town,kagawa,shikoku,1,,,Published
zentsuji-city,Zentsuji City,City,,Zentsuji City,kagawa,shikoku,1,,,Published
takamatsu-city,Takamatsu City,City,,Takamatsu City,kagawa,shikoku,1,,,Published
tadotsu-town,Tadotsu Town,Town,,Tadotsu Town,kagawa,shikoku,1,,,Published
naoshima-town,Naoshima Town,Town,,Naoshima Town,kagawa,shikoku,1,,,Published
higashikagawa-city,Higashikagawa City,City,,Higashikagawa City,kagawa,shikoku,1,,,Published
marugame-city,Marugame City,City,,Marugame City,kagawa,shikoku,1,,,Published
manno-town,Manno Town,Town,,Manno Town,kagawa,shikoku,1,,,Published
miki-town,Miki Town,Town,,Miki Town,kagawa,shikoku,1,,,Published
mitoyo-city,Mitoyo City,City,,Mitoyo City,kagawa,shikoku,1,,,Published
ainan-town,Ainan Town,Town,,Ainan Town,ehime,shikoku,1,,,Published
ikata-town,Ikata Town,Town,,Ikata Town,ehime,shikoku,1,,,Published
imabari-city,Imabari City,City,,Imabari City,ehime,shikoku,1,,,Published
iyo-city,Iyo City,City,,Iyo City,ehime,shikoku,1,,,Published
uchiko-town,Uchiko Town,Town,,Uchiko Town,ehime,shikoku,1,,,Published
uwajima-city,Uwajima City,City,,Uwajima City,ehime,shikoku,1,,,Published
ozu-city,Ozu City,City,,Ozu City,ehime,shikoku,1,,,Published
kamijima-town,Kamijima Town,Town,,Kamijima Town,ehime,shikoku,1,,,Published
kumakogen-town,Kumakogen Town,Town,,Kumakogen Town,ehime,shikoku,1,,,Published
saijo-city,Saijo City,City,,Saijo City,ehime,shikoku,1,,,Published
shikokuchuo-city,Shikokuchuo City,City,,Shikokuchuo City,ehime,shikoku,1,,,Published
seiyo-city,Seiyo City,City,,Seiyo City,ehime,shikoku,1,,,Published
toon-city,Toon City,City,,Toon City,ehime,shikoku,1,,,Published
tobe-town,Tobe Town,Town,,Tobe Town,ehime,shikoku,1,,,Published
niihama-city,Niihama City,City,,Niihama City,ehime,shikoku,1,,,Published
masaki-town,Masaki Town,Town,,Masaki Town,ehime,shikoku,1,,,Published
matsuno-town,Matsuno Town,Town,,Matsuno Town,ehime,shikoku,1,,,Published
matsuyama-city,Matsuyama City,City,,Matsuyama City,ehime,shikoku,1,,,Published
yawatahama-city,Yawatahama City,City,,Yawatahama City,ehime,shikoku,1,,,Published
aki-city,Aki City,City,,Aki City,kochi,shikoku,1,,,Published
ino-town,Ino Town,Town,,Ino Town,kochi,shikoku,1,,,Published
umaji-village,Umaji Village,City,,Umaji Village,kochi,shikoku,1,,,Published
okawa-village,Okawa Village,City,,Okawa Village,kochi,shikoku,1,,,Published
otsuki-town,Otsuki Town,Town,,Otsuki Town,kochi,shikoku,1,,,Published
otoyo-town,Otoyo Town,Town,,Otoyo Town,kochi,shikoku,1,,,Published
ochi-town,Ochi Town,Town,,Ochi Town,kochi,shikoku,1,,,Published
kami-city,Kami City,City,,Kami City,kochi,shikoku,1,,,Published
kitagawa-village,Kitagawa Village,City,,Kitagawa Village,kochi,shikoku,1,,,Published
kuroshio-town,Kuroshio Town,Town,,Kuroshio Town,kochi,shikoku,1,,,Published
geisei-village,Geisei Village,City,,Geisei Village,kochi,shikoku,1,,,Published
kochi-city,Kochi City,City,,Kochi City,kochi,shikoku,1,,,Published
sakawa-town,Sakawa Town,Town,,Sakawa Town,kochi,shikoku,1,,,Published
shimanto-city,Shimanto City,City,,Shimanto City,kochi,shikoku,1,,,Published
shimanto-town,Shimanto Town,Town,,Shimanto Town,kochi,shikoku,1,,,Published
sukumo-city,Sukumo City,City,,Sukumo City,kochi,shikoku,1,,,Published
susaki-city,Susaki City,City,,Susaki City,kochi,shikoku,1,,,Published
tano-town,Tano Town,Town,,Tano Town,kochi,shikoku,1,,,Published
tsuno-town,Tsuno Town,Town,,Tsuno Town,kochi,shikoku,1,,,Published
toyo-town,Toyo Town,Town,,Toyo Town,kochi,shikoku,1,,,Published
tosa-city,Tosa City,City,,Tosa City,kochi,shikoku,1,,,Published
tosashimizu-city,Tosashimizu City,City,,Tosashimizu City,kochi,shikoku,1,,,Published
tosa-town,Tosa Town,Town,,Tosa Town,kochi,shikoku,1,,,Published
nakatosa-town,Nakatosa Town,Town,,Nakatosa Town,kochi,shikoku,1,,,Published
nahari-town,Nahari Town,Town,,Nahari Town,kochi,shikoku,1,,,Published
nankoku-city,Nankoku City,City,,Nankoku City,kochi,shikoku,1,,,Published
niyodogawa-town,Niyodogawa Town,Town,,Niyodogawa Town,kochi,shikoku,1,,,Published
hidaka-village,Hidaka Village,City,,Hidaka Village,kochi,shikoku,1,,,Published
mihara-village,Mihara Village,City,,Mihara Village,kochi,shikoku,1,,,Published
muroto-city,Muroto City,City,,Muroto City,kochi,shikoku,1,,,Published
motoyama-town,Motoyama Town,Town,,Motoyama Town,kochi,shikoku,1,,,Published
yasuda-town,Yasuda Town,Town,,Yasuda Town,kochi,shikoku,1,,,Published
yusuhara-town,Yusuhara Town,Town,,Yusuhara Town,kochi,shikoku,1,,,Published
aka-village,Aka Village,City,,Aka Village,fukuoka,kyuushuu,1,,,Published
asakura-city,Asakura City,City,,Asakura City,fukuoka,kyuushuu,1,,,Published
ashiya-town,Ashiya Town,Town,,Ashiya Town,fukuoka,kyuushuu,1,,,Published
iizuka-city,Iizuka City,City,,Iizuka City,fukuoka,kyuushuu,1,,,Published
itoshima-city,Itoshima City,City,,Itoshima City,fukuoka,kyuushuu,1,,,Published
itoda-town,Itoda Town,Town,,Itoda Town,fukuoka,kyuushuu,1,,,Published
ukiha-city,Ukiha City,City,,Ukiha City,fukuoka,kyuushuu,1,,,Published
umi-town,Umi Town,Town,,Umi Town,fukuoka,kyuushuu,1,,,Published
okawa-city,Okawa City,City,,Okawa City,fukuoka,kyuushuu,1,,,Published
oki-town,Oki Town,Town,,Oki Town,fukuoka,kyuushuu,1,,,Published
oto-town,Oto Town,Town,,Oto Town,fukuoka,kyuushuu,1,,,Published
onojo-city,Onojo City,City,,Onojo City,fukuoka,kyuushuu,1,,,Published
omuta-city,Omuta City,City,,Omuta City,fukuoka,kyuushuu,1,,,Published
okagaki-town,Okagaki Town,Town,,Okagaki Town,fukuoka,kyuushuu,1,,,Published
ogori-city,Ogori City,City,,Ogori City,fukuoka,kyuushuu,1,,,Published
onga-town,Onga Town,Town,,Onga Town,fukuoka,kyuushuu,1,,,Published
kasuga-city,Kasuga City,City,,Kasuga City,fukuoka,kyuushuu,1,,,Published
kasuya-town,Kasuya Town,Town,,Kasuya Town,fukuoka,kyuushuu,1,,,Published
kama-city,Kama City,City,,Kama City,fukuoka,kyuushuu,1,,,Published
kawara-town,Kawara Town,Town,,Kawara Town,fukuoka,kyuushuu,1,,,Published
kanda-town,Kanda Town,Town,,Kanda Town,fukuoka,kyuushuu,1,,,Published
kitakyushu-city,Kitakyushu City,City,,Kitakyushu City,fukuoka,kyuushuu,1,,,Published
kurate-town,Kurate Town,Town,,Kurate Town,fukuoka,kyuushuu,1,,,Published
kurume-city,Kurume City,City,,Kurume City,fukuoka,kyuushuu,1,,,Published
keisen-town,Keisen Town,Town,,Keisen Town,fukuoka,kyuushuu,1,,,Published
koge-town,Koge Town,Town,,Koge Town,fukuoka,kyuushuu,1,,,Published
kotake-town,Kotake Town,Town,,Kotake Town,fukuoka,kyuushuu,1,,,Published
sasaguri-town,Sasaguri Town,Town,,Sasaguri Town,fukuoka,kyuushuu,1,,,Published
shime-town,Shime Town,Town,,Shime Town,fukuoka,kyuushuu,1,,,Published
shingu-town,Shingu Town,Town,,Shingu Town,fukuoka,kyuushuu,1,,,Published
sue-town,Sue Town,Town,,Sue Town,fukuoka,kyuushuu,1,,,Published
soeda-town,Soeda Town,Town,,Soeda Town,fukuoka,kyuushuu,1,,,Published
tagawa-city,Tagawa City,City,,Tagawa City,fukuoka,kyuushuu,1,,,Published
dazaifu-city,Dazaifu City,City,,Dazaifu City,fukuoka,kyuushuu,1,,,Published
tachiarai-town,Tachiarai Town,Town,,Tachiarai Town,fukuoka,kyuushuu,1,,,Published
chikugo-city,Chikugo City,City,,Chikugo City,fukuoka,kyuushuu,1,,,Published
chikushino-city,Chikushino City,City,,Chikushino City,fukuoka,kyuushuu,1,,,Published
chikujo-town,Chikujo Town,Town,,Chikujo Town,fukuoka,kyuushuu,1,,,Published
chikuzen-town,Chikuzen Town,Town,,Chikuzen Town,fukuoka,kyuushuu,1,,,Published
toho-village,Toho Village,City,,Toho Village,fukuoka,kyuushuu,1,,,Published
nakagawa-city,Nakagawa City,City,,Nakagawa City,fukuoka,kyuushuu,1,,,Published
nakama-city,Nakama City,City,,Nakama City,fukuoka,kyuushuu,1,,,Published
nogata-city,Nogata City,City,,Nogata City,fukuoka,kyuushuu,1,,,Published
hisayama-town,Hisayama Town,Town,,Hisayama Town,fukuoka,kyuushuu,1,,,Published
hirokawa-town,Hirokawa Town,Town,,Hirokawa Town,fukuoka,kyuushuu,1,,,Published
fukuoka-city,Fukuoka City,City,,Fukuoka City,fukuoka,kyuushuu,1,,,Published
fukuchi-town,Fukuchi Town,Town,,Fukuchi Town,fukuoka,kyuushuu,1,,,Published
fukutsu-city,Fukutsu City,City,,Fukutsu City,fukuoka,kyuushuu,1,,,Published
buzen-city,Buzen City,City,,Buzen City,fukuoka,kyuushuu,1,,,Published
mizumaki-town,Mizumaki Town,Town,,Mizumaki Town,fukuoka,kyuushuu,1,,,Published
miyako-town,Miyako Town,Town,,Miyako Town,fukuoka,kyuushuu,1,,,Published
miyama-city,Miyama City,City,,Miyama City,fukuoka,kyuushuu,1,,,Published
miyawaka-city,Miyawaka City,City,,Miyawaka City,fukuoka,kyuushuu,1,,,Published
munakata-city,Munakata City,City,,Munakata City,fukuoka,kyuushuu,1,,,Published
yanagawa-city,Yanagawa City,City,,Yanagawa City,fukuoka,kyuushuu,1,,,Published
yame-city,Yame City,City,,Yame City,fukuoka,kyuushuu,1,,,Published
yukuhashi-city,Yukuhashi City,City,,Yukuhashi City,fukuoka,kyuushuu,1,,,Published
yoshitomi-town,Yoshitomi Town,Town,,Yoshitomi Town,fukuoka,kyuushuu,1,,,Published
arita-town,Arita Town,Town,,Arita Town,saga,kyuushuu,1,,,Published
imari-city,Imari City,City,,Imari City,saga,kyuushuu,1,,,Published
ureshino-city,Ureshino City,City,,Ureshino City,saga,kyuushuu,1,,,Published
omachi-town,Omachi Town,Town,,Omachi Town,saga,kyuushuu,1,,,Published
ogi-city,Ogi City,City,,Ogi City,saga,kyuushuu,1,,,Published
kamimine-town,Kamimine Town,Town,,Kamimine Town,saga,kyuushuu,1,,,Published
karatsu-city,Karatsu City,City,,Karatsu City,saga,kyuushuu,1,,,Published
kanzaki-city,Kanzaki City,City,,Kanzaki City,saga,kyuushuu,1,,,Published
kiyama-town,Kiyama Town,Town,,Kiyama Town,saga,kyuushuu,1,,,Published
genkai-town,Genkai Town,Town,,Genkai Town,saga,kyuushuu,1,,,Published
kohoku-town,Kohoku Town,Town,,Kohoku Town,saga,kyuushuu,1,,,Published
saga-city,Saga City,City,,Saga City,saga,kyuushuu,1,,,Published
shiroishi-town,Shiroishi Town,Town,,Shiroishi Town,saga,kyuushuu,1,,,Published
taku-city,Taku City,City,,Taku City,saga,kyuushuu,1,,,Published
takeo-city,Takeo City,City,,Takeo City,saga,kyuushuu,1,,,Published
tara-town,Tara Town,Town,,Tara Town,saga,kyuushuu,1,,,Published
tosu-city,Tosu City,City,,Tosu City,saga,kyuushuu,1,,,Published
miyaki-town,Miyaki Town,Town,,Miyaki Town,saga,kyuushuu,1,,,Published
yoshinogari-town,Yoshinogari Town,Town,,Yoshinogari Town,saga,kyuushuu,1,,,Published
nagasaki-city,Nagasaki City,City,,Nagasaki City,nagasaki,kyuushuu,1,,,Published
sasebo-city,Sasebo City,City,,Sasebo City,nagasaki,kyuushuu,1,,,Published
isahaya-city,Isahaya City,City,,Isahaya City,nagasaki,kyuushuu,1,,,Published
mura-city,Ōmura City,City,,Ōmura City,nagasaki,kyuushuu,1,,,Published
shimabara-city,Shimabara City,City,,Shimabara City,nagasaki,kyuushuu,1,,,Published
minamishimabara-city,Minamishimabara City,City,,Minamishimabara City,nagasaki,kyuushuu,1,,,Published
hirado-city,Hirado City,City,,Hirado City,nagasaki,kyuushuu,1,,,Published
iki-city,Iki City,City,,Iki City,nagasaki,kyuushuu,1,,,Published
matsuura-city,Matsuura City,City,,Matsuura City,nagasaki,kyuushuu,1,,,Published
got-city,Gotō City,City,,Gotō City,nagasaki,kyuushuu,1,,,Published
saikai-city,Saikai City,City,,Saikai City,nagasaki,kyuushuu,1,,,Published
unzen-city,Unzen City,City,,Unzen City,nagasaki,kyuushuu,1,,,Published
nagayo-town,Nagayo Town,Town,,Nagayo Town,nagasaki,kyuushuu,1,,,Published
togitsu-town,Togitsu Town,Town,,Togitsu Town,nagasaki,kyuushuu,1,,,Published
higashisonogi-town,Higashisonogi Town,Town,,Higashisonogi Town,nagasaki,kyuushuu,1,,,Published
kawatana-town,Kawatana Town,Town,,Kawatana Town,nagasaki,kyuushuu,1,,,Published
hasami-town,Hasami Town,Town,,Hasami Town,nagasaki,kyuushuu,1,,,Published
ojika-town,Ojika Town,Town,,Ojika Town,nagasaki,kyuushuu,1,,,Published
saza-town,Saza Town,Town,,Saza Town,nagasaki,kyuushuu,1,,,Published
shinkamigoto-town,Shinkamigoto Town,Town,,Shinkamigoto Town,nagasaki,kyuushuu,1,,,Published
kumamoto-city,Kumamoto City,City,,Kumamoto City,kumamoto,kyuushuu,1,,,Published
yatsushiro-city,Yatsushiro City,City,,Yatsushiro City,kumamoto,kyuushuu,1,,,Published
amakusa-city,Amakusa City,City,,Amakusa City,kumamoto,kyuushuu,1,,,Published
tamana-city,Tamana City,City,,Tamana City,kumamoto,kyuushuu,1,,,Published
k-shi-city,Kōshi City,City,,Kōshi City,kumamoto,kyuushuu,1,,,Published
uki-city,Uki City,City,,Uki City,kumamoto,kyuushuu,1,,,Published
aso-city,Aso City,City,,Aso City,kumamoto,kyuushuu,1,,,Published
hitoyoshi-city,Hitoyoshi City,City,,Hitoyoshi City,kumamoto,kyuushuu,1,,,Published
kami-amakusa-city,Kami-Amakusa City,City,,Kami-Amakusa City,kumamoto,kyuushuu,1,,,Published
kikuchi-city,Kikuchi City,City,,Kikuchi City,kumamoto,kyuushuu,1,,,Published
minamata-city,Minamata City,City,,Minamata City,kumamoto,kyuushuu,1,,,Published
uto-city,Uto City,City,,Uto City,kumamoto,kyuushuu,1,,,Published
yamaga-city,Yamaga City,City,,Yamaga City,kumamoto,kyuushuu,1,,,Published
arao-city,Arao City,City,,Arao City,kumamoto,kyuushuu,1,,,Published
mashiki-town,Mashiki Town,Town,,Mashiki Town,kumamoto,kyuushuu,1,,,Published
mifune-town,Mifune Town,Town,,Mifune Town,kumamoto,kyuushuu,1,,,Published
minamioguni-town,Minamioguni Town,Town,,Minamioguni Town,kumamoto,kyuushuu,1,,,Published
nagasu-town,Nagasu Town,Town,,Nagasu Town,kumamoto,kyuushuu,1,,,Published
nagomi-town,Nagomi Town,Town,,Nagomi Town,kumamoto,kyuushuu,1,,,Published
nankan-town,Nankan Town,Town,,Nankan Town,kumamoto,kyuushuu,1,,,Published
nishiki-town,Nishiki Town,Town,,Nishiki Town,kumamoto,kyuushuu,1,,,Published
ozu-town,Ozu Town,Town,,Ozu Town,kumamoto,kyuushuu,1,,,Published
kikuyo-town,Kikuyo Town,Town,,Kikuyo Town,kumamoto,kyuushuu,1,,,Published
kosa-town,Kosa Town,Town,,Kosa Town,kumamoto,kyuushuu,1,,,Published
yamato-town,Yamato Town,Town,,Yamato Town,kumamoto,kyuushuu,1,,,Published
hikawa-town,Hikawa Town,Town,,Hikawa Town,kumamoto,kyuushuu,1,,,Published
ashikita-town,Ashikita Town,Town,,Ashikita Town,kumamoto,kyuushuu,1,,,Published
tsunagi-town,Tsunagi Town,Town,,Tsunagi Town,kumamoto,kyuushuu,1,,,Published
asagiri-town,Asagiri Town,Town,,Asagiri Town,kumamoto,kyuushuu,1,,,Published
taragi-town,Taragi Town,Town,,Taragi Town,kumamoto,kyuushuu,1,,,Published
yunomae-town,Yunomae Town,Town,,Yunomae Town,kumamoto,kyuushuu,1,,,Published
mizukami-village,Mizukami Village,City,,Mizukami Village,kumamoto,kyuushuu,1,,,Published
sagara-village,Sagara Village,City,,Sagara Village,kumamoto,kyuushuu,1,,,Published
itsuki-village,Itsuki Village,City,,Itsuki Village,kumamoto,kyuushuu,1,,,Published
yamae-village,Yamae Village,City,,Yamae Village,kumamoto,kyuushuu,1,,,Published
kuma-village,Kuma Village,City,,Kuma Village,kumamoto,kyuushuu,1,,,Published
reihoku-town,Reihoku Town,Town,,Reihoku Town,kumamoto,kyuushuu,1,,,Published
nishihara-village,Nishihara Village,City,,Nishihara Village,kumamoto,kyuushuu,1,,,Published
minamiaso-village,Minamiaso Village,City,,Minamiaso Village,kumamoto,kyuushuu,1,,,Published
ubuyama-village,Ubuyama Village,City,,Ubuyama Village,kumamoto,kyuushuu,1,,,Published
gyokuto-town,Gyokuto Town,Town,,Gyokuto Town,kumamoto,kyuushuu,1,,,Published
kashima-town,Kashima Town,Town,,Kashima Town,kumamoto,kyuushuu,1,,,Published
beppu-city,Beppu City,City,,Beppu City,oita,kyuushuu,1,,,Published
bungo-no-city,Bungo-Ōno City,City,,Bungo-Ōno City,oita,kyuushuu,1,,,Published
bungotakada-city,Bungotakada City,City,,Bungotakada City,oita,kyuushuu,1,,,Published
hita-city,Hita City,City,,Hita City,oita,kyuushuu,1,,,Published
kitsuki-city,Kitsuki City,City,,Kitsuki City,oita,kyuushuu,1,,,Published
kunisaki-city,Kunisaki City,City,,Kunisaki City,oita,kyuushuu,1,,,Published
nakatsu-city,Nakatsu City,City,,Nakatsu City,oita,kyuushuu,1,,,Published
ita-city,Ōita City,City,,Ōita City,oita,kyuushuu,1,,,Published
saiki-city,Saiki City,City,,Saiki City,oita,kyuushuu,1,,,Published
taketa-city,Taketa City,City,,Taketa City,oita,kyuushuu,1,,,Published
tsukumi-city,Tsukumi City,City,,Tsukumi City,oita,kyuushuu,1,,,Published
usa-city,Usa City,City,,Usa City,oita,kyuushuu,1,,,Published
usuki-city,Usuki City,City,,Usuki City,oita,kyuushuu,1,,,Published
yufu-city,Yufu City,City,,Yufu City,oita,kyuushuu,1,,,Published
hiji-town,Hiji Town,Town,,Hiji Town,oita,kyuushuu,1,,,Published
himeshima-village,Himeshima Village,City,,Himeshima Village,oita,kyuushuu,1,,,Published
kokonoe-town,Kokonoe Town,Town,,Kokonoe Town,oita,kyuushuu,1,,,Published
kusu-town,Kusu Town,Town,,Kusu Town,oita,kyuushuu,1,,,Published
aya-town,Aya Town,Town,,Aya Town,miyazaki,kyuushuu,1,,,Published
ebino-city,Ebino City,City,,Ebino City,miyazaki,kyuushuu,1,,,Published
kadogawa-town,Kadogawa Town,Town,,Kadogawa Town,miyazaki,kyuushuu,1,,,Published
kawaminami-town,Kawaminami Town,Town,,Kawaminami Town,miyazaki,kyuushuu,1,,,Published
kijo-town,Kijo Town,Town,,Kijo Town,miyazaki,kyuushuu,1,,,Published
kushima-city,Kushima City,City,,Kushima City,miyazaki,kyuushuu,1,,,Published
kunitomi-town,Kunitomi Town,Town,,Kunitomi Town,miyazaki,kyuushuu,1,,,Published
gokase-town,Gokase Town,Town,,Gokase Town,miyazaki,kyuushuu,1,,,Published
kobayashi-city,Kobayashi City,City,,Kobayashi City,miyazaki,kyuushuu,1,,,Published
saito-city,Saito City,City,,Saito City,miyazaki,kyuushuu,1,,,Published
shiiba-village,Shiiba Village,City,,Shiiba Village,miyazaki,kyuushuu,1,,,Published
shintomi-town,Shintomi Town,Town,,Shintomi Town,miyazaki,kyuushuu,1,,,Published
takachiho-town,Takachiho Town,Town,,Takachiho Town,miyazaki,kyuushuu,1,,,Published
takanabe-town,Takanabe Town,Town,,Takanabe Town,miyazaki,kyuushuu,1,,,Published
takaharu-town,Takaharu Town,Town,,Takaharu Town,miyazaki,kyuushuu,1,,,Published
nishimera-village,Nishimera Village,City,,Nishimera Village,miyazaki,kyuushuu,1,,,Published
nichinan-city,Nichinan City,City,,Nichinan City,miyazaki,kyuushuu,1,,,Published
nobeoka-city,Nobeoka City,City,,Nobeoka City,miyazaki,kyuushuu,1,,,Published
hinokage-town,Hinokage Town,Town,,Hinokage Town,miyazaki,kyuushuu,1,,,Published
hyuga-city,Hyuga City,City,,Hyuga City,miyazaki,kyuushuu,1,,,Published
mimata-town,Mimata Town,Town,,Mimata Town,miyazaki,kyuushuu,1,,,Published
miyakonojo-city,Miyakonojo City,City,,Miyakonojo City,miyazaki,kyuushuu,1,,,Published
miyazaki-city,Miyazaki City,City,,Miyazaki City,miyazaki,kyuushuu,1,,,Published
morotsuka-village,Morotsuka Village,City,,Morotsuka Village,miyazaki,kyuushuu,1,,,Published
aira-city,Aira City,City,,Aira City,kagoshima,kyuushuu,1,,,Published
akune-city,Akune City,City,,Akune City,kagoshima,kyuushuu,1,,,Published
amagi-town,Amagi Town,Town,,Amagi Town,kagoshima,kyuushuu,1,,,Published
amami-city,Amami City,City,,Amami City,kagoshima,kyuushuu,1,,,Published
isa-city,Isa City,City,,Isa City,kagoshima,kyuushuu,1,,,Published
isen-town,Isen Town,Town,,Isen Town,kagoshima,kyuushuu,1,,,Published
ichikikushikino-city,Ichikikushikino City,City,,Ichikikushikino City,kagoshima,kyuushuu,1,,,Published
ibusuki-city,Ibusuki City,City,,Ibusuki City,kagoshima,kyuushuu,1,,,Published
uken-village,Uken Village,City,,Uken Village,kagoshima,kyuushuu,1,,,Published
osaki-town,Osaki Town,Town,,Osaki Town,kagoshima,kyuushuu,1,,,Published
kagoshima-city,Kagoshima City,City,,Kagoshima City,kagoshima,kyuushuu,1,,,Published
kanoya-city,Kanoya City,City,,Kanoya City,kagoshima,kyuushuu,1,,,Published
kikai-town,Kikai Town,Town,,Kikai Town,kagoshima,kyuushuu,1,,,Published
kimotsuki-town,Kimotsuki Town,Town,,Kimotsuki Town,kagoshima,kyuushuu,1,,,Published
kirishima-city,Kirishima City,City,,Kirishima City,kagoshima,kyuushuu,1,,,Published
kinko-town,Kinko Town,Town,,Kinko Town,kagoshima,kyuushuu,1,,,Published
satsumasendai-city,Satsumasendai City,City,,Satsumasendai City,kagoshima,kyuushuu,1,,,Published
satsuma-town,Satsuma Town,Town,,Satsuma Town,kagoshima,kyuushuu,1,,,Published
shibushi-city,Shibushi City,City,,Shibushi City,kagoshima,kyuushuu,1,,,Published
setouchi-town,Setouchi Town,Town,,Setouchi Town,kagoshima,kyuushuu,1,,,Published
soo-city,Soo City,City,,Soo City,kagoshima,kyuushuu,1,,,Published
tatsugo-town,Tatsugo Town,Town,,Tatsugo Town,kagoshima,kyuushuu,1,,,Published
tarumizu-city,Tarumizu City,City,,Tarumizu City,kagoshima,kyuushuu,1,,,Published
china-town,China Town,Town,,China Town,kagoshima,kyuushuu,1,,,Published
tokunoshima-town,Tokunoshima Town,Town,,Tokunoshima Town,kagoshima,kyuushuu,1,,,Published
nagashima-town,Nagashima Town,Town,,Nagashima Town,kagoshima,kyuushuu,1,,,Published
nakatane-town,Nakatane Town,Town,,Nakatane Town,kagoshima,kyuushuu,1,,,Published
nishinoomote-city,Nishinoomote City,City,,Nishinoomote City,kagoshima,kyuushuu,1,,,Published
hioki-city,Hioki City,City,,Hioki City,kagoshima,kyuushuu,1,,,Published
higashikushira-town,Higashikushira Town,Town,,Higashikushira Town,kagoshima,kyuushuu,1,,,Published
makurazaki-city,Makurazaki City,City,,Makurazaki City,kagoshima,kyuushuu,1,,,Published
mishima-village,Mishima Village,City,,Mishima Village,kagoshima,kyuushuu,1,,,Published
minamiosumi-town,Minamiosumi Town,Town,,Minamiosumi Town,kagoshima,kyuushuu,1,,,Published
minamikyushu-city,Minamikyushu City,City,,Minamikyushu City,kagoshima,kyuushuu,1,,,Published
minamisatsuma-city,Minamisatsuma City,City,,Minamisatsuma City,kagoshima,kyuushuu,1,,,Published
minamitane-town,Minamitane Town,Town,,Minamitane Town,kagoshima,kyuushuu,1,,,Published
yakushima-town,Yakushima Town,Town,,Yakushima Town,kagoshima,kyuushuu,1,,,Published
yamato-village,Yamato Village,City,,Yamato Village,kagoshima,kyuushuu,1,,,Published
yusui-town,Yusui Town,Town,,Yusui Town,kagoshima,kyuushuu,1,,,Published
yoron-town,Yoron Town,Town,,Yoron Town,kagoshima,kyuushuu,1,,,Published
wadomari-town,Wadomari Town,Town,,Wadomari Town,kagoshima,kyuushuu,1,,,Published
aguni-village,Aguni Village,City,,Aguni Village,okinawa,okinawa,1,,,Published
ie-village,Ie Village,City,,Ie Village,okinawa,okinawa,1,,,Published
ishigaki-city,Ishigaki City,City,,Ishigaki City,okinawa,okinawa,1,,,Published
izena-village,Izena Village,City,,Izena Village,okinawa,okinawa,1,,,Published
itoman-city,Itoman City,City,,Itoman City,okinawa,okinawa,1,,,Published
iheya-village,Iheya Village,City,,Iheya Village,okinawa,okinawa,1,,,Published
urasoe-city,Urasoe City,City,,Urasoe City,okinawa,okinawa,1,,,Published
uruma-city,Uruma City,City,,Uruma City,okinawa,okinawa,1,,,Published
ogimi-village,Ogimi Village,City,,Ogimi Village,okinawa,okinawa,1,,,Published
okinawa-city,Okinawa City,City,,Okinawa City,okinawa,okinawa,1,,,Published
onna-village,Onna Village,City,,Onna Village,okinawa,okinawa,1,,,Published
kadena-town,Kadena Town,Town,,Kadena Town,okinawa,okinawa,1,,,Published
kitadaito-village,Kitadaito Village,City,,Kitadaito Village,okinawa,okinawa,1,,,Published
kitanakagusuku-village,Kitanakagusuku Village,City,,Kitanakagusuku Village,okinawa,okinawa,1,,,Published
ginoza-village,Ginoza Village,City,,Ginoza Village,okinawa,okinawa,1,,,Published
ginowan-city,Ginowan City,City,,Ginowan City,okinawa,okinawa,1,,,Published
kin-town,Kin Town,Town,,Kin Town,okinawa,okinawa,1,,,Published
kunigami-village,Kunigami Village,City,,Kunigami Village,okinawa,okinawa,1,,,Published
kumejima-town,Kumejima Town,Town,,Kumejima Town,okinawa,okinawa,1,,,Published
zamami-village,Zamami Village,City,,Zamami Village,okinawa,okinawa,1,,,Published
taketomi-town,Taketomi Town,Town,,Taketomi Town,okinawa,okinawa,1,,,Published
tarama-village,Tarama Village,City,,Tarama Village,okinawa,okinawa,1,,,Published
chatan-town,Chatan Town,Town,,Chatan Town,okinawa,okinawa,1,,,Published
tokashiki-village,Tokashiki Village,City,,Tokashiki Village,okinawa,okinawa,1,,,Published
tonaki-village,Tonaki Village,City,,Tonaki Village,okinawa,okinawa,1,,,Published
tomigusuku-city,Tomigusuku City,City,,Tomigusuku City,okinawa,okinawa,1,,,Published
nakagusuku-village,Nakagusuku Village,City,,Nakagusuku Village,okinawa,okinawa,1,,,Published
nakijin-village,Nakijin Village,City,,Nakijin Village,okinawa,okinawa,1,,,Published
nago-city,Nago City,City,,Nago City,okinawa,okinawa,1,,,Published
naha-city,Naha City,City,,Naha City,okinawa,okinawa,1,,,Published
nanjo-city,Nanjo City,City,,Nanjo City,okinawa,okinawa,1,,,Published
nishihara-town,Nishihara Town,Town,,Nishihara Town,okinawa,okinawa,1,,,Published
haebaru-town,Haebaru Town,Town,,Haebaru Town,okinawa,okinawa,1,,,Published
higashi-village,Higashi Village,City,,Higashi Village,okinawa,okinawa,1,,,Published
minamidaito-village,Minamidaito Village,City,,Minamidaito Village,okinawa,okinawa,1,,,Published
miyakojima-city,Miyakojima City,City,,Miyakojima City,okinawa,okinawa,1,,,Published
motobu-town,Motobu Town,Town,,Motobu Town,okinawa,okinawa,1,,,Published
yaese-town,Yaese Town,Town,,Yaese Town,okinawa,okinawa,1,,,Published
yonaguni-town,Yonaguni Town,Town,,Yonaguni Town,okinawa,okinawa,1,,,Published
yonabaru-town,Yonabaru Town,Town,,Yonabaru Town,okinawa,okinawa,1,,,Published
yomitan-village,Yomitan Village,City,,Yomitan Village,okinawa,okinawa,1,,,Published